# Blender 5.1.2
# www.blender.org
mtllib Bumper.mtl
o Bumper
v 0.000000 -1.000000 -0.039099
v 0.000000 -0.580000 -0.460000
v 0.000000 -0.985689 -0.148036
v 0.000000 -0.943731 -0.249549
v 0.000000 -0.876985 -0.336721
v 0.000000 -0.790000 -0.403610
v 0.000000 -0.688704 -0.445658
v 0.000000 1.000000 -0.039099
v 0.000000 0.580000 -0.460000
v 0.000000 0.985689 -0.148036
v 0.000000 0.943731 -0.249549
v 0.000000 0.876985 -0.336721
v 0.000000 0.790000 -0.403610
v 0.000000 0.688704 -0.445658
v 0.005103 -1.000000 -0.038764
v 0.060042 -0.580000 -0.456065
v 0.019323 -0.985689 -0.146770
v 0.032573 -0.943731 -0.247414
v 0.043951 -0.876985 -0.333840
v 0.052682 -0.790000 -0.400157
v 0.058170 -0.688704 -0.441845
v 0.005103 1.000000 -0.038764
v 0.060042 0.580000 -0.456065
v 0.019323 0.985689 -0.146770
v 0.032573 0.943731 -0.247414
v 0.043951 0.876985 -0.333840
v 0.052682 0.790000 -0.400157
v 0.058170 0.688704 -0.441845
v 0.010120 -1.000000 -0.037767
v 0.119057 -0.580000 -0.444326
v 0.038315 -0.985689 -0.142992
v 0.064588 -0.943731 -0.241046
v 0.087150 -0.876985 -0.325247
v 0.104462 -0.790000 -0.389857
v 0.115345 -0.688704 -0.430473
v 0.010120 1.000000 -0.037767
v 0.119057 0.580000 -0.444326
v 0.038315 0.985689 -0.142992
v 0.064588 0.943731 -0.241046
v 0.087150 0.876985 -0.325247
v 0.104462 0.790000 -0.389857
v 0.115345 0.688704 -0.430473
v 0.014963 -1.000000 -0.036123
v 0.176034 -0.580000 -0.424985
v 0.056651 -0.985689 -0.136767
v 0.095498 -0.943731 -0.230554
v 0.128858 -0.876985 -0.311090
v 0.154455 -0.790000 -0.372887
v 0.170546 -0.688704 -0.411734
v 0.014963 1.000000 -0.036123
v 0.176034 0.580000 -0.424985
v 0.056651 0.985689 -0.136767
v 0.095498 0.943731 -0.230554
v 0.128858 0.876985 -0.311090
v 0.154455 0.790000 -0.372887
v 0.170546 0.688704 -0.411734
v 0.019549 -1.000000 -0.033861
v 0.230000 -0.580000 -0.398372
v 0.074018 -0.985689 -0.128203
v 0.124775 -0.943731 -0.216116
v 0.168360 -0.876985 -0.291609
v 0.201805 -0.790000 -0.349536
v 0.222829 -0.688704 -0.385951
v 0.019549 1.000000 -0.033861
v 0.230000 0.580000 -0.398372
v 0.074018 0.985689 -0.128203
v 0.124775 0.943731 -0.216116
v 0.168360 0.876985 -0.291609
v 0.201805 0.790000 -0.349536
v 0.222829 0.688704 -0.385951
v 0.023802 -1.000000 -0.031019
v 0.280030 -0.580000 -0.364943
v 0.090119 -0.985689 -0.117445
v 0.151916 -0.943731 -0.197981
v 0.204983 -0.876985 -0.267139
v 0.245702 -0.790000 -0.320205
v 0.271299 -0.688704 -0.353564
v 0.023802 1.000000 -0.031019
v 0.280030 0.580000 -0.364943
v 0.090119 0.985689 -0.117445
v 0.151916 0.943731 -0.197981
v 0.204983 0.876985 -0.267139
v 0.245702 0.790000 -0.320205
v 0.271299 0.688704 -0.353564
v 0.027647 -1.000000 -0.027647
v 0.325269 -0.580000 -0.325269
v 0.104677 -0.985689 -0.104677
v 0.176458 -0.943731 -0.176458
v 0.238098 -0.876985 -0.238098
v 0.285395 -0.790000 -0.285395
v 0.315128 -0.688704 -0.315128
v 0.027647 1.000000 -0.027647
v 0.325269 0.580000 -0.325269
v 0.104677 0.985689 -0.104677
v 0.176458 0.943731 -0.176458
v 0.238098 0.876985 -0.238098
v 0.285395 0.790000 -0.285395
v 0.315128 0.688704 -0.315128
v 0.031019 -1.000000 -0.023802
v 0.364943 -0.580000 -0.280030
v 0.117445 -0.985689 -0.090119
v 0.197981 -0.943731 -0.151916
v 0.267139 -0.876985 -0.204983
v 0.320205 -0.790000 -0.245702
v 0.353564 -0.688704 -0.271299
v 0.031019 1.000000 -0.023802
v 0.364943 0.580000 -0.280030
v 0.117445 0.985689 -0.090119
v 0.197981 0.943731 -0.151916
v 0.267139 0.876985 -0.204983
v 0.320205 0.790000 -0.245702
v 0.353564 0.688704 -0.271299
v 0.033861 -1.000000 -0.019549
v 0.398372 -0.580000 -0.230000
v 0.128203 -0.985689 -0.074018
v 0.216116 -0.943731 -0.124775
v 0.291609 -0.876985 -0.168360
v 0.349536 -0.790000 -0.201805
v 0.385951 -0.688704 -0.222829
v 0.033861 1.000000 -0.019549
v 0.398372 0.580000 -0.230000
v 0.128203 0.985689 -0.074018
v 0.216116 0.943731 -0.124775
v 0.291609 0.876985 -0.168360
v 0.349536 0.790000 -0.201805
v 0.385951 0.688704 -0.222829
v 0.036123 -1.000000 -0.014963
v 0.424985 -0.580000 -0.176034
v 0.136767 -0.985689 -0.056651
v 0.230554 -0.943731 -0.095498
v 0.311090 -0.876985 -0.128858
v 0.372887 -0.790000 -0.154455
v 0.411734 -0.688704 -0.170546
v 0.036123 1.000000 -0.014963
v 0.424985 0.580000 -0.176034
v 0.136767 0.985689 -0.056651
v 0.230554 0.943731 -0.095498
v 0.311090 0.876985 -0.128858
v 0.372887 0.790000 -0.154455
v 0.411734 0.688704 -0.170546
v 0.037767 -1.000000 -0.010120
v 0.444326 -0.580000 -0.119057
v 0.142992 -0.985689 -0.038315
v 0.241046 -0.943731 -0.064588
v 0.325247 -0.876985 -0.087150
v 0.389857 -0.790000 -0.104462
v 0.430473 -0.688704 -0.115345
v 0.037767 1.000000 -0.010120
v 0.444326 0.580000 -0.119057
v 0.142992 0.985689 -0.038315
v 0.241046 0.943731 -0.064588
v 0.325247 0.876985 -0.087150
v 0.389857 0.790000 -0.104462
v 0.430473 0.688704 -0.115345
v 0.038764 -1.000000 -0.005103
v 0.456065 -0.580000 -0.060042
v 0.146770 -0.985689 -0.019323
v 0.247414 -0.943731 -0.032573
v 0.333840 -0.876985 -0.043951
v 0.400157 -0.790000 -0.052682
v 0.441845 -0.688704 -0.058170
v 0.038764 1.000000 -0.005103
v 0.456065 0.580000 -0.060042
v 0.146770 0.985689 -0.019323
v 0.247414 0.943731 -0.032573
v 0.333840 0.876985 -0.043951
v 0.400157 0.790000 -0.052682
v 0.441845 0.688704 -0.058170
v 0.039099 -1.000000 0.000000
v 0.460000 -0.580000 0.000000
v 0.148036 -0.985689 0.000000
v 0.249549 -0.943731 0.000000
v 0.336721 -0.876985 0.000000
v 0.403610 -0.790000 0.000000
v 0.445658 -0.688704 0.000000
v 0.039099 1.000000 0.000000
v 0.460000 0.580000 0.000000
v 0.148036 0.985689 0.000000
v 0.249549 0.943731 0.000000
v 0.336721 0.876985 0.000000
v 0.403610 0.790000 0.000000
v 0.445658 0.688704 0.000000
v 0.038764 -1.000000 0.005103
v 0.456065 -0.580000 0.060042
v 0.146770 -0.985689 0.019323
v 0.247414 -0.943731 0.032573
v 0.333840 -0.876985 0.043951
v 0.400157 -0.790000 0.052682
v 0.441845 -0.688704 0.058170
v 0.038764 1.000000 0.005103
v 0.456065 0.580000 0.060042
v 0.146770 0.985689 0.019323
v 0.247414 0.943731 0.032573
v 0.333840 0.876985 0.043951
v 0.400157 0.790000 0.052682
v 0.441845 0.688704 0.058170
v 0.037767 -1.000000 0.010120
v 0.444326 -0.580000 0.119057
v 0.142992 -0.985689 0.038315
v 0.241046 -0.943731 0.064588
v 0.325247 -0.876985 0.087150
v 0.389857 -0.790000 0.104462
v 0.430473 -0.688704 0.115345
v 0.037767 1.000000 0.010120
v 0.444326 0.580000 0.119057
v 0.142992 0.985689 0.038315
v 0.241046 0.943731 0.064588
v 0.325247 0.876985 0.087150
v 0.389857 0.790000 0.104462
v 0.430473 0.688704 0.115345
v 0.036123 -1.000000 0.014963
v 0.424985 -0.580000 0.176034
v 0.136767 -0.985689 0.056651
v 0.230554 -0.943731 0.095498
v 0.311090 -0.876985 0.128858
v 0.372887 -0.790000 0.154455
v 0.411734 -0.688704 0.170546
v 0.036123 1.000000 0.014963
v 0.424985 0.580000 0.176034
v 0.136767 0.985689 0.056651
v 0.230554 0.943731 0.095498
v 0.311090 0.876985 0.128858
v 0.372887 0.790000 0.154455
v 0.411734 0.688704 0.170546
v 0.033861 -1.000000 0.019549
v 0.398372 -0.580000 0.230000
v 0.128203 -0.985689 0.074018
v 0.216116 -0.943731 0.124775
v 0.291609 -0.876985 0.168360
v 0.349536 -0.790000 0.201805
v 0.385951 -0.688704 0.222829
v 0.033861 1.000000 0.019549
v 0.398372 0.580000 0.230000
v 0.128203 0.985689 0.074018
v 0.216116 0.943731 0.124775
v 0.291609 0.876985 0.168360
v 0.349536 0.790000 0.201805
v 0.385951 0.688704 0.222829
v 0.031019 -1.000000 0.023802
v 0.364943 -0.580000 0.280030
v 0.117445 -0.985689 0.090119
v 0.197981 -0.943731 0.151916
v 0.267139 -0.876985 0.204983
v 0.320205 -0.790000 0.245702
v 0.353564 -0.688704 0.271299
v 0.031019 1.000000 0.023802
v 0.364943 0.580000 0.280030
v 0.117445 0.985689 0.090119
v 0.197981 0.943731 0.151916
v 0.267139 0.876985 0.204983
v 0.320205 0.790000 0.245702
v 0.353564 0.688704 0.271299
v 0.027647 -1.000000 0.027647
v 0.325269 -0.580000 0.325269
v 0.104677 -0.985689 0.104677
v 0.176458 -0.943731 0.176458
v 0.238098 -0.876985 0.238098
v 0.285395 -0.790000 0.285395
v 0.315128 -0.688704 0.315128
v 0.027647 1.000000 0.027647
v 0.325269 0.580000 0.325269
v 0.104677 0.985689 0.104677
v 0.176458 0.943731 0.176458
v 0.238098 0.876985 0.238098
v 0.285395 0.790000 0.285395
v 0.315128 0.688704 0.315128
v 0.023802 -1.000000 0.031019
v 0.280030 -0.580000 0.364943
v 0.090119 -0.985689 0.117445
v 0.151916 -0.943731 0.197981
v 0.204983 -0.876985 0.267139
v 0.245702 -0.790000 0.320205
v 0.271299 -0.688704 0.353564
v 0.023802 1.000000 0.031019
v 0.280030 0.580000 0.364943
v 0.090119 0.985689 0.117445
v 0.151916 0.943731 0.197981
v 0.204983 0.876985 0.267139
v 0.245702 0.790000 0.320205
v 0.271299 0.688704 0.353564
v 0.019549 -1.000000 0.033861
v 0.230000 -0.580000 0.398372
v 0.074018 -0.985689 0.128203
v 0.124775 -0.943731 0.216116
v 0.168360 -0.876985 0.291609
v 0.201805 -0.790000 0.349536
v 0.222829 -0.688704 0.385951
v 0.019549 1.000000 0.033861
v 0.230000 0.580000 0.398372
v 0.074018 0.985689 0.128203
v 0.124775 0.943731 0.216116
v 0.168360 0.876985 0.291609
v 0.201805 0.790000 0.349536
v 0.222829 0.688704 0.385951
v 0.014963 -1.000000 0.036123
v 0.176034 -0.580000 0.424985
v 0.056651 -0.985689 0.136767
v 0.095498 -0.943731 0.230554
v 0.128858 -0.876985 0.311090
v 0.154455 -0.790000 0.372887
v 0.170546 -0.688704 0.411734
v 0.014963 1.000000 0.036123
v 0.176034 0.580000 0.424985
v 0.056651 0.985689 0.136767
v 0.095498 0.943731 0.230554
v 0.128858 0.876985 0.311090
v 0.154455 0.790000 0.372887
v 0.170546 0.688704 0.411734
v 0.010120 -1.000000 0.037767
v 0.119057 -0.580000 0.444326
v 0.038315 -0.985689 0.142992
v 0.064588 -0.943731 0.241046
v 0.087150 -0.876985 0.325247
v 0.104462 -0.790000 0.389857
v 0.115345 -0.688704 0.430473
v 0.010120 1.000000 0.037767
v 0.119057 0.580000 0.444326
v 0.038315 0.985689 0.142992
v 0.064588 0.943731 0.241046
v 0.087150 0.876985 0.325247
v 0.104462 0.790000 0.389857
v 0.115345 0.688704 0.430473
v 0.005103 -1.000000 0.038764
v 0.060042 -0.580000 0.456065
v 0.019323 -0.985689 0.146770
v 0.032573 -0.943731 0.247414
v 0.043951 -0.876985 0.333840
v 0.052682 -0.790000 0.400157
v 0.058170 -0.688704 0.441845
v 0.005103 1.000000 0.038764
v 0.060042 0.580000 0.456065
v 0.019323 0.985689 0.146770
v 0.032573 0.943731 0.247414
v 0.043951 0.876985 0.333840
v 0.052682 0.790000 0.400157
v 0.058170 0.688704 0.441845
v 0.000000 -1.000000 0.039099
v 0.000000 -0.580000 0.460000
v 0.000000 -0.985689 0.148036
v 0.000000 -0.943731 0.249549
v 0.000000 -0.876985 0.336721
v 0.000000 -0.790000 0.403610
v 0.000000 -0.688704 0.445658
v 0.000000 1.000000 0.039099
v 0.000000 0.580000 0.460000
v 0.000000 0.985689 0.148036
v 0.000000 0.943731 0.249549
v 0.000000 0.876985 0.336721
v 0.000000 0.790000 0.403610
v 0.000000 0.688704 0.445658
v -0.005103 -1.000000 0.038764
v -0.060042 -0.580000 0.456065
v -0.019323 -0.985689 0.146770
v -0.032573 -0.943731 0.247414
v -0.043951 -0.876985 0.333840
v -0.052682 -0.790000 0.400157
v -0.058170 -0.688704 0.441845
v -0.005103 1.000000 0.038764
v -0.060042 0.580000 0.456065
v -0.019323 0.985689 0.146770
v -0.032573 0.943731 0.247414
v -0.043951 0.876985 0.333840
v -0.052682 0.790000 0.400157
v -0.058170 0.688704 0.441845
v -0.010120 -1.000000 0.037767
v -0.119057 -0.580000 0.444326
v -0.038315 -0.985689 0.142992
v -0.064588 -0.943731 0.241046
v -0.087150 -0.876985 0.325247
v -0.104462 -0.790000 0.389857
v -0.115345 -0.688704 0.430473
v -0.010120 1.000000 0.037767
v -0.119057 0.580000 0.444326
v -0.038315 0.985689 0.142992
v -0.064588 0.943731 0.241046
v -0.087150 0.876985 0.325247
v -0.104462 0.790000 0.389857
v -0.115345 0.688704 0.430473
v -0.014963 -1.000000 0.036123
v -0.176034 -0.580000 0.424985
v -0.056651 -0.985689 0.136767
v -0.095498 -0.943731 0.230554
v -0.128858 -0.876985 0.311090
v -0.154455 -0.790000 0.372887
v -0.170546 -0.688704 0.411734
v -0.014963 1.000000 0.036123
v -0.176034 0.580000 0.424985
v -0.056651 0.985689 0.136767
v -0.095498 0.943731 0.230554
v -0.128858 0.876985 0.311090
v -0.154455 0.790000 0.372887
v -0.170546 0.688704 0.411734
v -0.019549 -1.000000 0.033861
v -0.230000 -0.580000 0.398372
v -0.074018 -0.985689 0.128203
v -0.124775 -0.943731 0.216116
v -0.168360 -0.876985 0.291609
v -0.201805 -0.790000 0.349536
v -0.222829 -0.688704 0.385951
v -0.019549 1.000000 0.033861
v -0.230000 0.580000 0.398372
v -0.074018 0.985689 0.128203
v -0.124775 0.943731 0.216116
v -0.168360 0.876985 0.291609
v -0.201805 0.790000 0.349536
v -0.222829 0.688704 0.385951
v -0.023802 -1.000000 0.031019
v -0.280030 -0.580000 0.364943
v -0.090119 -0.985689 0.117445
v -0.151916 -0.943731 0.197981
v -0.204983 -0.876985 0.267139
v -0.245702 -0.790000 0.320205
v -0.271299 -0.688704 0.353564
v -0.023802 1.000000 0.031019
v -0.280030 0.580000 0.364943
v -0.090119 0.985689 0.117445
v -0.151916 0.943731 0.197981
v -0.204983 0.876985 0.267139
v -0.245702 0.790000 0.320205
v -0.271299 0.688704 0.353564
v -0.027647 -1.000000 0.027647
v -0.325269 -0.580000 0.325269
v -0.104677 -0.985689 0.104677
v -0.176458 -0.943731 0.176458
v -0.238098 -0.876985 0.238098
v -0.285395 -0.790000 0.285395
v -0.315128 -0.688704 0.315128
v -0.027647 1.000000 0.027647
v -0.325269 0.580000 0.325269
v -0.104677 0.985689 0.104677
v -0.176458 0.943731 0.176458
v -0.238098 0.876985 0.238098
v -0.285395 0.790000 0.285395
v -0.315128 0.688704 0.315128
v -0.031019 -1.000000 0.023802
v -0.364943 -0.580000 0.280030
v -0.117445 -0.985689 0.090119
v -0.197981 -0.943731 0.151916
v -0.267139 -0.876985 0.204983
v -0.320205 -0.790000 0.245702
v -0.353564 -0.688704 0.271299
v -0.031019 1.000000 0.023802
v -0.364943 0.580000 0.280030
v -0.117445 0.985689 0.090119
v -0.197981 0.943731 0.151916
v -0.267139 0.876985 0.204983
v -0.320205 0.790000 0.245702
v -0.353564 0.688704 0.271299
v -0.033861 -1.000000 0.019549
v -0.398372 -0.580000 0.230000
v -0.128203 -0.985689 0.074018
v -0.216116 -0.943731 0.124775
v -0.291609 -0.876985 0.168360
v -0.349536 -0.790000 0.201805
v -0.385951 -0.688704 0.222829
v -0.033861 1.000000 0.019549
v -0.398372 0.580000 0.230000
v -0.128203 0.985689 0.074018
v -0.216116 0.943731 0.124775
v -0.291609 0.876985 0.168360
v -0.349536 0.790000 0.201805
v -0.385951 0.688704 0.222829
v -0.036123 -1.000000 0.014963
v -0.424985 -0.580000 0.176034
v -0.136767 -0.985689 0.056651
v -0.230554 -0.943731 0.095498
v -0.311090 -0.876985 0.128858
v -0.372887 -0.790000 0.154455
v -0.411734 -0.688704 0.170546
v -0.036123 1.000000 0.014963
v -0.424985 0.580000 0.176034
v -0.136767 0.985689 0.056651
v -0.230554 0.943731 0.095498
v -0.311090 0.876985 0.128858
v -0.372887 0.790000 0.154455
v -0.411734 0.688704 0.170546
v -0.037767 -1.000000 0.010120
v -0.444326 -0.580000 0.119057
v -0.142992 -0.985689 0.038315
v -0.241046 -0.943731 0.064588
v -0.325247 -0.876985 0.087150
v -0.389857 -0.790000 0.104462
v -0.430473 -0.688704 0.115345
v -0.037767 1.000000 0.010120
v -0.444326 0.580000 0.119057
v -0.142992 0.985689 0.038315
v -0.241046 0.943731 0.064588
v -0.325247 0.876985 0.087150
v -0.389857 0.790000 0.104462
v -0.430473 0.688704 0.115345
v -0.038764 -1.000000 0.005103
v -0.456065 -0.580000 0.060042
v -0.146770 -0.985689 0.019323
v -0.247414 -0.943731 0.032573
v -0.333840 -0.876985 0.043951
v -0.400157 -0.790000 0.052682
v -0.441845 -0.688704 0.058170
v -0.038764 1.000000 0.005103
v -0.456065 0.580000 0.060042
v -0.146770 0.985689 0.019323
v -0.247414 0.943731 0.032573
v -0.333840 0.876985 0.043951
v -0.400157 0.790000 0.052682
v -0.441845 0.688704 0.058170
v -0.039099 -1.000000 0.000000
v -0.460000 -0.580000 0.000000
v -0.148036 -0.985689 0.000000
v -0.249549 -0.943731 0.000000
v -0.336721 -0.876985 0.000000
v -0.403610 -0.790000 0.000000
v -0.445658 -0.688704 0.000000
v -0.039099 1.000000 0.000000
v -0.460000 0.580000 0.000000
v -0.148036 0.985689 0.000000
v -0.249549 0.943731 0.000000
v -0.336721 0.876985 0.000000
v -0.403610 0.790000 0.000000
v -0.445658 0.688704 0.000000
v -0.038764 -1.000000 -0.005103
v -0.456065 -0.580000 -0.060042
v -0.146770 -0.985689 -0.019323
v -0.247414 -0.943731 -0.032573
v -0.333840 -0.876985 -0.043951
v -0.400157 -0.790000 -0.052682
v -0.441845 -0.688704 -0.058170
v -0.038764 1.000000 -0.005103
v -0.456065 0.580000 -0.060042
v -0.146770 0.985689 -0.019323
v -0.247414 0.943731 -0.032573
v -0.333840 0.876985 -0.043951
v -0.400157 0.790000 -0.052682
v -0.441845 0.688704 -0.058170
v -0.037767 -1.000000 -0.010120
v -0.444326 -0.580000 -0.119057
v -0.142992 -0.985689 -0.038315
v -0.241046 -0.943731 -0.064588
v -0.325247 -0.876985 -0.087150
v -0.389857 -0.790000 -0.104462
v -0.430473 -0.688704 -0.115345
v -0.037767 1.000000 -0.010120
v -0.444326 0.580000 -0.119057
v -0.142992 0.985689 -0.038315
v -0.241046 0.943731 -0.064588
v -0.325247 0.876985 -0.087150
v -0.389857 0.790000 -0.104462
v -0.430473 0.688704 -0.115345
v -0.036123 -1.000000 -0.014963
v -0.424985 -0.580000 -0.176034
v -0.136767 -0.985689 -0.056651
v -0.230554 -0.943731 -0.095498
v -0.311090 -0.876985 -0.128858
v -0.372887 -0.790000 -0.154455
v -0.411734 -0.688704 -0.170546
v -0.036123 1.000000 -0.014963
v -0.424985 0.580000 -0.176034
v -0.136767 0.985689 -0.056651
v -0.230554 0.943731 -0.095498
v -0.311090 0.876985 -0.128858
v -0.372887 0.790000 -0.154455
v -0.411734 0.688704 -0.170546
v -0.033861 -1.000000 -0.019549
v -0.398372 -0.580000 -0.230000
v -0.128203 -0.985689 -0.074018
v -0.216116 -0.943731 -0.124775
v -0.291609 -0.876985 -0.168360
v -0.349536 -0.790000 -0.201805
v -0.385951 -0.688704 -0.222829
v -0.033861 1.000000 -0.019549
v -0.398372 0.580000 -0.230000
v -0.128203 0.985689 -0.074018
v -0.216116 0.943731 -0.124775
v -0.291609 0.876985 -0.168360
v -0.349536 0.790000 -0.201805
v -0.385951 0.688704 -0.222829
v -0.031019 -1.000000 -0.023802
v -0.364943 -0.580000 -0.280030
v -0.117445 -0.985689 -0.090119
v -0.197981 -0.943731 -0.151916
v -0.267139 -0.876985 -0.204983
v -0.320205 -0.790000 -0.245702
v -0.353564 -0.688704 -0.271299
v -0.031019 1.000000 -0.023802
v -0.364943 0.580000 -0.280030
v -0.117445 0.985689 -0.090119
v -0.197981 0.943731 -0.151916
v -0.267139 0.876985 -0.204983
v -0.320205 0.790000 -0.245702
v -0.353564 0.688704 -0.271299
v -0.027647 -1.000000 -0.027647
v -0.325269 -0.580000 -0.325269
v -0.104677 -0.985689 -0.104677
v -0.176458 -0.943731 -0.176458
v -0.238098 -0.876985 -0.238098
v -0.285395 -0.790000 -0.285395
v -0.315128 -0.688704 -0.315128
v -0.027647 1.000000 -0.027647
v -0.325269 0.580000 -0.325269
v -0.104677 0.985689 -0.104677
v -0.176458 0.943731 -0.176458
v -0.238098 0.876985 -0.238098
v -0.285395 0.790000 -0.285395
v -0.315128 0.688704 -0.315128
v -0.023802 -1.000000 -0.031019
v -0.280030 -0.580000 -0.364943
v -0.090119 -0.985689 -0.117445
v -0.151916 -0.943731 -0.197981
v -0.204983 -0.876985 -0.267139
v -0.245702 -0.790000 -0.320205
v -0.271299 -0.688704 -0.353564
v -0.023802 1.000000 -0.031019
v -0.280030 0.580000 -0.364943
v -0.090119 0.985689 -0.117445
v -0.151916 0.943731 -0.197981
v -0.204983 0.876985 -0.267139
v -0.245702 0.790000 -0.320205
v -0.271299 0.688704 -0.353564
v -0.019549 -1.000000 -0.033861
v -0.230000 -0.580000 -0.398372
v -0.074018 -0.985689 -0.128203
v -0.124775 -0.943731 -0.216116
v -0.168360 -0.876985 -0.291609
v -0.201805 -0.790000 -0.349536
v -0.222829 -0.688704 -0.385951
v -0.019549 1.000000 -0.033861
v -0.230000 0.580000 -0.398372
v -0.074018 0.985689 -0.128203
v -0.124775 0.943731 -0.216116
v -0.168360 0.876985 -0.291609
v -0.201805 0.790000 -0.349536
v -0.222829 0.688704 -0.385951
v -0.014963 -1.000000 -0.036123
v -0.176034 -0.580000 -0.424985
v -0.056651 -0.985689 -0.136767
v -0.095498 -0.943731 -0.230554
v -0.128858 -0.876985 -0.311090
v -0.154455 -0.790000 -0.372887
v -0.170546 -0.688704 -0.411734
v -0.014963 1.000000 -0.036123
v -0.176034 0.580000 -0.424985
v -0.056651 0.985689 -0.136767
v -0.095498 0.943731 -0.230554
v -0.128858 0.876985 -0.311090
v -0.154455 0.790000 -0.372887
v -0.170546 0.688704 -0.411734
v -0.010120 -1.000000 -0.037767
v -0.119057 -0.580000 -0.444326
v -0.038315 -0.985689 -0.142992
v -0.064588 -0.943731 -0.241046
v -0.087150 -0.876985 -0.325247
v -0.104462 -0.790000 -0.389857
v -0.115345 -0.688704 -0.430473
v -0.010120 1.000000 -0.037767
v -0.119057 0.580000 -0.444326
v -0.038315 0.985689 -0.142992
v -0.064588 0.943731 -0.241046
v -0.087150 0.876985 -0.325247
v -0.104462 0.790000 -0.389857
v -0.115345 0.688704 -0.430473
v -0.005103 -1.000000 -0.038764
v -0.060042 -0.580000 -0.456065
v -0.019323 -0.985689 -0.146770
v -0.032573 -0.943731 -0.247414
v -0.043951 -0.876985 -0.333840
v -0.052682 -0.790000 -0.400157
v -0.058170 -0.688704 -0.441845
v -0.005103 1.000000 -0.038764
v -0.060042 0.580000 -0.456065
v -0.019323 0.985689 -0.146770
v -0.032573 0.943731 -0.247414
v -0.043951 0.876985 -0.333840
v -0.052682 0.790000 -0.400157
v -0.058170 0.688704 -0.441845
v 0.495000 0.000000 0.000000
v 0.487631 0.027500 0.000000
v 0.467500 0.047631 0.000000
v 0.440000 0.055000 0.000000
v 0.412500 0.047631 0.000000
v 0.392369 0.027500 0.000000
v 0.385000 0.000000 0.000000
v 0.392369 -0.027500 0.000000
v 0.412500 -0.047631 0.000000
v 0.440000 -0.055000 0.000000
v 0.467500 -0.047631 0.000000
v 0.487631 -0.027500 0.000000
v 0.490765 0.000000 -0.064610
v 0.483460 0.027500 -0.063649
v 0.463500 0.047631 -0.061021
v 0.436236 0.055000 -0.057432
v 0.408971 0.047631 -0.053842
v 0.389012 0.027500 -0.051214
v 0.381706 0.000000 -0.050253
v 0.389012 -0.027500 -0.051214
v 0.408971 -0.047631 -0.053842
v 0.436236 -0.055000 -0.057432
v 0.463500 -0.047631 -0.061021
v 0.483460 -0.027500 -0.063649
v 0.478133 0.000000 -0.128115
v 0.471016 0.027500 -0.126208
v 0.451570 0.047631 -0.120998
v 0.425007 0.055000 -0.113880
v 0.398444 0.047631 -0.106763
v 0.378999 0.027500 -0.101552
v 0.371881 0.000000 -0.099645
v 0.378999 -0.027500 -0.101552
v 0.398444 -0.047631 -0.106763
v 0.425007 -0.055000 -0.113880
v 0.451570 -0.047631 -0.120998
v 0.471016 -0.027500 -0.126208
v 0.457320 0.000000 -0.189428
v 0.450513 0.027500 -0.186608
v 0.431914 0.047631 -0.178904
v 0.406507 0.055000 -0.168381
v 0.381100 0.047631 -0.157857
v 0.362501 0.027500 -0.150153
v 0.355694 0.000000 -0.147333
v 0.362501 -0.027500 -0.150153
v 0.381100 -0.047631 -0.157857
v 0.406507 -0.055000 -0.168381
v 0.431914 -0.047631 -0.178904
v 0.450513 -0.027500 -0.186608
v 0.428683 0.000000 -0.247500
v 0.422301 0.027500 -0.243816
v 0.404867 0.047631 -0.233750
v 0.381051 0.055000 -0.220000
v 0.357235 0.047631 -0.206250
v 0.339801 0.027500 -0.196184
v 0.333420 0.000000 -0.192500
v 0.339801 -0.027500 -0.196184
v 0.357235 -0.047631 -0.206250
v 0.381051 -0.055000 -0.220000
v 0.404867 -0.047631 -0.233750
v 0.422301 -0.027500 -0.243816
v 0.392710 0.000000 -0.301337
v 0.386864 0.027500 -0.296851
v 0.370893 0.047631 -0.284596
v 0.349075 0.055000 -0.267855
v 0.327258 0.047631 -0.251114
v 0.311287 0.027500 -0.238859
v 0.305441 0.000000 -0.234373
v 0.311287 -0.027500 -0.238859
v 0.327258 -0.047631 -0.251114
v 0.349075 -0.055000 -0.267855
v 0.370893 -0.047631 -0.284596
v 0.386864 -0.027500 -0.296851
v 0.350018 0.000000 -0.350018
v 0.344807 0.027500 -0.344807
v 0.330572 0.047631 -0.330572
v 0.311127 0.055000 -0.311127
v 0.291682 0.047631 -0.291682
v 0.277446 0.027500 -0.277447
v 0.272236 0.000000 -0.272236
v 0.277446 -0.027500 -0.277447
v 0.291682 -0.047631 -0.291682
v 0.311127 -0.055000 -0.311127
v 0.330572 -0.047631 -0.330572
v 0.344807 -0.027500 -0.344807
v 0.301337 0.000000 -0.392710
v 0.296851 0.027500 -0.386864
v 0.284596 0.047631 -0.370893
v 0.267855 0.055000 -0.349075
v 0.251114 0.047631 -0.327258
v 0.238859 0.027500 -0.311287
v 0.234373 0.000000 -0.305441
v 0.238859 -0.027500 -0.311287
v 0.251114 -0.047631 -0.327258
v 0.267855 -0.055000 -0.349075
v 0.284596 -0.047631 -0.370893
v 0.296851 -0.027500 -0.386864
v 0.247500 0.000000 -0.428683
v 0.243816 0.027500 -0.422301
v 0.233750 0.047631 -0.404867
v 0.220000 0.055000 -0.381051
v 0.206250 0.047631 -0.357235
v 0.196184 0.027500 -0.339801
v 0.192500 0.000000 -0.333420
v 0.196184 -0.027500 -0.339801
v 0.206250 -0.047631 -0.357235
v 0.220000 -0.055000 -0.381051
v 0.233750 -0.047631 -0.404867
v 0.243816 -0.027500 -0.422301
v 0.189428 0.000000 -0.457320
v 0.186609 0.027500 -0.450513
v 0.178905 0.047631 -0.431914
v 0.168381 0.055000 -0.406507
v 0.157857 0.047631 -0.381100
v 0.150153 0.027500 -0.362501
v 0.147333 0.000000 -0.355694
v 0.150153 -0.027500 -0.362501
v 0.157857 -0.047631 -0.381100
v 0.168381 -0.055000 -0.406507
v 0.178905 -0.047631 -0.431914
v 0.186609 -0.027500 -0.450513
v 0.128115 0.000000 -0.478133
v 0.126208 0.027500 -0.471016
v 0.120998 0.047631 -0.451570
v 0.113880 0.055000 -0.425007
v 0.106763 0.047631 -0.398444
v 0.101552 0.027500 -0.378999
v 0.099645 0.000000 -0.371881
v 0.101552 -0.027500 -0.378999
v 0.106763 -0.047631 -0.398444
v 0.113880 -0.055000 -0.425007
v 0.120998 -0.047631 -0.451570
v 0.126208 -0.027500 -0.471016
v 0.064610 0.000000 -0.490765
v 0.063649 0.027500 -0.483460
v 0.061021 0.047631 -0.463500
v 0.057431 0.055000 -0.436236
v 0.053842 0.047631 -0.408971
v 0.051214 0.027500 -0.389012
v 0.050253 0.000000 -0.381706
v 0.051214 -0.027500 -0.389012
v 0.053842 -0.047631 -0.408971
v 0.057431 -0.055000 -0.436236
v 0.061021 -0.047631 -0.463500
v 0.063649 -0.027500 -0.483460
v 0.000000 0.000000 -0.495000
v 0.000000 0.027500 -0.487631
v 0.000000 0.047631 -0.467500
v 0.000000 0.055000 -0.440000
v 0.000000 0.047631 -0.412500
v 0.000000 0.027500 -0.392369
v 0.000000 0.000000 -0.385000
v 0.000000 -0.027500 -0.392369
v 0.000000 -0.047631 -0.412500
v 0.000000 -0.055000 -0.440000
v 0.000000 -0.047631 -0.467500
v 0.000000 -0.027500 -0.487631
v -0.064611 0.000000 -0.490765
v -0.063649 0.027500 -0.483460
v -0.061021 0.047631 -0.463500
v -0.057432 0.055000 -0.436236
v -0.053842 0.047631 -0.408971
v -0.051214 0.027500 -0.389012
v -0.050253 0.000000 -0.381706
v -0.051214 -0.027500 -0.389012
v -0.053842 -0.047631 -0.408971
v -0.057432 -0.055000 -0.436236
v -0.061021 -0.047631 -0.463500
v -0.063649 -0.027500 -0.483460
v -0.128115 0.000000 -0.478133
v -0.126208 0.027500 -0.471016
v -0.120998 0.047631 -0.451570
v -0.113880 0.055000 -0.425007
v -0.106763 0.047631 -0.398444
v -0.101552 0.027500 -0.378999
v -0.099645 0.000000 -0.371881
v -0.101552 -0.027500 -0.378999
v -0.106763 -0.047631 -0.398444
v -0.113880 -0.055000 -0.425007
v -0.120998 -0.047631 -0.451570
v -0.126208 -0.027500 -0.471016
v -0.189428 0.000000 -0.457320
v -0.186608 0.027500 -0.450513
v -0.178905 0.047631 -0.431914
v -0.168381 0.055000 -0.406507
v -0.157857 0.047631 -0.381100
v -0.150153 0.027500 -0.362501
v -0.147333 0.000000 -0.355694
v -0.150153 -0.027500 -0.362501
v -0.157857 -0.047631 -0.381100
v -0.168381 -0.055000 -0.406507
v -0.178905 -0.047631 -0.431914
v -0.186608 -0.027500 -0.450513
v -0.247500 0.000000 -0.428683
v -0.243816 0.027500 -0.422301
v -0.233750 0.047631 -0.404867
v -0.220000 0.055000 -0.381051
v -0.206250 0.047631 -0.357236
v -0.196184 0.027500 -0.339801
v -0.192500 0.000000 -0.333420
v -0.196184 -0.027500 -0.339801
v -0.206250 -0.047631 -0.357236
v -0.220000 -0.055000 -0.381051
v -0.233750 -0.047631 -0.404867
v -0.243816 -0.027500 -0.422301
v -0.301337 0.000000 -0.392710
v -0.296851 0.027500 -0.386864
v -0.284596 0.047631 -0.370893
v -0.267855 0.055000 -0.349075
v -0.251114 0.047631 -0.327258
v -0.238859 0.027500 -0.311287
v -0.234373 0.000000 -0.305441
v -0.238859 -0.027500 -0.311287
v -0.251114 -0.047631 -0.327258
v -0.267855 -0.055000 -0.349075
v -0.284596 -0.047631 -0.370893
v -0.296851 -0.027500 -0.386864
v -0.350018 0.000000 -0.350018
v -0.344808 0.027500 -0.344807
v -0.330572 0.047631 -0.330572
v -0.311127 0.055000 -0.311127
v -0.291682 0.047631 -0.291681
v -0.277447 0.027500 -0.277446
v -0.272236 0.000000 -0.272236
v -0.277447 -0.027500 -0.277446
v -0.291682 -0.047631 -0.291681
v -0.311127 -0.055000 -0.311127
v -0.330572 -0.047631 -0.330572
v -0.344808 -0.027500 -0.344807
v -0.392710 0.000000 -0.301337
v -0.386864 0.027500 -0.296851
v -0.370893 0.047631 -0.284596
v -0.349075 0.055000 -0.267855
v -0.327258 0.047631 -0.251114
v -0.311287 0.027500 -0.238859
v -0.305441 0.000000 -0.234373
v -0.311287 -0.027500 -0.238859
v -0.327258 -0.047631 -0.251114
v -0.349075 -0.055000 -0.267855
v -0.370893 -0.047631 -0.284596
v -0.386864 -0.027500 -0.296851
v -0.428683 0.000000 -0.247500
v -0.422301 0.027500 -0.243816
v -0.404867 0.047631 -0.233750
v -0.381051 0.055000 -0.220000
v -0.357235 0.047631 -0.206250
v -0.339801 0.027500 -0.196184
v -0.333420 0.000000 -0.192500
v -0.339801 -0.027500 -0.196184
v -0.357235 -0.047631 -0.206250
v -0.381051 -0.055000 -0.220000
v -0.404867 -0.047631 -0.233750
v -0.422301 -0.027500 -0.243816
v -0.457320 0.000000 -0.189428
v -0.450513 0.027500 -0.186608
v -0.431914 0.047631 -0.178905
v -0.406507 0.055000 -0.168381
v -0.381100 0.047631 -0.157857
v -0.362501 0.027500 -0.150153
v -0.355694 0.000000 -0.147333
v -0.362501 -0.027500 -0.150153
v -0.381100 -0.047631 -0.157857
v -0.406507 -0.055000 -0.168381
v -0.431914 -0.047631 -0.178905
v -0.450513 -0.027500 -0.186608
v -0.478133 0.000000 -0.128115
v -0.471016 0.027500 -0.126208
v -0.451570 0.047631 -0.120998
v -0.425007 0.055000 -0.113880
v -0.398444 0.047631 -0.106763
v -0.378999 0.027500 -0.101552
v -0.371881 0.000000 -0.099645
v -0.378999 -0.027500 -0.101552
v -0.398444 -0.047631 -0.106763
v -0.425007 -0.055000 -0.113880
v -0.451570 -0.047631 -0.120998
v -0.471016 -0.027500 -0.126208
v -0.490765 0.000000 -0.064611
v -0.483460 0.027500 -0.063649
v -0.463500 0.047631 -0.061021
v -0.436236 0.055000 -0.057432
v -0.408971 0.047631 -0.053842
v -0.389012 0.027500 -0.051214
v -0.381706 0.000000 -0.050253
v -0.389012 -0.027500 -0.051214
v -0.408971 -0.047631 -0.053842
v -0.436236 -0.055000 -0.057432
v -0.463500 -0.047631 -0.061021
v -0.483460 -0.027500 -0.063649
v -0.495000 0.000000 -0.000000
v -0.487631 0.027500 -0.000000
v -0.467500 0.047631 -0.000000
v -0.440000 0.055000 -0.000000
v -0.412500 0.047631 -0.000000
v -0.392369 0.027500 -0.000000
v -0.385000 0.000000 -0.000000
v -0.392369 -0.027500 -0.000000
v -0.412500 -0.047631 -0.000000
v -0.440000 -0.055000 -0.000000
v -0.467500 -0.047631 -0.000000
v -0.487631 -0.027500 -0.000000
v -0.490765 0.000000 0.064611
v -0.483460 0.027500 0.063649
v -0.463500 0.047631 0.061021
v -0.436236 0.055000 0.057432
v -0.408971 0.047631 0.053842
v -0.389012 0.027500 0.051214
v -0.381706 0.000000 0.050253
v -0.389012 -0.027500 0.051214
v -0.408971 -0.047631 0.053842
v -0.436236 -0.055000 0.057432
v -0.463500 -0.047631 0.061021
v -0.483460 -0.027500 0.063649
v -0.478133 0.000000 0.128115
v -0.471016 0.027500 0.126208
v -0.451570 0.047631 0.120998
v -0.425007 0.055000 0.113880
v -0.398444 0.047631 0.106763
v -0.378999 0.027500 0.101552
v -0.371881 0.000000 0.099645
v -0.378999 -0.027500 0.101552
v -0.398444 -0.047631 0.106763
v -0.425007 -0.055000 0.113880
v -0.451570 -0.047631 0.120998
v -0.471016 -0.027500 0.126208
v -0.457320 0.000000 0.189428
v -0.450513 0.027500 0.186608
v -0.431914 0.047631 0.178904
v -0.406507 0.055000 0.168381
v -0.381100 0.047631 0.157857
v -0.362501 0.027500 0.150153
v -0.355694 0.000000 0.147333
v -0.362501 -0.027500 0.150153
v -0.381100 -0.047631 0.157857
v -0.406507 -0.055000 0.168381
v -0.431914 -0.047631 0.178904
v -0.450513 -0.027500 0.186608
v -0.428683 0.000000 0.247500
v -0.422301 0.027500 0.243816
v -0.404867 0.047631 0.233750
v -0.381051 0.055000 0.220000
v -0.357236 0.047631 0.206250
v -0.339801 0.027500 0.196184
v -0.333420 0.000000 0.192500
v -0.339801 -0.027500 0.196184
v -0.357236 -0.047631 0.206250
v -0.381051 -0.055000 0.220000
v -0.404867 -0.047631 0.233750
v -0.422301 -0.027500 0.243816
v -0.392710 0.000000 0.301337
v -0.386864 0.027500 0.296851
v -0.370893 0.047631 0.284596
v -0.349075 0.055000 0.267855
v -0.327258 0.047631 0.251114
v -0.311287 0.027500 0.238859
v -0.305441 0.000000 0.234373
v -0.311287 -0.027500 0.238859
v -0.327258 -0.047631 0.251114
v -0.349075 -0.055000 0.267855
v -0.370893 -0.047631 0.284596
v -0.386864 -0.027500 0.296851
v -0.350018 0.000000 0.350018
v -0.344808 0.027500 0.344807
v -0.330572 0.047631 0.330572
v -0.311127 0.055000 0.311127
v -0.291682 0.047631 0.291681
v -0.277447 0.027500 0.277446
v -0.272236 0.000000 0.272236
v -0.277447 -0.027500 0.277446
v -0.291682 -0.047631 0.291681
v -0.311127 -0.055000 0.311127
v -0.330572 -0.047631 0.330572
v -0.344808 -0.027500 0.344807
v -0.301337 0.000000 0.392710
v -0.296851 0.027500 0.386864
v -0.284596 0.047631 0.370893
v -0.267855 0.055000 0.349075
v -0.251114 0.047631 0.327258
v -0.238859 0.027500 0.311287
v -0.234373 0.000000 0.305441
v -0.238859 -0.027500 0.311287
v -0.251114 -0.047631 0.327258
v -0.267855 -0.055000 0.349075
v -0.284596 -0.047631 0.370893
v -0.296851 -0.027500 0.386864
v -0.247500 0.000000 0.428683
v -0.243816 0.027500 0.422301
v -0.233750 0.047631 0.404867
v -0.220000 0.055000 0.381051
v -0.206250 0.047631 0.357236
v -0.196184 0.027500 0.339801
v -0.192500 0.000000 0.333420
v -0.196184 -0.027500 0.339801
v -0.206250 -0.047631 0.357236
v -0.220000 -0.055000 0.381051
v -0.233750 -0.047631 0.404867
v -0.243816 -0.027500 0.422301
v -0.189428 0.000000 0.457320
v -0.186608 0.027500 0.450513
v -0.178905 0.047631 0.431914
v -0.168381 0.055000 0.406507
v -0.157857 0.047631 0.381100
v -0.150153 0.027500 0.362501
v -0.147333 0.000000 0.355694
v -0.150153 -0.027500 0.362501
v -0.157857 -0.047631 0.381100
v -0.168381 -0.055000 0.406507
v -0.178905 -0.047631 0.431914
v -0.186608 -0.027500 0.450513
v -0.128116 0.000000 0.478133
v -0.126208 0.027500 0.471016
v -0.120998 0.047631 0.451570
v -0.113881 0.055000 0.425007
v -0.106763 0.047631 0.398444
v -0.101553 0.027500 0.378999
v -0.099645 0.000000 0.371881
v -0.101553 -0.027500 0.378999
v -0.106763 -0.047631 0.398444
v -0.113881 -0.055000 0.425007
v -0.120998 -0.047631 0.451570
v -0.126208 -0.027500 0.471016
v -0.064611 0.000000 0.490765
v -0.063649 0.027500 0.483460
v -0.061021 0.047631 0.463500
v -0.057432 0.055000 0.436236
v -0.053842 0.047631 0.408971
v -0.051215 0.027500 0.389012
v -0.050253 0.000000 0.381706
v -0.051215 -0.027500 0.389012
v -0.053842 -0.047631 0.408971
v -0.057432 -0.055000 0.436236
v -0.061021 -0.047631 0.463500
v -0.063649 -0.027500 0.483460
v 0.000000 0.000000 0.495000
v 0.000000 0.027500 0.487631
v 0.000000 0.047631 0.467500
v 0.000000 0.055000 0.440000
v 0.000000 0.047631 0.412500
v 0.000000 0.027500 0.392369
v 0.000000 0.000000 0.385000
v 0.000000 -0.027500 0.392369
v 0.000000 -0.047631 0.412500
v 0.000000 -0.055000 0.440000
v 0.000000 -0.047631 0.467500
v 0.000000 -0.027500 0.487631
v 0.064610 0.000000 0.490765
v 0.063649 0.027500 0.483460
v 0.061021 0.047631 0.463500
v 0.057431 0.055000 0.436236
v 0.053842 0.047631 0.408971
v 0.051214 0.027500 0.389012
v 0.050253 0.000000 0.381706
v 0.051214 -0.027500 0.389012
v 0.053842 -0.047631 0.408971
v 0.057431 -0.055000 0.436236
v 0.061021 -0.047631 0.463500
v 0.063649 -0.027500 0.483460
v 0.128115 0.000000 0.478133
v 0.126208 0.027500 0.471016
v 0.120998 0.047631 0.451570
v 0.113880 0.055000 0.425007
v 0.106763 0.047631 0.398444
v 0.101552 0.027500 0.378999
v 0.099645 0.000000 0.371881
v 0.101552 -0.027500 0.378999
v 0.106763 -0.047631 0.398444
v 0.113880 -0.055000 0.425007
v 0.120998 -0.047631 0.451570
v 0.126208 -0.027500 0.471016
v 0.189428 0.000000 0.457320
v 0.186609 0.027500 0.450513
v 0.178905 0.047631 0.431914
v 0.168381 0.055000 0.406507
v 0.157857 0.047631 0.381100
v 0.150153 0.027500 0.362501
v 0.147333 0.000000 0.355694
v 0.150153 -0.027500 0.362501
v 0.157857 -0.047631 0.381100
v 0.168381 -0.055000 0.406507
v 0.178905 -0.047631 0.431914
v 0.186609 -0.027500 0.450513
v 0.247500 0.000000 0.428683
v 0.243816 0.027500 0.422301
v 0.233750 0.047631 0.404867
v 0.220000 0.055000 0.381051
v 0.206250 0.047631 0.357235
v 0.196184 0.027500 0.339801
v 0.192500 0.000000 0.333420
v 0.196184 -0.027500 0.339801
v 0.206250 -0.047631 0.357235
v 0.220000 -0.055000 0.381051
v 0.233750 -0.047631 0.404867
v 0.243816 -0.027500 0.422301
v 0.301337 0.000000 0.392710
v 0.296851 0.027500 0.386864
v 0.284596 0.047631 0.370893
v 0.267855 0.055000 0.349076
v 0.251114 0.047631 0.327258
v 0.238859 0.027500 0.311287
v 0.234373 0.000000 0.305441
v 0.238859 -0.027500 0.311287
v 0.251114 -0.047631 0.327258
v 0.267855 -0.055000 0.349076
v 0.284596 -0.047631 0.370893
v 0.296851 -0.027500 0.386864
v 0.350018 0.000000 0.350018
v 0.344807 0.027500 0.344808
v 0.330572 0.047631 0.330573
v 0.311127 0.055000 0.311127
v 0.291681 0.047631 0.291682
v 0.277446 0.027500 0.277447
v 0.272236 0.000000 0.272236
v 0.277446 -0.027500 0.277447
v 0.291681 -0.047631 0.291682
v 0.311127 -0.055000 0.311127
v 0.330572 -0.047631 0.330573
v 0.344807 -0.027500 0.344808
v 0.392710 0.000000 0.301337
v 0.386864 0.027500 0.296851
v 0.370893 0.047631 0.284596
v 0.349075 0.055000 0.267855
v 0.327258 0.047631 0.251114
v 0.311287 0.027500 0.238859
v 0.305441 0.000000 0.234373
v 0.311287 -0.027500 0.238859
v 0.327258 -0.047631 0.251114
v 0.349075 -0.055000 0.267855
v 0.370893 -0.047631 0.284596
v 0.386864 -0.027500 0.296851
v 0.428683 0.000000 0.247500
v 0.422301 0.027500 0.243816
v 0.404867 0.047631 0.233750
v 0.381051 0.055000 0.220000
v 0.357235 0.047631 0.206250
v 0.339801 0.027500 0.196184
v 0.333420 0.000000 0.192500
v 0.339801 -0.027500 0.196184
v 0.357235 -0.047631 0.206250
v 0.381051 -0.055000 0.220000
v 0.404867 -0.047631 0.233750
v 0.422301 -0.027500 0.243816
v 0.457320 0.000000 0.189428
v 0.450513 0.027500 0.186609
v 0.431914 0.047631 0.178905
v 0.406507 0.055000 0.168381
v 0.381100 0.047631 0.157857
v 0.362501 0.027500 0.150153
v 0.355694 0.000000 0.147333
v 0.362501 -0.027500 0.150153
v 0.381100 -0.047631 0.157857
v 0.406507 -0.055000 0.168381
v 0.431914 -0.047631 0.178905
v 0.450513 -0.027500 0.186609
v 0.478133 0.000000 0.128115
v 0.471016 0.027500 0.126208
v 0.451570 0.047631 0.120998
v 0.425007 0.055000 0.113880
v 0.398444 0.047631 0.106763
v 0.378999 0.027500 0.101552
v 0.371881 0.000000 0.099645
v 0.378999 -0.027500 0.101552
v 0.398444 -0.047631 0.106763
v 0.425007 -0.055000 0.113880
v 0.451570 -0.047631 0.120998
v 0.471016 -0.027500 0.126208
v 0.490765 0.000000 0.064610
v 0.483460 0.027500 0.063649
v 0.463500 0.047631 0.061021
v 0.436236 0.055000 0.057432
v 0.408971 0.047631 0.053842
v 0.389012 0.027500 0.051214
v 0.381706 0.000000 0.050253
v 0.389012 -0.027500 0.051214
v 0.408971 -0.047631 0.053842
v 0.436236 -0.055000 0.057432
v 0.463500 -0.047631 0.061021
v 0.483460 -0.027500 0.063649
vn -0.0000 -0.9977 -0.0680
vn -0.0000 -0.0654 -0.9979
vn -0.0000 -0.9647 -0.2634
vn -0.0000 -0.8641 -0.5033
vn -0.0000 -0.7051 -0.7091
vn -0.0000 -0.4984 -0.8669
vn -0.0000 -0.2580 -0.9662
vn -0.0000 0.9977 -0.0680
vn -0.0000 0.0654 -0.9979
vn -0.0000 0.9647 -0.2634
vn -0.0000 0.8641 -0.5033
vn -0.0000 0.7051 -0.7091
vn -0.0000 0.4984 -0.8669
vn -0.0000 0.2580 -0.9662
vn 0.0089 -0.9977 -0.0674
vn 0.1302 -0.0654 -0.9893
vn 0.0344 -0.9647 -0.2611
vn 0.0657 -0.8641 -0.4990
vn 0.0926 -0.7051 -0.7030
vn 0.1132 -0.4984 -0.8595
vn 0.1261 -0.2580 -0.9579
vn 0.0089 0.9977 -0.0674
vn 0.1302 0.0654 -0.9893
vn 0.0344 0.9647 -0.2611
vn 0.0657 0.8641 -0.4990
vn 0.0926 0.7051 -0.7030
vn 0.1132 0.4984 -0.8595
vn 0.1261 0.2580 -0.9579
vn 0.0176 -0.9977 -0.0657
vn 0.2583 -0.0654 -0.9639
vn 0.0682 -0.9647 -0.2544
vn 0.1303 -0.8641 -0.4861
vn 0.1835 -0.7051 -0.6849
vn 0.2244 -0.4984 -0.8374
vn 0.2501 -0.2580 -0.9332
vn 0.0176 0.9977 -0.0657
vn 0.2583 0.0654 -0.9639
vn 0.0682 0.9647 -0.2544
vn 0.1303 0.8641 -0.4861
vn 0.1835 0.7051 -0.6849
vn 0.2244 0.4984 -0.8374
vn 0.2501 0.2580 -0.9332
vn 0.0260 -0.9977 -0.0628
vn 0.3819 -0.0654 -0.9219
vn 0.1008 -0.9647 -0.2433
vn 0.1926 -0.8641 -0.4650
vn 0.2714 -0.7051 -0.6551
vn 0.3318 -0.4984 -0.8009
vn 0.3697 -0.2580 -0.8926
vn 0.0260 0.9977 -0.0628
vn 0.3819 0.0654 -0.9219
vn 0.1008 0.9647 -0.2433
vn 0.1926 0.8641 -0.4650
vn 0.2714 0.7051 -0.6551
vn 0.3318 0.4984 -0.8009
vn 0.3697 0.2580 -0.8926
vn 0.0340 -0.9977 -0.0589
vn 0.4989 -0.0654 -0.8642
vn 0.1317 -0.9647 -0.2281
vn 0.2516 -0.8641 -0.4359
vn 0.3545 -0.7051 -0.6141
vn 0.4335 -0.4984 -0.7508
vn 0.4831 -0.2580 -0.8367
vn 0.0340 0.9977 -0.0589
vn 0.4989 0.0654 -0.8642
vn 0.1317 0.9647 -0.2281
vn 0.2516 0.8641 -0.4359
vn 0.3545 0.7051 -0.6141
vn 0.4335 0.4984 -0.7508
vn 0.4831 0.2580 -0.8367
vn 0.0414 -0.9977 -0.0539
vn 0.6075 -0.0654 -0.7917
vn 0.1603 -0.9647 -0.2089
vn 0.3064 -0.8641 -0.3993
vn 0.4317 -0.7051 -0.5626
vn 0.5278 -0.4984 -0.6878
vn 0.5882 -0.2580 -0.7665
vn 0.0414 0.9977 -0.0539
vn 0.6075 0.0654 -0.7917
vn 0.1603 0.9647 -0.2089
vn 0.3064 0.8641 -0.3993
vn 0.4317 0.7051 -0.5626
vn 0.5278 0.4984 -0.6878
vn 0.5882 0.2580 -0.7665
vn 0.0481 -0.9977 -0.0481
vn 0.7056 -0.0654 -0.7056
vn 0.1862 -0.9647 -0.1862
vn 0.3559 -0.8641 -0.3559
vn 0.5014 -0.7051 -0.5014
vn 0.6130 -0.4984 -0.6130
vn 0.6832 -0.2580 -0.6832
vn 0.0481 0.9977 -0.0481
vn 0.7056 0.0654 -0.7056
vn 0.1862 0.9647 -0.1862
vn 0.3559 0.8641 -0.3559
vn 0.5014 0.7051 -0.5014
vn 0.6130 0.4984 -0.6130
vn 0.6832 0.2580 -0.6832
vn 0.0539 -0.9977 -0.0414
vn 0.7917 -0.0654 -0.6075
vn 0.2089 -0.9647 -0.1603
vn 0.3993 -0.8641 -0.3064
vn 0.5626 -0.7051 -0.4317
vn 0.6878 -0.4984 -0.5278
vn 0.7665 -0.2580 -0.5882
vn 0.0539 0.9977 -0.0414
vn 0.7917 0.0654 -0.6075
vn 0.2089 0.9647 -0.1603
vn 0.3993 0.8641 -0.3064
vn 0.5626 0.7051 -0.4317
vn 0.6878 0.4984 -0.5278
vn 0.7665 0.2580 -0.5882
vn 0.0589 -0.9977 -0.0340
vn 0.8642 -0.0654 -0.4989
vn 0.2281 -0.9647 -0.1317
vn 0.4359 -0.8641 -0.2516
vn 0.6141 -0.7051 -0.3545
vn 0.7508 -0.4984 -0.4335
vn 0.8367 -0.2580 -0.4831
vn 0.0589 0.9977 -0.0340
vn 0.8642 0.0654 -0.4989
vn 0.2281 0.9647 -0.1317
vn 0.4359 0.8641 -0.2516
vn 0.6141 0.7051 -0.3545
vn 0.7508 0.4984 -0.4335
vn 0.8367 0.2580 -0.4831
vn 0.0628 -0.9977 -0.0260
vn 0.9219 -0.0654 -0.3819
vn 0.2433 -0.9647 -0.1008
vn 0.4650 -0.8641 -0.1926
vn 0.6551 -0.7051 -0.2714
vn 0.8009 -0.4984 -0.3318
vn 0.8926 -0.2580 -0.3697
vn 0.0628 0.9977 -0.0260
vn 0.9219 0.0654 -0.3819
vn 0.2433 0.9647 -0.1008
vn 0.4650 0.8641 -0.1926
vn 0.6551 0.7051 -0.2714
vn 0.8009 0.4984 -0.3318
vn 0.8926 0.2580 -0.3697
vn 0.0657 -0.9977 -0.0176
vn 0.9639 -0.0654 -0.2583
vn 0.2544 -0.9647 -0.0682
vn 0.4861 -0.8641 -0.1303
vn 0.6849 -0.7051 -0.1835
vn 0.8374 -0.4984 -0.2244
vn 0.9332 -0.2580 -0.2501
vn 0.0657 0.9977 -0.0176
vn 0.9639 0.0654 -0.2583
vn 0.2544 0.9647 -0.0682
vn 0.4861 0.8641 -0.1303
vn 0.6849 0.7051 -0.1835
vn 0.8374 0.4984 -0.2244
vn 0.9332 0.2580 -0.2501
vn 0.0674 -0.9977 -0.0089
vn 0.9893 -0.0654 -0.1302
vn 0.2611 -0.9647 -0.0344
vn 0.4990 -0.8641 -0.0657
vn 0.7030 -0.7051 -0.0926
vn 0.8595 -0.4984 -0.1132
vn 0.9579 -0.2580 -0.1261
vn 0.0674 0.9977 -0.0089
vn 0.9893 0.0654 -0.1302
vn 0.2611 0.9647 -0.0344
vn 0.4990 0.8641 -0.0657
vn 0.7030 0.7051 -0.0926
vn 0.8595 0.4984 -0.1132
vn 0.9579 0.2580 -0.1261
vn 0.0680 -0.9977 -0.0000
vn 0.9979 -0.0654 -0.0000
vn 0.2634 -0.9647 -0.0000
vn 0.5033 -0.8641 -0.0000
vn 0.7091 -0.7051 -0.0000
vn 0.8669 -0.4984 -0.0000
vn 0.9662 -0.2580 -0.0000
vn 0.0680 0.9977 -0.0000
vn 0.9979 0.0654 -0.0000
vn 0.2634 0.9647 -0.0000
vn 0.5033 0.8641 -0.0000
vn 0.7091 0.7051 -0.0000
vn 0.8669 0.4984 -0.0000
vn 0.9662 0.2580 -0.0000
vn 0.0674 -0.9977 0.0089
vn 0.9893 -0.0654 0.1302
vn 0.2611 -0.9647 0.0344
vn 0.4990 -0.8641 0.0657
vn 0.7030 -0.7051 0.0926
vn 0.8595 -0.4984 0.1132
vn 0.9579 -0.2580 0.1261
vn 0.0674 0.9977 0.0089
vn 0.9893 0.0654 0.1302
vn 0.2611 0.9647 0.0344
vn 0.4990 0.8641 0.0657
vn 0.7030 0.7051 0.0926
vn 0.8595 0.4984 0.1132
vn 0.9579 0.2580 0.1261
vn 0.0657 -0.9977 0.0176
vn 0.9639 -0.0654 0.2583
vn 0.2544 -0.9647 0.0682
vn 0.4861 -0.8641 0.1303
vn 0.6849 -0.7051 0.1835
vn 0.8374 -0.4984 0.2244
vn 0.9332 -0.2580 0.2501
vn 0.0657 0.9977 0.0176
vn 0.9639 0.0654 0.2583
vn 0.2544 0.9647 0.0682
vn 0.4861 0.8641 0.1303
vn 0.6849 0.7051 0.1835
vn 0.8374 0.4984 0.2244
vn 0.9332 0.2580 0.2501
vn 0.0628 -0.9977 0.0260
vn 0.9219 -0.0654 0.3819
vn 0.2433 -0.9647 0.1008
vn 0.4650 -0.8641 0.1926
vn 0.6551 -0.7051 0.2714
vn 0.8009 -0.4984 0.3318
vn 0.8926 -0.2580 0.3697
vn 0.0628 0.9977 0.0260
vn 0.9219 0.0654 0.3819
vn 0.2433 0.9647 0.1008
vn 0.4650 0.8641 0.1926
vn 0.6551 0.7051 0.2714
vn 0.8009 0.4984 0.3318
vn 0.8926 0.2580 0.3697
vn 0.0589 -0.9977 0.0340
vn 0.8642 -0.0654 0.4989
vn 0.2281 -0.9647 0.1317
vn 0.4359 -0.8641 0.2516
vn 0.6141 -0.7051 0.3545
vn 0.7508 -0.4984 0.4335
vn 0.8367 -0.2580 0.4831
vn 0.0589 0.9977 0.0340
vn 0.8642 0.0654 0.4989
vn 0.2281 0.9647 0.1317
vn 0.4359 0.8641 0.2516
vn 0.6141 0.7051 0.3545
vn 0.7508 0.4984 0.4335
vn 0.8367 0.2580 0.4831
vn 0.0539 -0.9977 0.0414
vn 0.7917 -0.0654 0.6075
vn 0.2089 -0.9647 0.1603
vn 0.3993 -0.8641 0.3064
vn 0.5626 -0.7051 0.4317
vn 0.6878 -0.4984 0.5278
vn 0.7665 -0.2580 0.5882
vn 0.0539 0.9977 0.0414
vn 0.7917 0.0654 0.6075
vn 0.2089 0.9647 0.1603
vn 0.3993 0.8641 0.3064
vn 0.5626 0.7051 0.4317
vn 0.6878 0.4984 0.5278
vn 0.7665 0.2580 0.5882
vn 0.0481 -0.9977 0.0481
vn 0.7056 -0.0654 0.7056
vn 0.1862 -0.9647 0.1862
vn 0.3559 -0.8641 0.3559
vn 0.5014 -0.7051 0.5014
vn 0.6130 -0.4984 0.6130
vn 0.6832 -0.2580 0.6832
vn 0.0481 0.9977 0.0481
vn 0.7056 0.0654 0.7056
vn 0.1862 0.9647 0.1862
vn 0.3559 0.8641 0.3559
vn 0.5014 0.7051 0.5014
vn 0.6130 0.4984 0.6130
vn 0.6832 0.2580 0.6832
vn 0.0414 -0.9977 0.0539
vn 0.6075 -0.0654 0.7917
vn 0.1603 -0.9647 0.2089
vn 0.3064 -0.8641 0.3993
vn 0.4317 -0.7051 0.5626
vn 0.5278 -0.4984 0.6878
vn 0.5882 -0.2580 0.7665
vn 0.0414 0.9977 0.0539
vn 0.6075 0.0654 0.7917
vn 0.1603 0.9647 0.2089
vn 0.3064 0.8641 0.3993
vn 0.4317 0.7051 0.5626
vn 0.5278 0.4984 0.6878
vn 0.5882 0.2580 0.7665
vn 0.0340 -0.9977 0.0589
vn 0.4989 -0.0654 0.8642
vn 0.1317 -0.9647 0.2281
vn 0.2516 -0.8641 0.4359
vn 0.3545 -0.7051 0.6141
vn 0.4335 -0.4984 0.7508
vn 0.4831 -0.2580 0.8367
vn 0.0340 0.9977 0.0589
vn 0.4989 0.0654 0.8642
vn 0.1317 0.9647 0.2281
vn 0.2516 0.8641 0.4359
vn 0.3545 0.7051 0.6141
vn 0.4335 0.4984 0.7508
vn 0.4831 0.2580 0.8367
vn 0.0260 -0.9977 0.0628
vn 0.3819 -0.0654 0.9219
vn 0.1008 -0.9647 0.2433
vn 0.1926 -0.8641 0.4650
vn 0.2714 -0.7051 0.6551
vn 0.3318 -0.4984 0.8009
vn 0.3697 -0.2580 0.8926
vn 0.0260 0.9977 0.0628
vn 0.3819 0.0654 0.9219
vn 0.1008 0.9647 0.2433
vn 0.1926 0.8641 0.4650
vn 0.2714 0.7051 0.6551
vn 0.3318 0.4984 0.8009
vn 0.3697 0.2580 0.8926
vn 0.0176 -0.9977 0.0657
vn 0.2583 -0.0654 0.9639
vn 0.0682 -0.9647 0.2544
vn 0.1303 -0.8641 0.4861
vn 0.1835 -0.7051 0.6849
vn 0.2244 -0.4984 0.8374
vn 0.2501 -0.2580 0.9332
vn 0.0176 0.9977 0.0657
vn 0.2583 0.0654 0.9639
vn 0.0682 0.9647 0.2544
vn 0.1303 0.8641 0.4861
vn 0.1835 0.7051 0.6849
vn 0.2244 0.4984 0.8374
vn 0.2501 0.2580 0.9332
vn 0.0089 -0.9977 0.0674
vn 0.1302 -0.0654 0.9893
vn 0.0344 -0.9647 0.2611
vn 0.0657 -0.8641 0.4990
vn 0.0926 -0.7051 0.7030
vn 0.1132 -0.4984 0.8595
vn 0.1261 -0.2580 0.9579
vn 0.0089 0.9977 0.0674
vn 0.1302 0.0654 0.9893
vn 0.0344 0.9647 0.2611
vn 0.0657 0.8641 0.4990
vn 0.0926 0.7051 0.7030
vn 0.1132 0.4984 0.8595
vn 0.1261 0.2580 0.9579
vn -0.0000 -0.9977 0.0680
vn -0.0000 -0.0654 0.9979
vn -0.0000 -0.9647 0.2634
vn -0.0000 -0.8641 0.5033
vn -0.0000 -0.7051 0.7091
vn -0.0000 -0.4984 0.8669
vn -0.0000 -0.2580 0.9662
vn -0.0000 0.9977 0.0680
vn -0.0000 0.0654 0.9979
vn -0.0000 0.9647 0.2634
vn -0.0000 0.8641 0.5033
vn -0.0000 0.7051 0.7091
vn -0.0000 0.4984 0.8669
vn -0.0000 0.2580 0.9662
vn -0.0089 -0.9977 0.0674
vn -0.1302 -0.0654 0.9893
vn -0.0344 -0.9647 0.2611
vn -0.0657 -0.8641 0.4990
vn -0.0926 -0.7051 0.7030
vn -0.1132 -0.4984 0.8595
vn -0.1261 -0.2580 0.9579
vn -0.0089 0.9977 0.0674
vn -0.1302 0.0654 0.9893
vn -0.0344 0.9647 0.2611
vn -0.0657 0.8641 0.4990
vn -0.0926 0.7051 0.7030
vn -0.1132 0.4984 0.8595
vn -0.1261 0.2580 0.9579
vn -0.0176 -0.9977 0.0657
vn -0.2583 -0.0654 0.9639
vn -0.0682 -0.9647 0.2544
vn -0.1303 -0.8641 0.4861
vn -0.1835 -0.7051 0.6849
vn -0.2244 -0.4984 0.8374
vn -0.2501 -0.2580 0.9332
vn -0.0176 0.9977 0.0657
vn -0.2583 0.0654 0.9639
vn -0.0682 0.9647 0.2544
vn -0.1303 0.8641 0.4861
vn -0.1835 0.7051 0.6849
vn -0.2244 0.4984 0.8374
vn -0.2501 0.2580 0.9332
vn -0.0260 -0.9977 0.0628
vn -0.3819 -0.0654 0.9219
vn -0.1008 -0.9647 0.2433
vn -0.1926 -0.8641 0.4650
vn -0.2714 -0.7051 0.6551
vn -0.3318 -0.4984 0.8009
vn -0.3697 -0.2580 0.8926
vn -0.0260 0.9977 0.0628
vn -0.3819 0.0654 0.9219
vn -0.1008 0.9647 0.2433
vn -0.1926 0.8641 0.4650
vn -0.2714 0.7051 0.6551
vn -0.3318 0.4984 0.8009
vn -0.3697 0.2580 0.8926
vn -0.0340 -0.9977 0.0589
vn -0.4989 -0.0654 0.8642
vn -0.1317 -0.9647 0.2281
vn -0.2516 -0.8641 0.4359
vn -0.3545 -0.7051 0.6141
vn -0.4335 -0.4984 0.7508
vn -0.4831 -0.2580 0.8367
vn -0.0340 0.9977 0.0589
vn -0.4989 0.0654 0.8642
vn -0.1317 0.9647 0.2281
vn -0.2516 0.8641 0.4359
vn -0.3545 0.7051 0.6141
vn -0.4335 0.4984 0.7508
vn -0.4831 0.2580 0.8367
vn -0.0414 -0.9977 0.0539
vn -0.6075 -0.0654 0.7917
vn -0.1603 -0.9647 0.2089
vn -0.3064 -0.8641 0.3993
vn -0.4317 -0.7051 0.5626
vn -0.5278 -0.4984 0.6878
vn -0.5882 -0.2580 0.7665
vn -0.0414 0.9977 0.0539
vn -0.6075 0.0654 0.7917
vn -0.1603 0.9647 0.2089
vn -0.3064 0.8641 0.3993
vn -0.4317 0.7051 0.5626
vn -0.5278 0.4984 0.6878
vn -0.5882 0.2580 0.7665
vn -0.0481 -0.9977 0.0481
vn -0.7056 -0.0654 0.7056
vn -0.1862 -0.9647 0.1862
vn -0.3559 -0.8641 0.3559
vn -0.5014 -0.7051 0.5014
vn -0.6130 -0.4984 0.6130
vn -0.6832 -0.2580 0.6832
vn -0.0481 0.9977 0.0481
vn -0.7056 0.0654 0.7056
vn -0.1862 0.9647 0.1862
vn -0.3559 0.8641 0.3559
vn -0.5014 0.7051 0.5014
vn -0.6130 0.4984 0.6130
vn -0.6832 0.2580 0.6832
vn -0.0539 -0.9977 0.0414
vn -0.7917 -0.0654 0.6075
vn -0.2089 -0.9647 0.1603
vn -0.3993 -0.8641 0.3064
vn -0.5626 -0.7051 0.4317
vn -0.6878 -0.4984 0.5278
vn -0.7665 -0.2580 0.5882
vn -0.0539 0.9977 0.0414
vn -0.7917 0.0654 0.6075
vn -0.2089 0.9647 0.1603
vn -0.3993 0.8641 0.3064
vn -0.5626 0.7051 0.4317
vn -0.6878 0.4984 0.5278
vn -0.7665 0.2580 0.5882
vn -0.0589 -0.9977 0.0340
vn -0.8642 -0.0654 0.4989
vn -0.2281 -0.9647 0.1317
vn -0.4359 -0.8641 0.2516
vn -0.6141 -0.7051 0.3545
vn -0.7508 -0.4984 0.4335
vn -0.8367 -0.2580 0.4831
vn -0.0589 0.9977 0.0340
vn -0.8642 0.0654 0.4989
vn -0.2281 0.9647 0.1317
vn -0.4359 0.8641 0.2516
vn -0.6141 0.7051 0.3545
vn -0.7508 0.4984 0.4335
vn -0.8367 0.2580 0.4831
vn -0.0628 -0.9977 0.0260
vn -0.9219 -0.0654 0.3819
vn -0.2433 -0.9647 0.1008
vn -0.4650 -0.8641 0.1926
vn -0.6551 -0.7051 0.2714
vn -0.8009 -0.4984 0.3318
vn -0.8926 -0.2580 0.3697
vn -0.0628 0.9977 0.0260
vn -0.9219 0.0654 0.3819
vn -0.2433 0.9647 0.1008
vn -0.4650 0.8641 0.1926
vn -0.6551 0.7051 0.2714
vn -0.8009 0.4984 0.3318
vn -0.8926 0.2580 0.3697
vn -0.0657 -0.9977 0.0176
vn -0.9639 -0.0654 0.2583
vn -0.2544 -0.9647 0.0682
vn -0.4861 -0.8641 0.1303
vn -0.6849 -0.7051 0.1835
vn -0.8374 -0.4984 0.2244
vn -0.9332 -0.2580 0.2501
vn -0.0657 0.9977 0.0176
vn -0.9639 0.0654 0.2583
vn -0.2544 0.9647 0.0682
vn -0.4861 0.8641 0.1303
vn -0.6849 0.7051 0.1835
vn -0.8374 0.4984 0.2244
vn -0.9332 0.2580 0.2501
vn -0.0674 -0.9977 0.0089
vn -0.9893 -0.0654 0.1302
vn -0.2611 -0.9647 0.0344
vn -0.4990 -0.8641 0.0657
vn -0.7030 -0.7051 0.0926
vn -0.8595 -0.4984 0.1132
vn -0.9579 -0.2580 0.1261
vn -0.0674 0.9977 0.0089
vn -0.9893 0.0654 0.1302
vn -0.2611 0.9647 0.0344
vn -0.4990 0.8641 0.0657
vn -0.7030 0.7051 0.0926
vn -0.8595 0.4984 0.1132
vn -0.9579 0.2580 0.1261
vn -0.0680 -0.9977 -0.0000
vn -0.9979 -0.0654 -0.0000
vn -0.2634 -0.9647 -0.0000
vn -0.5033 -0.8641 -0.0000
vn -0.7091 -0.7051 -0.0000
vn -0.8669 -0.4984 -0.0000
vn -0.9662 -0.2580 -0.0000
vn -0.0680 0.9977 -0.0000
vn -0.9979 0.0654 -0.0000
vn -0.2634 0.9647 -0.0000
vn -0.5033 0.8641 -0.0000
vn -0.7091 0.7051 -0.0000
vn -0.8669 0.4984 -0.0000
vn -0.9662 0.2580 -0.0000
vn -0.0674 -0.9977 -0.0089
vn -0.9893 -0.0654 -0.1302
vn -0.2611 -0.9647 -0.0344
vn -0.4990 -0.8641 -0.0657
vn -0.7030 -0.7051 -0.0926
vn -0.8595 -0.4984 -0.1132
vn -0.9579 -0.2580 -0.1261
vn -0.0674 0.9977 -0.0089
vn -0.9893 0.0654 -0.1302
vn -0.2611 0.9647 -0.0344
vn -0.4990 0.8641 -0.0657
vn -0.7030 0.7051 -0.0926
vn -0.8595 0.4984 -0.1132
vn -0.9579 0.2580 -0.1261
vn -0.0657 -0.9977 -0.0176
vn -0.9639 -0.0654 -0.2583
vn -0.2544 -0.9647 -0.0682
vn -0.4861 -0.8641 -0.1303
vn -0.6849 -0.7051 -0.1835
vn -0.8374 -0.4984 -0.2244
vn -0.9332 -0.2580 -0.2501
vn -0.0657 0.9977 -0.0176
vn -0.9639 0.0654 -0.2583
vn -0.2544 0.9647 -0.0682
vn -0.4861 0.8641 -0.1303
vn -0.6849 0.7051 -0.1835
vn -0.8374 0.4984 -0.2244
vn -0.9332 0.2580 -0.2501
vn -0.0628 -0.9977 -0.0260
vn -0.9219 -0.0654 -0.3819
vn -0.2433 -0.9647 -0.1008
vn -0.4650 -0.8641 -0.1926
vn -0.6551 -0.7051 -0.2714
vn -0.8009 -0.4984 -0.3318
vn -0.8926 -0.2580 -0.3697
vn -0.0628 0.9977 -0.0260
vn -0.9219 0.0654 -0.3819
vn -0.2433 0.9647 -0.1008
vn -0.4650 0.8641 -0.1926
vn -0.6551 0.7051 -0.2714
vn -0.8009 0.4984 -0.3318
vn -0.8926 0.2580 -0.3697
vn -0.0589 -0.9977 -0.0340
vn -0.8642 -0.0654 -0.4989
vn -0.2281 -0.9647 -0.1317
vn -0.4359 -0.8641 -0.2516
vn -0.6141 -0.7051 -0.3545
vn -0.7508 -0.4984 -0.4335
vn -0.8367 -0.2580 -0.4831
vn -0.0589 0.9977 -0.0340
vn -0.8642 0.0654 -0.4989
vn -0.2281 0.9647 -0.1317
vn -0.4359 0.8641 -0.2516
vn -0.6141 0.7051 -0.3545
vn -0.7508 0.4984 -0.4335
vn -0.8367 0.2580 -0.4831
vn -0.0539 -0.9977 -0.0414
vn -0.7917 -0.0654 -0.6075
vn -0.2089 -0.9647 -0.1603
vn -0.3993 -0.8641 -0.3064
vn -0.5626 -0.7051 -0.4317
vn -0.6878 -0.4984 -0.5278
vn -0.7665 -0.2580 -0.5882
vn -0.0539 0.9977 -0.0414
vn -0.7917 0.0654 -0.6075
vn -0.2089 0.9647 -0.1603
vn -0.3993 0.8641 -0.3064
vn -0.5626 0.7051 -0.4317
vn -0.6878 0.4984 -0.5278
vn -0.7665 0.2580 -0.5882
vn -0.0481 -0.9977 -0.0481
vn -0.7056 -0.0654 -0.7056
vn -0.1862 -0.9647 -0.1862
vn -0.3559 -0.8641 -0.3559
vn -0.5014 -0.7051 -0.5014
vn -0.6130 -0.4984 -0.6130
vn -0.6832 -0.2580 -0.6832
vn -0.0481 0.9977 -0.0481
vn -0.7056 0.0654 -0.7056
vn -0.1862 0.9647 -0.1862
vn -0.3559 0.8641 -0.3559
vn -0.5014 0.7051 -0.5014
vn -0.6130 0.4984 -0.6130
vn -0.6832 0.2580 -0.6832
vn -0.0414 -0.9977 -0.0539
vn -0.6075 -0.0654 -0.7917
vn -0.1603 -0.9647 -0.2089
vn -0.3064 -0.8641 -0.3993
vn -0.4317 -0.7051 -0.5626
vn -0.5278 -0.4984 -0.6878
vn -0.5882 -0.2580 -0.7665
vn -0.0414 0.9977 -0.0539
vn -0.6075 0.0654 -0.7917
vn -0.1603 0.9647 -0.2089
vn -0.3064 0.8641 -0.3993
vn -0.4317 0.7051 -0.5626
vn -0.5278 0.4984 -0.6878
vn -0.5882 0.2580 -0.7665
vn -0.0340 -0.9977 -0.0589
vn -0.4989 -0.0654 -0.8642
vn -0.1317 -0.9647 -0.2281
vn -0.2516 -0.8641 -0.4359
vn -0.3545 -0.7051 -0.6141
vn -0.4335 -0.4984 -0.7508
vn -0.4831 -0.2580 -0.8367
vn -0.0340 0.9977 -0.0589
vn -0.4989 0.0654 -0.8642
vn -0.1317 0.9647 -0.2281
vn -0.2516 0.8641 -0.4359
vn -0.3545 0.7051 -0.6141
vn -0.4335 0.4984 -0.7508
vn -0.4831 0.2580 -0.8367
vn -0.0260 -0.9977 -0.0628
vn -0.3819 -0.0654 -0.9219
vn -0.1008 -0.9647 -0.2433
vn -0.1926 -0.8641 -0.4650
vn -0.2714 -0.7051 -0.6551
vn -0.3318 -0.4984 -0.8009
vn -0.3697 -0.2580 -0.8926
vn -0.0260 0.9977 -0.0628
vn -0.3819 0.0654 -0.9219
vn -0.1008 0.9647 -0.2433
vn -0.1926 0.8641 -0.4650
vn -0.2714 0.7051 -0.6551
vn -0.3318 0.4984 -0.8009
vn -0.3697 0.2580 -0.8926
vn -0.0176 -0.9977 -0.0657
vn -0.2583 -0.0654 -0.9639
vn -0.0682 -0.9647 -0.2544
vn -0.1303 -0.8641 -0.4861
vn -0.1835 -0.7051 -0.6849
vn -0.2244 -0.4984 -0.8374
vn -0.2501 -0.2580 -0.9332
vn -0.0176 0.9977 -0.0657
vn -0.2583 0.0654 -0.9639
vn -0.0682 0.9647 -0.2544
vn -0.1303 0.8641 -0.4861
vn -0.1835 0.7051 -0.6849
vn -0.2244 0.4984 -0.8374
vn -0.2501 0.2580 -0.9332
vn -0.0089 -0.9977 -0.0674
vn -0.1302 -0.0654 -0.9893
vn -0.0344 -0.9647 -0.2611
vn -0.0657 -0.8641 -0.4990
vn -0.0926 -0.7051 -0.7030
vn -0.1132 -0.4984 -0.8595
vn -0.1261 -0.2580 -0.9579
vn -0.0089 0.9977 -0.0674
vn -0.1302 0.0654 -0.9893
vn -0.0344 0.9647 -0.2611
vn -0.0657 0.8641 -0.4990
vn -0.0926 0.7051 -0.7030
vn -0.1132 0.4984 -0.8595
vn -0.1261 0.2580 -0.9579
vn 1.0000 -0.0000 -0.0000
vn 0.8687 0.4954 -0.0000
vn 0.5080 0.8614 -0.0000
vn 0.0108 0.9999 -0.0000
vn -0.4918 0.8707 -0.0000
vn -0.8633 0.5047 -0.0000
vn -1.0000 -0.0000 -0.0000
vn -0.8633 -0.5047 -0.0000
vn -0.4918 -0.8707 -0.0000
vn 0.0108 -0.9999 -0.0000
vn 0.5080 -0.8614 -0.0000
vn 0.8687 -0.4954 -0.0000
vn 0.9914 -0.0000 -0.1305
vn 0.8612 0.4954 -0.1134
vn 0.5036 0.8614 -0.0663
vn 0.0107 0.9999 -0.0014
vn -0.4876 0.8707 0.0642
vn -0.8559 0.5047 0.1127
vn -0.9914 -0.0000 0.1305
vn -0.8559 -0.5047 0.1127
vn -0.4876 -0.8707 0.0642
vn 0.0107 -0.9999 -0.0014
vn 0.5036 -0.8614 -0.0663
vn 0.8612 -0.4954 -0.1134
vn 0.9659 -0.0000 -0.2588
vn 0.8391 0.4954 -0.2248
vn 0.4907 0.8614 -0.1315
vn 0.0104 0.9999 -0.0028
vn -0.4751 0.8707 0.1273
vn -0.8339 0.5047 0.2234
vn -0.9659 -0.0000 0.2588
vn -0.8339 -0.5047 0.2234
vn -0.4751 -0.8707 0.1273
vn 0.0104 -0.9999 -0.0028
vn 0.4907 -0.8614 -0.1315
vn 0.8391 -0.4954 -0.2248
vn 0.9239 -0.0000 -0.3827
vn 0.8025 0.4954 -0.3324
vn 0.4693 0.8614 -0.1944
vn 0.0100 0.9999 -0.0041
vn -0.4544 0.8707 0.1882
vn -0.7976 0.5047 0.3304
vn -0.9239 -0.0000 0.3827
vn -0.7976 -0.5047 0.3304
vn -0.4544 -0.8707 0.1882
vn 0.0100 -0.9999 -0.0041
vn 0.4693 -0.8614 -0.1944
vn 0.8025 -0.4954 -0.3324
vn 0.8660 -0.0000 -0.5000
vn 0.7523 0.4954 -0.4343
vn 0.4399 0.8614 -0.2540
vn 0.0093 0.9999 -0.0054
vn -0.4259 0.8707 0.2459
vn -0.7476 0.5047 0.4316
vn -0.8660 -0.0000 0.5000
vn -0.7476 -0.5047 0.4316
vn -0.4259 -0.8707 0.2459
vn 0.0093 -0.9999 -0.0054
vn 0.4399 -0.8614 -0.2540
vn 0.7523 -0.4954 -0.4343
vn 0.7934 -0.0000 -0.6088
vn 0.6892 0.4954 -0.5288
vn 0.4030 0.8614 -0.3092
vn 0.0086 0.9999 -0.0066
vn -0.3902 0.8707 0.2994
vn -0.6849 0.5047 0.5255
vn -0.7934 -0.0000 0.6088
vn -0.6849 -0.5047 0.5255
vn -0.3902 -0.8707 0.2994
vn 0.0086 -0.9999 -0.0066
vn 0.4030 -0.8614 -0.3092
vn 0.6892 -0.4954 -0.5288
vn 0.7071 -0.0000 -0.7071
vn 0.6142 0.4954 -0.6142
vn 0.3592 0.8614 -0.3592
vn 0.0076 0.9999 -0.0076
vn -0.3478 0.8707 0.3478
vn -0.6104 0.5047 0.6104
vn -0.7071 -0.0000 0.7071
vn -0.6104 -0.5047 0.6104
vn -0.3478 -0.8707 0.3478
vn 0.0076 -0.9999 -0.0076
vn 0.3592 -0.8614 -0.3592
vn 0.6142 -0.4954 -0.6142
vn 0.6088 -0.0000 -0.7934
vn 0.5288 0.4954 -0.6892
vn 0.3093 0.8614 -0.4030
vn 0.0066 0.9999 -0.0085
vn -0.2994 0.8707 0.3902
vn -0.5255 0.5047 0.6849
vn -0.6088 -0.0000 0.7934
vn -0.5255 -0.5047 0.6849
vn -0.2994 -0.8707 0.3902
vn 0.0066 -0.9999 -0.0086
vn 0.3092 -0.8614 -0.4030
vn 0.5288 -0.4954 -0.6892
vn 0.5000 -0.0000 -0.8660
vn 0.4343 0.4954 -0.7523
vn 0.2540 0.8614 -0.4399
vn 0.0054 0.9999 -0.0093
vn -0.2459 0.8707 0.4259
vn -0.4316 0.5047 0.7476
vn -0.5000 -0.0000 0.8660
vn -0.4316 -0.5047 0.7476
vn -0.2459 -0.8707 0.4259
vn 0.0054 -0.9999 -0.0093
vn 0.2540 -0.8614 -0.4399
vn 0.4343 -0.4954 -0.7523
vn 0.3827 -0.0000 -0.9239
vn 0.3324 0.4954 -0.8025
vn 0.1944 0.8614 -0.4693
vn 0.0041 0.9999 -0.0100
vn -0.1882 0.8707 0.4544
vn -0.3304 0.5047 0.7976
vn -0.3827 -0.0000 0.9239
vn -0.3304 -0.5047 0.7976
vn -0.1882 -0.8707 0.4544
vn 0.0041 -0.9999 -0.0100
vn 0.1944 -0.8614 -0.4693
vn 0.3324 -0.4954 -0.8025
vn 0.2588 -0.0000 -0.9659
vn 0.2248 0.4954 -0.8391
vn 0.1315 0.8614 -0.4907
vn 0.0028 0.9999 -0.0104
vn -0.1273 0.8707 0.4751
vn -0.2234 0.5047 0.8339
vn -0.2588 -0.0000 0.9659
vn -0.2234 -0.5047 0.8339
vn -0.1273 -0.8707 0.4751
vn 0.0028 -0.9999 -0.0104
vn 0.1315 -0.8614 -0.4907
vn 0.2248 -0.4954 -0.8391
vn 0.1305 -0.0000 -0.9914
vn 0.1134 0.4954 -0.8612
vn 0.0663 0.8614 -0.5037
vn 0.0014 0.9999 -0.0107
vn -0.0642 0.8707 0.4876
vn -0.1127 0.5047 0.8559
vn -0.1305 -0.0000 0.9914
vn -0.1127 -0.5047 0.8559
vn -0.0642 -0.8707 0.4876
vn 0.0014 -0.9999 -0.0107
vn 0.0663 -0.8614 -0.5036
vn 0.1134 -0.4954 -0.8612
vn -0.0000 -0.0000 -1.0000
vn -0.0000 0.4954 -0.8687
vn -0.0000 0.8614 -0.5080
vn -0.0000 0.9999 -0.0108
vn -0.0000 0.8707 0.4918
vn -0.0000 0.5047 0.8633
vn -0.0000 -0.0000 1.0000
vn -0.0000 -0.5047 0.8633
vn -0.0000 -0.8707 0.4918
vn -0.0000 -0.9999 -0.0108
vn -0.0000 -0.8614 -0.5080
vn -0.0000 -0.4954 -0.8687
vn -0.1305 -0.0000 -0.9914
vn -0.1134 0.4954 -0.8612
vn -0.0663 0.8614 -0.5037
vn -0.0014 0.9999 -0.0107
vn 0.0642 0.8707 0.4876
vn 0.1127 0.5047 0.8559
vn 0.1305 -0.0000 0.9914
vn 0.1127 -0.5047 0.8559
vn 0.0642 -0.8707 0.4876
vn -0.0014 -0.9999 -0.0107
vn -0.0663 -0.8614 -0.5037
vn -0.1134 -0.4954 -0.8612
vn -0.2588 -0.0000 -0.9659
vn -0.2248 0.4954 -0.8391
vn -0.1315 0.8614 -0.4907
vn -0.0028 0.9999 -0.0104
vn 0.1273 0.8707 0.4751
vn 0.2234 0.5047 0.8339
vn 0.2588 -0.0000 0.9659
vn 0.2234 -0.5047 0.8339
vn 0.1273 -0.8707 0.4751
vn -0.0028 -0.9999 -0.0104
vn -0.1315 -0.8614 -0.4907
vn -0.2248 -0.4954 -0.8391
vn -0.3827 -0.0000 -0.9239
vn -0.3324 0.4954 -0.8025
vn -0.1944 0.8614 -0.4693
vn -0.0041 0.9999 -0.0100
vn 0.1882 0.8707 0.4544
vn 0.3304 0.5047 0.7976
vn 0.3827 -0.0000 0.9239
vn 0.3304 -0.5047 0.7976
vn 0.1882 -0.8707 0.4544
vn -0.0041 -0.9999 -0.0100
vn -0.1944 -0.8614 -0.4693
vn -0.3324 -0.4954 -0.8025
vn -0.5000 -0.0000 -0.8660
vn -0.4343 0.4954 -0.7523
vn -0.2540 0.8614 -0.4399
vn -0.0054 0.9999 -0.0093
vn 0.2459 0.8707 0.4259
vn 0.4316 0.5047 0.7476
vn 0.5000 -0.0000 0.8660
vn 0.4316 -0.5047 0.7476
vn 0.2459 -0.8707 0.4259
vn -0.0054 -0.9999 -0.0093
vn -0.2540 -0.8614 -0.4399
vn -0.4343 -0.4954 -0.7523
vn -0.6088 -0.0000 -0.7934
vn -0.5288 0.4954 -0.6892
vn -0.3092 0.8614 -0.4030
vn -0.0066 0.9999 -0.0086
vn 0.2994 0.8707 0.3902
vn 0.5255 0.5047 0.6849
vn 0.6088 -0.0000 0.7934
vn 0.5255 -0.5047 0.6849
vn 0.2994 -0.8707 0.3902
vn -0.0066 -0.9999 -0.0086
vn -0.3092 -0.8614 -0.4030
vn -0.5288 -0.4954 -0.6892
vn -0.7071 -0.0000 -0.7071
vn -0.6142 0.4954 -0.6142
vn -0.3592 0.8614 -0.3592
vn -0.0076 0.9999 -0.0076
vn 0.3478 0.8707 0.3478
vn 0.6104 0.5047 0.6104
vn 0.7071 -0.0000 0.7071
vn 0.6104 -0.5047 0.6104
vn 0.3478 -0.8707 0.3478
vn -0.0076 -0.9999 -0.0076
vn -0.3592 -0.8614 -0.3592
vn -0.6142 -0.4954 -0.6142
vn -0.7934 -0.0000 -0.6088
vn -0.6892 0.4954 -0.5288
vn -0.4030 0.8614 -0.3093
vn -0.0086 0.9999 -0.0066
vn 0.3902 0.8707 0.2994
vn 0.6849 0.5047 0.5255
vn 0.7934 -0.0000 0.6088
vn 0.6849 -0.5047 0.5255
vn 0.3902 -0.8707 0.2994
vn -0.0086 -0.9999 -0.0066
vn -0.4030 -0.8614 -0.3093
vn -0.6892 -0.4954 -0.5288
vn -0.8660 -0.0000 -0.5000
vn -0.7523 0.4954 -0.4343
vn -0.4399 0.8614 -0.2540
vn -0.0093 0.9999 -0.0054
vn 0.4259 0.8707 0.2459
vn 0.7476 0.5047 0.4316
vn 0.8660 -0.0000 0.5000
vn 0.7476 -0.5047 0.4316
vn 0.4259 -0.8707 0.2459
vn -0.0093 -0.9999 -0.0054
vn -0.4399 -0.8614 -0.2540
vn -0.7523 -0.4954 -0.4343
vn -0.9239 -0.0000 -0.3827
vn -0.8025 0.4954 -0.3324
vn -0.4693 0.8614 -0.1944
vn -0.0100 0.9999 -0.0041
vn 0.4544 0.8707 0.1882
vn 0.7976 0.5047 0.3304
vn 0.9239 -0.0000 0.3827
vn 0.7976 -0.5047 0.3304
vn 0.4544 -0.8707 0.1882
vn -0.0100 -0.9999 -0.0041
vn -0.4693 -0.8614 -0.1944
vn -0.8025 -0.4954 -0.3324
vn -0.9659 -0.0000 -0.2588
vn -0.8391 0.4954 -0.2248
vn -0.4907 0.8614 -0.1315
vn -0.0104 0.9999 -0.0028
vn 0.4751 0.8707 0.1273
vn 0.8339 0.5047 0.2234
vn 0.9659 -0.0000 0.2588
vn 0.8339 -0.5047 0.2234
vn 0.4751 -0.8707 0.1273
vn -0.0104 -0.9999 -0.0028
vn -0.4907 -0.8614 -0.1315
vn -0.8391 -0.4954 -0.2248
vn -0.9914 -0.0000 -0.1305
vn -0.8612 0.4954 -0.1134
vn -0.5037 0.8614 -0.0663
vn -0.0107 0.9999 -0.0014
vn 0.4876 0.8707 0.0642
vn 0.8559 0.5047 0.1127
vn 0.9914 -0.0000 0.1305
vn 0.8559 -0.5047 0.1127
vn 0.4876 -0.8707 0.0642
vn -0.0107 -0.9999 -0.0014
vn -0.5037 -0.8614 -0.0663
vn -0.8612 -0.4954 -0.1134
vn -0.8687 0.4954 -0.0000
vn -0.5080 0.8614 -0.0000
vn -0.0108 0.9999 -0.0000
vn 0.4918 0.8707 -0.0000
vn 0.8633 0.5047 -0.0000
vn 0.8633 -0.5047 -0.0000
vn 0.4918 -0.8707 -0.0000
vn -0.0108 -0.9999 -0.0000
vn -0.5080 -0.8614 -0.0000
vn -0.8687 -0.4954 -0.0000
vn -0.8612 0.4954 0.1134
vn -0.5037 0.8614 0.0663
vn -0.0107 0.9999 0.0014
vn 0.4876 0.8707 -0.0642
vn 0.8559 0.5047 -0.1127
vn 0.8559 -0.5047 -0.1127
vn 0.4876 -0.8707 -0.0642
vn -0.0107 -0.9999 0.0014
vn -0.5037 -0.8614 0.0663
vn -0.8612 -0.4954 0.1134
vn -0.8391 0.4954 0.2248
vn -0.4907 0.8614 0.1315
vn -0.0104 0.9999 0.0028
vn 0.4751 0.8707 -0.1273
vn 0.8339 0.5047 -0.2234
vn 0.8339 -0.5047 -0.2234
vn 0.4751 -0.8707 -0.1273
vn -0.0104 -0.9999 0.0028
vn -0.4907 -0.8614 0.1315
vn -0.8391 -0.4954 0.2248
vn -0.8025 0.4954 0.3324
vn -0.4693 0.8614 0.1944
vn -0.0100 0.9999 0.0041
vn 0.4544 0.8707 -0.1882
vn 0.7976 0.5047 -0.3304
vn 0.7976 -0.5047 -0.3304
vn 0.4544 -0.8707 -0.1882
vn -0.0100 -0.9999 0.0041
vn -0.4693 -0.8614 0.1944
vn -0.8025 -0.4954 0.3324
vn -0.7523 0.4954 0.4343
vn -0.4399 0.8614 0.2540
vn -0.0093 0.9999 0.0054
vn 0.4259 0.8707 -0.2459
vn 0.7476 0.5047 -0.4316
vn 0.7476 -0.5047 -0.4316
vn 0.4259 -0.8707 -0.2459
vn -0.0093 -0.9999 0.0054
vn -0.4399 -0.8614 0.2540
vn -0.7523 -0.4954 0.4343
vn -0.6892 0.4954 0.5288
vn -0.4030 0.8614 0.3093
vn -0.0086 0.9999 0.0066
vn 0.3902 0.8707 -0.2994
vn 0.6849 0.5047 -0.5255
vn 0.6849 -0.5047 -0.5255
vn 0.3902 -0.8707 -0.2994
vn -0.0086 -0.9999 0.0066
vn -0.4030 -0.8614 0.3092
vn -0.6892 -0.4954 0.5288
vn -0.6142 0.4954 0.6142
vn -0.3592 0.8614 0.3592
vn -0.0076 0.9999 0.0076
vn 0.3478 0.8707 -0.3478
vn 0.6104 0.5047 -0.6104
vn 0.6104 -0.5047 -0.6104
vn 0.3478 -0.8707 -0.3478
vn -0.0076 -0.9999 0.0076
vn -0.3592 -0.8614 0.3592
vn -0.6142 -0.4954 0.6142
vn -0.5288 0.4954 0.6892
vn -0.3092 0.8614 0.4030
vn -0.0066 0.9999 0.0085
vn 0.2994 0.8707 -0.3902
vn 0.5255 0.5047 -0.6849
vn 0.5255 -0.5047 -0.6849
vn 0.2994 -0.8707 -0.3902
vn -0.0066 -0.9999 0.0086
vn -0.3092 -0.8614 0.4030
vn -0.5288 -0.4954 0.6892
vn -0.4343 0.4954 0.7523
vn -0.2540 0.8614 0.4399
vn -0.0054 0.9999 0.0093
vn 0.2459 0.8707 -0.4259
vn 0.4316 0.5047 -0.7476
vn 0.4316 -0.5047 -0.7476
vn 0.2459 -0.8707 -0.4259
vn -0.0054 -0.9999 0.0093
vn -0.2540 -0.8614 0.4399
vn -0.4343 -0.4954 0.7523
vn -0.3324 0.4954 0.8025
vn -0.1944 0.8614 0.4693
vn -0.0041 0.9999 0.0100
vn 0.1882 0.8707 -0.4544
vn 0.3304 0.5047 -0.7976
vn 0.3304 -0.5047 -0.7976
vn 0.1882 -0.8707 -0.4544
vn -0.0041 -0.9999 0.0100
vn -0.1944 -0.8614 0.4693
vn -0.3324 -0.4954 0.8025
vn -0.2248 0.4954 0.8391
vn -0.1315 0.8614 0.4907
vn -0.0028 0.9999 0.0104
vn 0.1273 0.8707 -0.4751
vn 0.2234 0.5047 -0.8339
vn 0.2234 -0.5047 -0.8339
vn 0.1273 -0.8707 -0.4751
vn -0.0028 -0.9999 0.0104
vn -0.1315 -0.8614 0.4907
vn -0.2248 -0.4954 0.8391
vn -0.1134 0.4954 0.8612
vn -0.0663 0.8614 0.5037
vn -0.0014 0.9999 0.0107
vn 0.0642 0.8707 -0.4876
vn 0.1127 0.5047 -0.8559
vn 0.1127 -0.5047 -0.8559
vn 0.0642 -0.8707 -0.4876
vn -0.0014 -0.9999 0.0107
vn -0.0663 -0.8614 0.5037
vn -0.1134 -0.4954 0.8612
vn -0.0000 0.4954 0.8687
vn -0.0000 0.8614 0.5080
vn -0.0000 0.9999 0.0108
vn -0.0000 0.8707 -0.4918
vn -0.0000 0.5047 -0.8633
vn -0.0000 -0.5047 -0.8633
vn -0.0000 -0.8707 -0.4918
vn -0.0000 -0.9999 0.0108
vn -0.0000 -0.8614 0.5080
vn -0.0000 -0.4954 0.8687
vn 0.1134 0.4954 0.8612
vn 0.0663 0.8614 0.5036
vn 0.0014 0.9999 0.0107
vn -0.0642 0.8707 -0.4876
vn -0.1127 0.5047 -0.8559
vn -0.1127 -0.5047 -0.8559
vn -0.0642 -0.8707 -0.4876
vn 0.0014 -0.9999 0.0107
vn 0.0663 -0.8614 0.5036
vn 0.1134 -0.4954 0.8612
vn 0.2248 0.4954 0.8391
vn 0.1315 0.8614 0.4907
vn 0.0028 0.9999 0.0104
vn -0.1273 0.8707 -0.4751
vn -0.2234 0.5047 -0.8339
vn -0.2234 -0.5047 -0.8339
vn -0.1273 -0.8707 -0.4751
vn 0.0028 -0.9999 0.0104
vn 0.1315 -0.8614 0.4907
vn 0.2248 -0.4954 0.8391
vn 0.3324 0.4954 0.8025
vn 0.1944 0.8614 0.4693
vn 0.0041 0.9999 0.0100
vn -0.1882 0.8707 -0.4544
vn -0.3304 0.5047 -0.7976
vn -0.3304 -0.5047 -0.7976
vn -0.1882 -0.8707 -0.4544
vn 0.0041 -0.9999 0.0100
vn 0.1944 -0.8614 0.4693
vn 0.3324 -0.4954 0.8025
vn 0.4343 0.4954 0.7523
vn 0.2540 0.8614 0.4399
vn 0.0054 0.9999 0.0093
vn -0.2459 0.8707 -0.4259
vn -0.4316 0.5047 -0.7476
vn -0.4316 -0.5047 -0.7476
vn -0.2459 -0.8707 -0.4259
vn 0.0054 -0.9999 0.0093
vn 0.2540 -0.8614 0.4399
vn 0.4343 -0.4954 0.7523
vn 0.5288 0.4954 0.6892
vn 0.3092 0.8614 0.4030
vn 0.0066 0.9999 0.0086
vn -0.2994 0.8707 -0.3902
vn -0.5255 0.5047 -0.6849
vn -0.5255 -0.5047 -0.6849
vn -0.2994 -0.8707 -0.3902
vn 0.0066 -0.9999 0.0086
vn 0.3093 -0.8614 0.4030
vn 0.5288 -0.4954 0.6892
vn 0.6142 0.4954 0.6142
vn 0.3592 0.8614 0.3592
vn 0.0076 0.9999 0.0076
vn -0.3478 0.8707 -0.3478
vn -0.6104 0.5047 -0.6104
vn -0.6104 -0.5047 -0.6104
vn -0.3478 -0.8707 -0.3478
vn 0.0076 -0.9999 0.0076
vn 0.3592 -0.8614 0.3592
vn 0.6142 -0.4954 0.6142
vn 0.6892 0.4954 0.5288
vn 0.4030 0.8614 0.3092
vn 0.0086 0.9999 0.0066
vn -0.3902 0.8707 -0.2994
vn -0.6849 0.5047 -0.5255
vn -0.6849 -0.5047 -0.5255
vn -0.3902 -0.8707 -0.2994
vn 0.0086 -0.9999 0.0066
vn 0.4030 -0.8614 0.3092
vn 0.6892 -0.4954 0.5288
vn 0.7523 0.4954 0.4343
vn 0.4399 0.8614 0.2540
vn 0.0093 0.9999 0.0054
vn -0.4259 0.8707 -0.2459
vn -0.7476 0.5047 -0.4316
vn -0.7476 -0.5047 -0.4316
vn -0.4259 -0.8707 -0.2459
vn 0.0093 -0.9999 0.0054
vn 0.4399 -0.8614 0.2540
vn 0.7523 -0.4954 0.4343
vn 0.8025 0.4954 0.3324
vn 0.4693 0.8614 0.1944
vn 0.0100 0.9999 0.0041
vn -0.4544 0.8707 -0.1882
vn -0.7976 0.5047 -0.3304
vn -0.7976 -0.5047 -0.3304
vn -0.4544 -0.8707 -0.1882
vn 0.0100 -0.9999 0.0041
vn 0.4693 -0.8614 0.1944
vn 0.8025 -0.4954 0.3324
vn 0.8391 0.4954 0.2248
vn 0.4907 0.8614 0.1315
vn 0.0104 0.9999 0.0028
vn -0.4751 0.8707 -0.1273
vn -0.8339 0.5047 -0.2234
vn -0.8339 -0.5047 -0.2234
vn -0.4751 -0.8707 -0.1273
vn 0.0104 -0.9999 0.0028
vn 0.4907 -0.8614 0.1315
vn 0.8391 -0.4954 0.2248
vn 0.8612 0.4954 0.1134
vn 0.5037 0.8614 0.0663
vn 0.0107 0.9999 0.0014
vn -0.4876 0.8707 -0.0642
vn -0.8559 0.5047 -0.1127
vn -0.8559 -0.5047 -0.1127
vn -0.4876 -0.8707 -0.0642
vn 0.0107 -0.9999 0.0014
vn 0.5036 -0.8614 0.0663
vn 0.8612 -0.4954 0.1134
vt 0.979167 0.605000
vt 0.999675 0.577824
vt 1.000000 0.605000
vt 0.979167 0.577824
vt 0.998723 0.552500
vt 0.979167 0.552500
vt 0.997208 0.500000
vt 0.781290 0.487674
vt 0.750000 0.380200
vt 0.750000 0.489725
vt 0.760081 0.326575
vt 0.750000 0.327236
vt 0.752663 0.270225
vt 0.750000 0.270399
vt 1.000000 0.895000
vt 0.979167 0.922176
vt 0.979167 0.895000
vt 0.998723 0.947500
vt 0.979167 0.947500
vt 0.997208 1.000000
vt 0.979167 1.000000
vt 0.250000 0.489725
vt 0.266995 0.379086
vt 0.281290 0.487674
vt 0.250000 0.380200
vt 0.260081 0.326575
vt 0.250000 0.327236
vt 0.252663 0.270225
vt 0.958333 0.605000
vt 0.958333 0.577824
vt 0.958333 0.552500
vt 0.979167 0.500000
vt 0.783698 0.375763
vt 0.766995 0.379086
vt 0.769990 0.324604
vt 0.958333 0.922176
vt 0.958333 0.895000
vt 0.958333 0.947500
vt 0.958333 1.000000
vt 0.283698 0.375763
vt 0.312045 0.481556
vt 0.269990 0.324604
vt 0.255280 0.269704
vt 0.937500 0.605000
vt 0.937500 0.577824
vt 0.937500 0.552500
vt 0.958333 0.500000
vt 0.812045 0.481556
vt 0.799825 0.370289
vt 0.779557 0.321357
vt 0.755280 0.269704
vt 0.937500 0.922176
vt 0.937500 0.895000
vt 0.937500 0.947500
vt 0.937500 1.000000
vt 0.299825 0.370289
vt 0.341739 0.471477
vt 0.279557 0.321357
vt 0.257807 0.268847
vt 0.916667 0.577824
vt 0.916667 0.500000
vt 0.937500 0.500000
vt 0.869862 0.457608
vt 0.841739 0.471477
vt 0.788618 0.316889
vt 0.757807 0.268847
vt 0.916667 0.922176
vt 0.916667 0.895000
vt 0.916667 0.947500
vt 0.916667 1.000000
vt 0.315100 0.362756
vt 0.369862 0.457608
vt 0.288618 0.316889
vt 0.260200 0.267666
vt 0.895833 0.605000
vt 0.916667 0.605000
vt 0.895833 0.577824
vt 0.916667 0.552500
vt 0.895834 0.552500
vt 0.895935 0.440187
vt 0.815100 0.362756
vt 0.829261 0.353294
vt 0.797018 0.311276
vt 0.760200 0.267666
vt 0.895833 0.895000
vt 0.895833 0.922176
vt 0.895833 0.947500
vt 0.895833 1.000000
vt 0.395935 0.440187
vt 0.329261 0.353294
vt 0.297018 0.311276
vt 0.262418 0.266184
vt 0.875000 0.605000
vt 0.875000 0.552500
vt 0.875000 0.500000
vt 0.895833 0.500000
vt 0.842065 0.342065
vt 0.804614 0.304614
vt 0.764425 0.264425
vt 0.762419 0.266184
vt 0.875000 0.922176
vt 0.875000 0.895000
vt 0.875000 0.947500
vt 0.875000 1.000000
vt 0.342065 0.342065
vt 0.419511 0.419511
vt 0.304614 0.304614
vt 0.264425 0.264425
vt 0.854167 0.605000
vt 0.875000 0.577824
vt 0.854167 0.577824
vt 0.854167 0.552500
vt 0.940187 0.395935
vt 0.919511 0.419511
vt 0.853295 0.329261
vt 0.811276 0.297018
vt 0.854167 0.922176
vt 0.854167 0.895000
vt 0.854167 0.947500
vt 0.854167 1.000000
vt 0.440187 0.395935
vt 0.353294 0.329260
vt 0.311276 0.297018
vt 0.266184 0.262418
vt 0.833334 0.577824
vt 0.833333 0.552500
vt 0.833333 0.500000
vt 0.854167 0.500000
vt 0.862756 0.315100
vt 0.767666 0.260200
vt 0.766184 0.262418
vt 0.833333 0.922176
vt 0.833333 0.895000
vt 0.833333 0.947500
vt 0.833333 1.000000
vt 0.362756 0.315100
vt 0.457608 0.369862
vt 0.316888 0.288618
vt 0.267666 0.260200
vt 0.812500 0.605000
vt 0.833333 0.605000
vt 0.812500 0.577824
vt 0.812500 0.552500
vt 0.971477 0.341739
vt 0.957608 0.369862
vt 0.870289 0.299825
vt 0.816888 0.288618
vt 0.821357 0.279557
vt 0.812500 0.895000
vt 0.812500 0.922176
vt 0.812500 0.947500
vt 0.812500 1.000000
vt 0.370289 0.299825
vt 0.471477 0.341739
vt 0.321357 0.279557
vt 0.268847 0.257806
vt 0.791667 0.605000
vt 0.791667 0.552500
vt 0.791667 0.500000
vt 0.812500 0.500000
vt 0.981556 0.312045
vt 0.824604 0.269990
vt 0.769704 0.255280
vt 0.768847 0.257807
vt 0.791667 0.922176
vt 0.791667 0.895000
vt 0.791667 0.947500
vt 0.791667 1.000000
vt 0.481556 0.312045
vt 0.375763 0.283698
vt 0.324604 0.269990
vt 0.269704 0.255280
vt 0.770834 0.605000
vt 0.791667 0.577824
vt 0.770834 0.577824
vt 0.770834 0.552500
vt 0.987674 0.281290
vt 0.875763 0.283698
vt 0.879086 0.266995
vt 0.826575 0.260081
vt 0.770833 0.922176
vt 0.770834 0.895000
vt 0.770833 0.947500
vt 0.770834 1.000000
vt 0.487674 0.281290
vt 0.379086 0.266994
vt 0.326575 0.260081
vt 0.270225 0.252663
vt 0.750000 0.605000
vt 0.750000 0.552500
vt 0.750000 0.500000
vt 0.770834 0.500000
vt 0.989725 0.250000
vt 0.880200 0.250000
vt 0.827236 0.250000
vt 0.770225 0.252663
vt 0.750000 0.922176
vt 0.750000 0.895000
vt 0.750000 0.947500
vt 0.750000 1.000000
vt 0.380200 0.250000
vt 0.489725 0.250000
vt 0.327236 0.250000
vt 0.270399 0.250000
vt 0.729167 0.605000
vt 0.750000 0.577824
vt 0.729167 0.577824
vt 0.729167 0.552500
vt 0.987674 0.218710
vt 0.826575 0.239919
vt 0.770225 0.247337
vt 0.770400 0.250000
vt 0.729167 0.922176
vt 0.729167 0.895000
vt 0.729167 0.947500
vt 0.729167 1.000000
vt 0.379086 0.233006
vt 0.487674 0.218710
vt 0.326575 0.239919
vt 0.270225 0.247337
vt 0.708334 0.605000
vt 0.708334 0.577824
vt 0.708334 0.552500
vt 0.729167 0.500000
vt 0.875763 0.216302
vt 0.879086 0.233006
vt 0.824604 0.230010
vt 0.708334 0.922176
vt 0.708334 0.895000
vt 0.708334 0.947500
vt 0.708334 1.000000
vt 0.375763 0.216302
vt 0.481556 0.187955
vt 0.324604 0.230010
vt 0.269704 0.244720
vt 0.687500 0.605000
vt 0.687500 0.577824
vt 0.687500 0.552500
vt 0.708334 0.500000
vt 0.981556 0.187955
vt 0.870289 0.200175
vt 0.821357 0.220443
vt 0.769705 0.244720
vt 0.687500 0.922176
vt 0.687500 0.895000
vt 0.687500 0.947500
vt 0.687500 1.000000
vt 0.370289 0.200175
vt 0.471477 0.158261
vt 0.321357 0.220443
vt 0.268847 0.242193
vt 0.666667 0.577824
vt 0.666667 0.500000
vt 0.687500 0.500000
vt 0.957608 0.130138
vt 0.971477 0.158261
vt 0.816888 0.211382
vt 0.768847 0.242194
vt 0.666667 0.922176
vt 0.666667 0.895000
vt 0.666667 0.947500
vt 0.666667 1.000000
vt 0.362756 0.184900
vt 0.457608 0.130138
vt 0.316889 0.211382
vt 0.267667 0.239800
vt 0.645834 0.605000
vt 0.666667 0.605000
vt 0.645834 0.577824
vt 0.666667 0.552500
vt 0.645834 0.552500
vt 0.940187 0.104065
vt 0.862756 0.184900
vt 0.853295 0.170740
vt 0.811276 0.202982
vt 0.767666 0.239800
vt 0.645834 0.895000
vt 0.645834 0.922176
vt 0.645834 0.947500
vt 0.645834 1.000000
vt 0.440187 0.104065
vt 0.353294 0.170739
vt 0.311276 0.202982
vt 0.266184 0.237582
vt 0.625000 0.605000
vt 0.625000 0.552500
vt 0.625000 0.500000
vt 0.645834 0.500000
vt 0.842065 0.157935
vt 0.804614 0.195386
vt 0.764425 0.235575
vt 0.766184 0.237582
vt 0.625000 0.922176
vt 0.625000 0.895000
vt 0.625000 0.947500
vt 0.625000 1.000000
vt 0.342065 0.157935
vt 0.419511 0.080489
vt 0.304614 0.195386
vt 0.264425 0.235575
vt 0.604167 0.605000
vt 0.625000 0.577824
vt 0.604167 0.577824
vt 0.604167 0.552500
vt 0.895935 0.059813
vt 0.919511 0.080489
vt 0.829261 0.146706
vt 0.797018 0.188724
vt 0.604167 0.922176
vt 0.604167 0.895000
vt 0.604167 0.947500
vt 0.604167 1.000000
vt 0.395935 0.059813
vt 0.329261 0.146706
vt 0.297018 0.188724
vt 0.262418 0.233816
vt 0.583334 0.577824
vt 0.583334 0.552500
vt 0.583334 0.500000
vt 0.604167 0.500000
vt 0.815100 0.137244
vt 0.760200 0.232334
vt 0.762418 0.233816
vt 0.583334 0.922176
vt 0.583334 0.895000
vt 0.583334 0.947500
vt 0.583334 1.000000
vt 0.315100 0.137244
vt 0.369862 0.042392
vt 0.288618 0.183111
vt 0.260200 0.232334
vt 0.562500 0.605000
vt 0.583334 0.605000
vt 0.562500 0.577824
vt 0.562500 0.552500
vt 0.841739 0.028523
vt 0.869862 0.042392
vt 0.799825 0.129711
vt 0.788618 0.183111
vt 0.779557 0.178643
vt 0.562500 0.895000
vt 0.562500 0.922176
vt 0.562500 0.947500
vt 0.562500 1.000000
vt 0.299825 0.129711
vt 0.341739 0.028523
vt 0.279557 0.178643
vt 0.257807 0.231153
vt 0.541667 0.605000
vt 0.541667 0.552500
vt 0.541667 0.500000
vt 0.562500 0.500000
vt 0.812045 0.018444
vt 0.769990 0.175396
vt 0.755280 0.230296
vt 0.757807 0.231153
vt 0.541667 0.922176
vt 0.541667 0.895000
vt 0.541667 0.947500
vt 0.541667 1.000000
vt 0.312045 0.018444
vt 0.283698 0.124237
vt 0.269990 0.175396
vt 0.255280 0.230296
vt 0.520834 0.605000
vt 0.541667 0.577824
vt 0.520834 0.577824
vt 0.520834 0.552500
vt 0.781290 0.012326
vt 0.783698 0.124237
vt 0.766995 0.120914
vt 0.760081 0.173425
vt 0.520834 0.922176
vt 0.520834 0.895000
vt 0.520834 0.947500
vt 0.520834 1.000000
vt 0.281290 0.012326
vt 0.266994 0.120914
vt 0.260081 0.173425
vt 0.252663 0.229775
vt 0.500000 0.605000
vt 0.500000 0.552500
vt 0.500000 0.500000
vt 0.520834 0.500000
vt 0.750000 0.010275
vt 0.750000 0.119800
vt 0.750000 0.172764
vt 0.752663 0.229775
vt 0.500000 0.922176
vt 0.500000 0.895000
vt 0.500000 0.947500
vt 0.500000 1.000000
vt 0.250000 0.119800
vt 0.250000 0.010275
vt 0.250000 0.172764
vt 0.250000 0.229601
vt 0.479167 0.605000
vt 0.500000 0.577824
vt 0.479167 0.577824
vt 0.479167 0.552500
vt 0.718710 0.012326
vt 0.739919 0.173425
vt 0.747337 0.229775
vt 0.750000 0.229601
vt 0.479167 0.922176
vt 0.479167 0.895000
vt 0.479167 0.947500
vt 0.479167 1.000000
vt 0.233006 0.120914
vt 0.218710 0.012326
vt 0.239919 0.173425
vt 0.247337 0.229775
vt 0.458334 0.605000
vt 0.458334 0.577824
vt 0.458334 0.552500
vt 0.479167 0.500000
vt 0.716302 0.124237
vt 0.733006 0.120914
vt 0.730010 0.175396
vt 0.458334 0.922176
vt 0.458334 0.895000
vt 0.458334 0.947500
vt 0.458334 1.000000
vt 0.216302 0.124237
vt 0.187955 0.018444
vt 0.230010 0.175396
vt 0.244720 0.230296
vt 0.437500 0.605000
vt 0.437500 0.577824
vt 0.437500 0.552500
vt 0.458334 0.500000
vt 0.687955 0.018444
vt 0.700175 0.129711
vt 0.720443 0.178643
vt 0.744720 0.230296
vt 0.437500 0.922176
vt 0.437500 0.895000
vt 0.437500 0.947500
vt 0.437500 1.000000
vt 0.200175 0.129711
vt 0.158261 0.028523
vt 0.220443 0.178643
vt 0.242193 0.231153
vt 0.416667 0.577824
vt 0.416667 0.500000
vt 0.437500 0.500000
vt 0.630138 0.042392
vt 0.658261 0.028523
vt 0.711382 0.183111
vt 0.742193 0.231153
vt 0.416667 0.922176
vt 0.416667 0.895000
vt 0.416667 0.947500
vt 0.416667 1.000000
vt 0.184900 0.137244
vt 0.130138 0.042392
vt 0.211382 0.183111
vt 0.239800 0.232334
vt 0.395834 0.605000
vt 0.416667 0.605000
vt 0.395834 0.577824
vt 0.416667 0.552500
vt 0.395834 0.552500
vt 0.604065 0.059813
vt 0.684900 0.137244
vt 0.670740 0.146706
vt 0.702982 0.188724
vt 0.739800 0.232334
vt 0.395834 0.895000
vt 0.395834 0.922176
vt 0.395834 0.947500
vt 0.395834 1.000000
vt 0.104065 0.059813
vt 0.170740 0.146706
vt 0.202982 0.188724
vt 0.237582 0.233816
vt 0.375000 0.605000
vt 0.375000 0.552500
vt 0.375000 0.500000
vt 0.395834 0.500000
vt 0.657935 0.157935
vt 0.695386 0.195386
vt 0.735575 0.235575
vt 0.737582 0.233816
vt 0.375000 0.922176
vt 0.375000 0.895000
vt 0.375000 0.947500
vt 0.375000 1.000000
vt 0.157935 0.157935
vt 0.080489 0.080489
vt 0.195386 0.195386
vt 0.235575 0.235575
vt 0.354167 0.605000
vt 0.375000 0.577824
vt 0.354167 0.577824
vt 0.354167 0.552500
vt 0.559813 0.104065
vt 0.580489 0.080489
vt 0.646706 0.170739
vt 0.688724 0.202982
vt 0.354167 0.922176
vt 0.354167 0.895000
vt 0.354167 0.947500
vt 0.354167 1.000000
vt 0.059813 0.104065
vt 0.146706 0.170740
vt 0.188724 0.202982
vt 0.233816 0.237582
vt 0.333334 0.577824
vt 0.333334 0.552500
vt 0.333334 0.500000
vt 0.354167 0.500000
vt 0.637244 0.184900
vt 0.732334 0.239800
vt 0.733816 0.237582
vt 0.333334 0.922176
vt 0.333334 0.895000
vt 0.333334 0.947500
vt 0.333334 1.000000
vt 0.137244 0.184900
vt 0.042392 0.130138
vt 0.183111 0.211382
vt 0.232334 0.239800
vt 0.312500 0.605000
vt 0.333334 0.605000
vt 0.312500 0.577824
vt 0.312500 0.552500
vt 0.528523 0.158261
vt 0.542392 0.130138
vt 0.629711 0.200175
vt 0.683112 0.211382
vt 0.678643 0.220443
vt 0.312500 0.895000
vt 0.312500 0.922176
vt 0.312500 0.947500
vt 0.312500 1.000000
vt 0.129711 0.200175
vt 0.028523 0.158261
vt 0.178643 0.220443
vt 0.231153 0.242193
vt 0.291667 0.605000
vt 0.291667 0.552500
vt 0.291667 0.500000
vt 0.312500 0.500000
vt 0.518444 0.187955
vt 0.675395 0.230010
vt 0.730296 0.244720
vt 0.731153 0.242193
vt 0.291667 0.922176
vt 0.291667 0.895000
vt 0.291667 0.947500
vt 0.291667 1.000000
vt 0.018444 0.187955
vt 0.124237 0.216302
vt 0.175395 0.230010
vt 0.230296 0.244720
vt 0.270834 0.605000
vt 0.291667 0.577824
vt 0.270834 0.577824
vt 0.270834 0.552500
vt 0.512326 0.218710
vt 0.624237 0.216302
vt 0.620914 0.233006
vt 0.673425 0.239919
vt 0.270834 0.922176
vt 0.270834 0.895000
vt 0.270834 0.947500
vt 0.270834 1.000000
vt 0.012326 0.218710
vt 0.120914 0.233006
vt 0.173425 0.239919
vt 0.229775 0.247337
vt 0.250000 0.605000
vt 0.250000 0.552500
vt 0.250000 0.500000
vt 0.270834 0.500000
vt 0.510275 0.250000
vt 0.619800 0.250000
vt 0.672764 0.250000
vt 0.729775 0.247337
vt 0.250000 0.922176
vt 0.250000 0.895000
vt 0.250000 0.947500
vt 0.250000 1.000000
vt 0.119800 0.250000
vt 0.010275 0.250000
vt 0.172764 0.250000
vt 0.229601 0.250000
vt 0.229167 0.605000
vt 0.250000 0.577824
vt 0.229167 0.577824
vt 0.229167 0.552500
vt 0.512326 0.281290
vt 0.673424 0.260081
vt 0.729775 0.252663
vt 0.729600 0.250000
vt 0.229167 0.922176
vt 0.229167 0.895000
vt 0.229167 0.947500
vt 0.229167 1.000000
vt 0.120914 0.266995
vt 0.012326 0.281290
vt 0.173425 0.260081
vt 0.229775 0.252663
vt 0.208334 0.605000
vt 0.208334 0.577824
vt 0.208334 0.552500
vt 0.229167 0.500000
vt 0.624237 0.283698
vt 0.620914 0.266994
vt 0.675395 0.269990
vt 0.208334 0.922176
vt 0.208334 0.895000
vt 0.208334 0.947500
vt 0.208334 1.000000
vt 0.124237 0.283698
vt 0.018444 0.312045
vt 0.175396 0.269990
vt 0.230296 0.255280
vt 0.187500 0.605000
vt 0.187500 0.577824
vt 0.187500 0.552500
vt 0.208334 0.500000
vt 0.518444 0.312045
vt 0.629711 0.299825
vt 0.678643 0.279557
vt 0.730295 0.255280
vt 0.187500 0.922176
vt 0.187500 0.895000
vt 0.187500 0.947500
vt 0.187500 1.000000
vt 0.129711 0.299825
vt 0.028523 0.341739
vt 0.178643 0.279557
vt 0.231153 0.257807
vt 0.166667 0.577824
vt 0.166667 0.500000
vt 0.187500 0.500000
vt 0.542392 0.369862
vt 0.528523 0.341739
vt 0.683111 0.288618
vt 0.731153 0.257807
vt 0.166667 0.922176
vt 0.166667 0.895000
vt 0.166667 0.947500
vt 0.166667 1.000000
vt 0.137244 0.315100
vt 0.042392 0.369862
vt 0.183111 0.288618
vt 0.232334 0.260200
vt 0.145834 0.605000
vt 0.166667 0.605000
vt 0.145834 0.577824
vt 0.166667 0.552500
vt 0.145834 0.552500
vt 0.559813 0.395935
vt 0.637244 0.315100
vt 0.646706 0.329260
vt 0.688724 0.297018
vt 0.732334 0.260200
vt 0.145834 0.895000
vt 0.145834 0.922176
vt 0.145834 0.947500
vt 0.145834 1.000000
vt 0.059813 0.395935
vt 0.146706 0.329261
vt 0.188724 0.297018
vt 0.233816 0.262418
vt 0.125000 0.605000
vt 0.125000 0.552500
vt 0.125000 0.500000
vt 0.145834 0.500000
vt 0.657935 0.342065
vt 0.695386 0.304614
vt 0.735575 0.264425
vt 0.733816 0.262418
vt 0.125000 0.922176
vt 0.125000 0.895000
vt 0.125000 0.947500
vt 0.125000 1.000000
vt 0.157935 0.342065
vt 0.080489 0.419511
vt 0.195386 0.304614
vt 0.235575 0.264425
vt 0.104167 0.605000
vt 0.125000 0.577824
vt 0.104167 0.577824
vt 0.104167 0.552500
vt 0.604065 0.440187
vt 0.580489 0.419511
vt 0.670739 0.353294
vt 0.702982 0.311276
vt 0.104167 0.922176
vt 0.104167 0.895000
vt 0.104167 0.947500
vt 0.104167 1.000000
vt 0.104065 0.440187
vt 0.170740 0.353294
vt 0.202982 0.311276
vt 0.237582 0.266184
vt 0.083334 0.577824
vt 0.083334 0.552500
vt 0.083334 0.500000
vt 0.104167 0.500000
vt 0.684900 0.362756
vt 0.739800 0.267666
vt 0.737582 0.266184
vt 0.083334 0.922176
vt 0.083334 0.895000
vt 0.083334 0.947500
vt 0.083334 1.000000
vt 0.184900 0.362756
vt 0.130138 0.457608
vt 0.211382 0.316889
vt 0.239800 0.267666
vt 0.062500 0.605000
vt 0.083334 0.605000
vt 0.062500 0.577824
vt 0.062500 0.552500
vt 0.658261 0.471477
vt 0.630138 0.457608
vt 0.700175 0.370289
vt 0.711382 0.316889
vt 0.720443 0.321357
vt 0.062500 0.895000
vt 0.062500 0.922176
vt 0.062500 0.947500
vt 0.062500 1.000000
vt 0.200175 0.370289
vt 0.158261 0.471477
vt 0.220443 0.321357
vt 0.242193 0.268847
vt 0.041667 0.605000
vt 0.041667 0.552500
vt 0.041667 0.500000
vt 0.062500 0.500000
vt 0.687955 0.481556
vt 0.730010 0.324604
vt 0.744720 0.269704
vt 0.742193 0.268847
vt 0.041667 0.922176
vt 0.041667 0.895000
vt 0.041667 0.947500
vt 0.041667 1.000000
vt 0.187955 0.481556
vt 0.216302 0.375763
vt 0.230010 0.324604
vt 0.244720 0.269704
vt 0.020834 0.605000
vt 0.041667 0.577824
vt 0.020834 0.577824
vt 0.020834 0.552500
vt 0.718710 0.487674
vt 0.716302 0.375763
vt 0.733006 0.379086
vt 0.739919 0.326575
vt 0.020834 0.922176
vt 0.020834 0.895000
vt 0.020834 0.947500
vt 0.020834 1.000000
vt 0.218710 0.487674
vt 0.233006 0.379086
vt 0.239919 0.326575
vt 0.247337 0.270225
vt 0.000000 0.605000
vt 0.001277 0.552500
vt 0.002792 0.500000
vt 0.020834 0.500000
vt 0.747337 0.270225
vt 0.000325 0.922176
vt 0.000000 0.895000
vt 0.001277 0.947500
vt 0.002792 1.000000
vt 0.250000 0.270399
vt 0.500000 0.500000
vt 0.520833 0.583333
vt 0.500000 0.583333
vt 0.500000 0.666667
vt 0.520833 0.750000
vt 0.500000 0.750000
vt 0.500000 0.833333
vt 0.520833 0.916667
vt 0.500000 0.916667
vt 0.500000 1.000000
vt 0.520833 0.000000
vt 0.500000 0.083333
vt 0.500000 0.000000
vt 0.520833 0.083333
vt 0.500000 0.166667
vt 0.520833 0.166667
vt 0.500000 0.250000
vt 0.520833 0.250000
vt 0.500000 0.333333
vt 0.520833 0.333333
vt 0.500000 0.416667
vt 0.520833 0.416667
vt 0.541667 0.500000
vt 0.520833 0.500000
vt 0.541667 0.583333
vt 0.520833 0.666667
vt 0.541667 0.666667
vt 0.541667 0.750000
vt 0.520833 0.833333
vt 0.541667 0.833333
vt 0.541667 0.916667
vt 0.520833 1.000000
vt 0.541667 0.000000
vt 0.541667 0.166667
vt 0.541667 0.250000
vt 0.541667 0.333333
vt 0.541667 0.416667
vt 0.562500 0.583333
vt 0.562500 0.666667
vt 0.562500 0.833333
vt 0.562500 0.916667
vt 0.541667 1.000000
vt 0.562500 0.000000
vt 0.541667 0.083333
vt 0.562500 0.083333
vt 0.562500 0.166667
vt 0.562500 0.250000
vt 0.562500 0.416667
vt 0.583333 0.500000
vt 0.562500 0.500000
vt 0.583333 0.583333
vt 0.583333 0.666667
vt 0.562500 0.750000
vt 0.583333 0.750000
vt 0.583333 0.916667
vt 0.562500 1.000000
vt 0.583333 0.083333
vt 0.583333 0.250000
vt 0.562500 0.333333
vt 0.583333 0.333333
vt 0.604167 0.500000
vt 0.604167 0.666667
vt 0.604167 0.833333
vt 0.583333 0.833333
vt 0.604167 1.000000
vt 0.583333 1.000000
vt 0.604167 0.000000
vt 0.583333 0.000000
vt 0.604167 0.083333
vt 0.583333 0.166667
vt 0.604167 0.166667
vt 0.604167 0.333333
vt 0.583333 0.416667
vt 0.625000 0.500000
vt 0.604167 0.583333
vt 0.625000 0.666667
vt 0.604167 0.750000
vt 0.625000 0.833333
vt 0.604167 0.916667
vt 0.625000 0.916667
vt 0.625000 0.000000
vt 0.625000 0.166667
vt 0.604167 0.250000
vt 0.625000 0.333333
vt 0.604167 0.416667
vt 0.625000 0.416667
vt 0.645833 0.583333
vt 0.625000 0.583333
vt 0.645833 0.666667
vt 0.625000 0.750000
vt 0.645833 0.833333
vt 0.645833 1.000000
vt 0.625000 1.000000
vt 0.645833 0.000000
vt 0.625000 0.083333
vt 0.645833 0.166667
vt 0.625000 0.250000
vt 0.645833 0.250000
vt 0.645833 0.333333
vt 0.645833 0.416667
vt 0.666667 0.500000
vt 0.645833 0.500000
vt 0.666667 0.666667
vt 0.666667 0.750000
vt 0.645833 0.750000
vt 0.666667 0.916667
vt 0.645833 0.916667
vt 0.666667 1.000000
vt 0.666667 0.000000
vt 0.645833 0.083333
vt 0.666667 0.083333
vt 0.666667 0.166667
vt 0.666667 0.250000
vt 0.666667 0.333333
vt 0.666667 0.416667
vt 0.687500 0.500000
vt 0.666667 0.583333
vt 0.687500 0.583333
vt 0.687500 0.750000
vt 0.666667 0.833333
vt 0.687500 0.833333
vt 0.687500 1.000000
vt 0.687500 0.000000
vt 0.687500 0.083333
vt 0.687500 0.250000
vt 0.687500 0.333333
vt 0.708333 0.500000
vt 0.708333 0.583333
vt 0.687500 0.666667
vt 0.708333 0.666667
vt 0.708333 0.750000
vt 0.708333 0.833333
vt 0.687500 0.916667
vt 0.708333 0.916667
vt 0.708333 0.083333
vt 0.708333 0.166667
vt 0.687500 0.166667
vt 0.708333 0.250000
vt 0.708333 0.333333
vt 0.708333 0.416667
vt 0.687500 0.416667
vt 0.729167 0.500000
vt 0.729167 0.583333
vt 0.729167 0.666667
vt 0.729167 0.833333
vt 0.729167 0.916667
vt 0.708333 1.000000
vt 0.729167 0.000000
vt 0.708333 0.000000
vt 0.729167 0.083333
vt 0.729167 0.166667
vt 0.729167 0.250000
vt 0.729167 0.333333
vt 0.729167 0.416667
vt 0.750000 0.500000
vt 0.750000 0.583333
vt 0.750000 0.666667
vt 0.729167 0.750000
vt 0.750000 0.750000
vt 0.750000 0.833333
vt 0.750000 0.916667
vt 0.729167 1.000000
vt 0.750000 0.000000
vt 0.750000 0.166667
vt 0.750000 0.250000
vt 0.750000 0.333333
vt 0.750000 0.416667
vt 0.770833 0.500000
vt 0.770833 0.583333
vt 0.770833 0.666667
vt 0.770833 0.750000
vt 0.770833 0.833333
vt 0.770833 0.916667
vt 0.750000 1.000000
vt 0.770833 0.000000
vt 0.750000 0.083333
vt 0.770833 0.166667
vt 0.770833 0.250000
vt 0.770833 0.333333
vt 0.770833 0.416667
vt 0.791667 0.583333
vt 0.791667 0.666667
vt 0.791667 0.750000
vt 0.791667 0.833333
vt 0.791667 0.916667
vt 0.770833 1.000000
vt 0.791667 0.000000
vt 0.770833 0.083333
vt 0.791667 0.083333
vt 0.791667 0.166667
vt 0.791667 0.250000
vt 0.791667 0.333333
vt 0.791667 0.416667
vt 0.812500 0.500000
vt 0.791667 0.500000
vt 0.812500 0.666667
vt 0.812500 0.833333
vt 0.812500 0.916667
vt 0.791667 1.000000
vt 0.812500 0.000000
vt 0.812500 0.166667
vt 0.812500 0.250000
vt 0.812500 0.333333
vt 0.833333 0.500000
vt 0.812500 0.583333
vt 0.833333 0.666667
vt 0.812500 0.750000
vt 0.833333 0.833333
vt 0.833333 0.916667
vt 0.812500 1.000000
vt 0.833333 0.000000
vt 0.812500 0.083333
vt 0.833333 0.166667
vt 0.833333 0.333333
vt 0.812500 0.416667
vt 0.833333 0.416667
vt 0.854167 0.500000
vt 0.833333 0.583333
vt 0.854167 0.666667
vt 0.833333 0.750000
vt 0.854167 0.750000
vt 0.854167 0.833333
vt 0.854167 0.916667
vt 0.833333 1.000000
vt 0.854167 0.083333
vt 0.833333 0.083333
vt 0.854167 0.250000
vt 0.833333 0.250000
vt 0.854167 0.333333
vt 0.875000 0.500000
vt 0.854167 0.583333
vt 0.875000 0.666667
vt 0.875000 0.750000
vt 0.875000 0.916667
vt 0.854167 1.000000
vt 0.875000 0.000000
vt 0.854167 0.000000
vt 0.875000 0.083333
vt 0.854167 0.166667
vt 0.875000 0.250000
vt 0.875000 0.333333
vt 0.854167 0.416667
vt 0.895833 0.500000
vt 0.875000 0.583333
vt 0.895833 0.583333
vt 0.895833 0.666667
vt 0.895833 0.833333
vt 0.875000 0.833333
vt 0.895833 1.000000
vt 0.875000 1.000000
vt 0.895833 0.000000
vt 0.895833 0.083333
vt 0.875000 0.166667
vt 0.895833 0.166667
vt 0.895833 0.333333
vt 0.875000 0.416667
vt 0.916667 0.583333
vt 0.916667 0.750000
vt 0.895833 0.750000
vt 0.916667 0.833333
vt 0.895833 0.916667
vt 0.916667 0.916667
vt 0.916667 0.000000
vt 0.916667 0.166667
vt 0.895833 0.250000
vt 0.916667 0.250000
vt 0.916667 0.416667
vt 0.895833 0.416667
vt 0.937500 0.500000
vt 0.916667 0.500000
vt 0.937500 0.666667
vt 0.916667 0.666667
vt 0.937500 0.750000
vt 0.937500 0.833333
vt 0.937500 0.916667
vt 0.916667 1.000000
vt 0.937500 0.000000
vt 0.916667 0.083333
vt 0.937500 0.083333
vt 0.937500 0.166667
vt 0.937500 0.250000
vt 0.916667 0.333333
vt 0.937500 0.333333
vt 0.937500 0.416667
vt 0.958333 0.500000
vt 0.937500 0.583333
vt 0.958333 0.666667
vt 0.958333 0.750000
vt 0.958333 0.916667
vt 0.958333 0.083333
vt 0.958333 0.166667
vt 0.958333 0.333333
vt 0.958333 0.416667
vt 0.958333 0.583333
vt 0.979167 0.583333
vt 0.979167 0.666667
vt 0.979167 0.750000
vt 0.958333 0.833333
vt 0.979167 0.916667
vt 0.958333 1.000000
vt 0.958333 0.000000
vt 0.979167 0.083333
vt 0.979167 0.166667
vt 0.958333 0.250000
vt 0.979167 0.250000
vt 0.979167 0.333333
vt 1.000000 0.500000
vt 1.000000 0.583333
vt 1.000000 0.666667
vt 1.000000 0.750000
vt 0.979167 0.833333
vt 1.000000 0.916667
vt 1.000000 0.000000
vt 0.979167 0.000000
vt 1.000000 0.083333
vt 1.000000 0.250000
vt 1.000000 0.333333
vt 0.979167 0.416667
vt 1.000000 0.416667
vt 0.020833 0.500000
vt 0.000000 0.583333
vt 0.000000 0.500000
vt 0.020833 0.583333
vt 0.000000 0.666667
vt 0.020833 0.666667
vt 0.000000 0.750000
vt 0.020833 0.750000
vt 0.000000 0.833333
vt 0.020833 0.833333
vt 0.000000 0.916667
vt 0.020833 0.916667
vt 0.000000 1.000000
vt 0.000000 0.000000
vt 0.020833 0.083333
vt 0.000000 0.083333
vt 0.000000 0.166667
vt 0.020833 0.250000
vt 0.000000 0.250000
vt 0.000000 0.333333
vt 0.020833 0.333333
vt 0.000000 0.416667
vt 0.020833 0.416667
vt 0.041667 0.583333
vt 0.041667 0.666667
vt 0.041667 0.750000
vt 0.041667 0.916667
vt 0.020833 1.000000
vt 0.041667 0.000000
vt 0.020833 0.000000
vt 0.041667 0.166667
vt 0.020833 0.166667
vt 0.041667 0.250000
vt 0.041667 0.333333
vt 0.041667 0.416667
vt 0.062500 0.500000
vt 0.041667 0.500000
vt 0.062500 0.583333
vt 0.062500 0.666667
vt 0.062500 0.750000
vt 0.041667 0.833333
vt 0.062500 0.833333
vt 0.062500 1.000000
vt 0.041667 1.000000
vt 0.062500 0.000000
vt 0.041667 0.083333
vt 0.062500 0.083333
vt 0.062500 0.250000
vt 0.062500 0.416667
vt 0.083333 0.500000
vt 0.083333 0.583333
vt 0.083333 0.666667
vt 0.083333 0.833333
vt 0.062500 0.916667
vt 0.083333 0.916667
vt 0.083333 0.083333
vt 0.083333 0.166667
vt 0.062500 0.166667
vt 0.083333 0.250000
vt 0.062500 0.333333
vt 0.083333 0.333333
vt 0.083333 0.416667
vt 0.104167 0.500000
vt 0.104167 0.583333
vt 0.104167 0.666667
vt 0.083333 0.750000
vt 0.104167 0.750000
vt 0.104167 0.833333
vt 0.104167 0.916667
vt 0.083333 1.000000
vt 0.083333 0.000000
vt 0.104167 0.083333
vt 0.104167 0.250000
vt 0.104167 0.416667
vt 0.125000 0.583333
vt 0.125000 0.750000
vt 0.125000 0.916667
vt 0.104167 1.000000
vt 0.104167 0.000000
vt 0.125000 0.083333
vt 0.104167 0.166667
vt 0.125000 0.250000
vt 0.104167 0.333333
vt 0.125000 0.333333
vt 0.125000 0.416667
vt 0.125000 0.500000
vt 0.145833 0.583333
vt 0.145833 0.666667
vt 0.125000 0.666667
vt 0.145833 0.750000
vt 0.125000 0.833333
vt 0.145833 0.833333
vt 0.145833 1.000000
vt 0.125000 1.000000
vt 0.145833 0.000000
vt 0.125000 0.000000
vt 0.145833 0.166667
vt 0.125000 0.166667
vt 0.145833 0.250000
vt 0.145833 0.333333
vt 0.145833 0.416667
vt 0.166667 0.500000
vt 0.145833 0.500000
vt 0.166667 0.583333
vt 0.166667 0.666667
vt 0.166667 0.750000
vt 0.166667 0.833333
vt 0.145833 0.916667
vt 0.166667 0.916667
vt 0.166667 0.000000
vt 0.145833 0.083333
vt 0.166667 0.083333
vt 0.166667 0.166667
vt 0.166667 0.250000
vt 0.166667 0.333333
vt 0.166667 0.416667
vt 0.187500 0.500000
vt 0.187500 0.583333
vt 0.187500 0.750000
vt 0.187500 0.916667
vt 0.187500 1.000000
vt 0.166667 1.000000
vt 0.187500 0.000000
vt 0.187500 0.083333
vt 0.187500 0.250000
vt 0.187500 0.416667
vt 0.208333 0.500000
vt 0.208333 0.583333
vt 0.187500 0.666667
vt 0.208333 0.666667
vt 0.208333 0.833333
vt 0.187500 0.833333
vt 0.208333 0.916667
vt 0.208333 1.000000
vt 0.208333 0.000000
vt 0.208333 0.083333
vt 0.187500 0.166667
vt 0.208333 0.166667
vt 0.208333 0.250000
vt 0.187500 0.333333
vt 0.208333 0.416667
vt 0.229167 0.500000
vt 0.229167 0.583333
vt 0.229167 0.666667
vt 0.208333 0.750000
vt 0.229167 0.750000
vt 0.229167 0.833333
vt 0.229167 1.000000
vt 0.229167 0.000000
vt 0.229167 0.166667
vt 0.229167 0.250000
vt 0.229167 0.333333
vt 0.208333 0.333333
vt 0.229167 0.416667
vt 0.250000 0.583333
vt 0.250000 0.666667
vt 0.250000 0.833333
vt 0.229167 0.916667
vt 0.250000 1.000000
vt 0.250000 0.000000
vt 0.229167 0.083333
vt 0.250000 0.083333
vt 0.250000 0.166667
vt 0.250000 0.250000
vt 0.250000 0.333333
vt 0.250000 0.416667
vt 0.270833 0.500000
vt 0.250000 0.500000
vt 0.270833 0.583333
vt 0.270833 0.750000
vt 0.250000 0.750000
vt 0.270833 0.833333
vt 0.270833 0.916667
vt 0.250000 0.916667
vt 0.270833 0.000000
vt 0.270833 0.083333
vt 0.270833 0.166667
vt 0.270833 0.250000
vt 0.270833 0.333333
vt 0.270833 0.416667
vt 0.291667 0.500000
vt 0.291667 0.583333
vt 0.270833 0.666667
vt 0.291667 0.666667
vt 0.291667 0.750000
vt 0.291667 0.916667
vt 0.270833 1.000000
vt 0.291667 0.000000
vt 0.291667 0.083333
vt 0.291667 0.166667
vt 0.291667 0.333333
vt 0.291667 0.416667
vt 0.312500 0.583333
vt 0.312500 0.666667
vt 0.312500 0.750000
vt 0.291667 0.833333
vt 0.312500 0.916667
vt 0.291667 1.000000
vt 0.312500 0.000000
vt 0.312500 0.083333
vt 0.312500 0.166667
vt 0.291667 0.250000
vt 0.312500 0.250000
vt 0.312500 0.333333
vt 0.312500 0.416667
vt 0.312500 0.500000
vt 0.333333 0.583333
vt 0.333333 0.666667
vt 0.333333 0.833333
vt 0.312500 0.833333
vt 0.333333 0.916667
vt 0.312500 1.000000
vt 0.333333 0.083333
vt 0.333333 0.166667
vt 0.333333 0.333333
vt 0.333333 0.416667
vt 0.354167 0.500000
vt 0.333333 0.500000
vt 0.354167 0.666667
vt 0.333333 0.750000
vt 0.354167 0.750000
vt 0.354167 0.833333
vt 0.354167 1.000000
vt 0.333333 1.000000
vt 0.354167 0.000000
vt 0.333333 0.000000
vt 0.354167 0.166667
vt 0.333333 0.250000
vt 0.354167 0.333333
vt 0.354167 0.416667
vt 0.375000 0.500000
vt 0.354167 0.583333
vt 0.375000 0.666667
vt 0.375000 0.833333
vt 0.354167 0.916667
vt 0.375000 0.916667
vt 0.375000 0.000000
vt 0.354167 0.083333
vt 0.375000 0.083333
vt 0.375000 0.166667
vt 0.354167 0.250000
vt 0.375000 0.250000
vt 0.375000 0.333333
vt 0.375000 0.416667
vt 0.395833 0.500000
vt 0.375000 0.583333
vt 0.395833 0.583333
vt 0.395833 0.750000
vt 0.375000 0.750000
vt 0.395833 0.833333
vt 0.395833 1.000000
vt 0.375000 1.000000
vt 0.395833 0.000000
vt 0.395833 0.166667
vt 0.395833 0.250000
vt 0.395833 0.416667
vt 0.416667 0.583333
vt 0.395833 0.666667
vt 0.416667 0.750000
vt 0.416667 0.833333
vt 0.395833 0.916667
vt 0.416667 1.000000
vt 0.416667 0.000000
vt 0.395833 0.083333
vt 0.416667 0.083333
vt 0.416667 0.250000
vt 0.395833 0.333333
vt 0.416667 0.416667
vt 0.416667 0.500000
vt 0.437500 0.583333
vt 0.416667 0.666667
vt 0.437500 0.666667
vt 0.437500 0.750000
vt 0.437500 0.833333
vt 0.416667 0.916667
vt 0.437500 0.916667
vt 0.437500 0.000000
vt 0.437500 0.166667
vt 0.416667 0.166667
vt 0.437500 0.250000
vt 0.437500 0.333333
vt 0.416667 0.333333
vt 0.437500 0.416667
vt 0.458333 0.500000
vt 0.437500 0.500000
vt 0.458333 0.583333
vt 0.458333 0.666667
vt 0.458333 0.833333
vt 0.458333 0.916667
vt 0.437500 1.000000
vt 0.458333 0.000000
vt 0.437500 0.083333
vt 0.458333 0.166667
vt 0.458333 0.250000
vt 0.458333 0.333333
vt 0.479167 0.500000
vt 0.479167 0.666667
vt 0.458333 0.750000
vt 0.479167 0.833333
vt 0.479167 0.916667
vt 0.479167 1.000000
vt 0.458333 1.000000
vt 0.479167 0.000000
vt 0.458333 0.083333
vt 0.479167 0.083333
vt 0.479167 0.166667
vt 0.479167 0.250000
vt 0.479167 0.333333
vt 0.458333 0.416667
vt 0.479167 0.583333
vt 0.479167 0.750000
vt 0.479167 0.416667
vt 0.999675 0.922176
vt 0.000325 0.577824
vt 1.000000 0.833333
vt 1.000000 1.000000
vt 1.000000 0.166667
s 1
usemtl Bumper_Body
f 16/1/16 7/2/7 2/3/2
f 21/4/21 6/5/6 7/2/7
f 20/6/20 5/7/5 6/5/6
f 19/8/19 4/9/4 5/10/5
f 4/9/4 17/11/17 3/12/3
f 3/12/3 15/13/15 1/14/1
f 9/15/9 28/16/28 23/17/23
f 28/16/28 13/18/13 27/19/27
f 27/19/27 12/20/12 26/21/26
f 12/22/12 25/23/25 26/24/26
f 11/25/11 24/26/24 25/23/25
f 10/27/10 22/28/22 24/26/24
f 30/29/30 21/4/21 16/1/16
f 35/30/35 20/6/20 21/4/21
f 34/31/34 19/32/19 20/6/20
f 19/8/19 32/33/32 18/34/18
f 18/34/18 31/35/31 17/11/17
f 31/35/31 15/13/15 17/11/17
f 23/17/23 42/36/42 37/37/37
f 28/16/28 41/38/41 42/36/42
f 27/19/27 40/39/40 41/38/41
f 26/24/26 39/40/39 40/41/40
f 25/23/25 38/42/38 39/40/39
f 24/26/24 36/43/36 38/42/38
f 44/44/44 35/30/35 30/29/30
f 49/45/49 34/31/34 35/30/35
f 48/46/48 33/47/33 34/31/34
f 33/48/33 46/49/46 32/33/32
f 46/49/46 31/35/31 32/33/32
f 45/50/45 29/51/29 31/35/31
f 37/37/37 56/52/56 51/53/51
f 56/52/56 41/38/41 55/54/55
f 55/54/55 40/39/40 54/55/54
f 40/41/40 53/56/53 54/57/54
f 53/56/53 38/42/38 52/58/52
f 52/58/52 36/43/36 50/59/50
f 44/44/44 63/60/63 49/45/49
f 63/60/63 48/46/48 49/45/49
f 48/46/48 61/61/61 47/62/47
f 61/63/61 46/49/46 47/64/47
f 46/49/46 59/65/59 45/50/45
f 59/65/59 43/66/43 45/50/45
f 51/53/51 70/67/70 65/68/65
f 56/52/56 69/69/69 70/67/70
f 55/54/55 68/70/68 69/69/69
f 54/57/54 67/71/67 68/72/68
f 53/56/53 66/73/66 67/71/67
f 52/58/52 64/74/64 66/73/66
f 72/75/72 63/60/63 58/76/58
f 77/77/77 62/78/62 63/60/63
f 76/79/76 61/61/61 62/78/62
f 75/80/75 60/81/60 61/63/61
f 74/82/74 59/65/59 60/81/60
f 73/83/73 57/84/57 59/65/59
f 79/85/79 70/67/70 84/86/84
f 84/86/84 69/69/69 83/87/83
f 83/87/83 68/70/68 82/88/82
f 82/89/82 67/71/67 81/90/81
f 67/71/67 80/91/80 81/90/81
f 80/91/80 64/74/64 78/92/78
f 86/93/86 77/77/77 72/75/72
f 77/77/77 90/94/90 76/79/76
f 76/79/76 89/95/89 75/96/75
f 75/80/75 88/97/88 74/82/74
f 74/82/74 87/98/87 73/83/73
f 73/83/73 85/99/85 71/100/71
f 79/85/79 98/101/98 93/102/93
f 84/86/84 97/103/97 98/101/98
f 83/87/83 96/104/96 97/103/97
f 82/89/82 95/105/95 96/106/96
f 81/90/81 94/107/94 95/105/95
f 80/91/80 92/108/92 94/107/94
f 100/109/100 91/110/91 86/93/86
f 105/111/105 90/94/90 91/110/91
f 104/112/104 89/95/89 90/94/90
f 103/113/103 88/97/88 89/114/89
f 102/115/102 87/98/87 88/97/88
f 101/116/101 85/99/85 87/98/87
f 93/102/93 112/117/112 107/118/107
f 112/117/112 97/103/97 111/119/111
f 111/119/111 96/104/96 110/120/110
f 110/121/110 95/105/95 109/122/109
f 109/122/109 94/107/94 108/123/108
f 108/123/108 92/108/92 106/124/106
f 100/109/100 119/125/119 105/111/105
f 105/111/105 118/126/118 104/112/104
f 104/112/104 117/127/117 103/128/103
f 103/113/103 116/129/116 102/115/102
f 116/129/116 101/116/101 102/115/102
f 101/116/101 113/130/113 99/131/99
f 107/118/107 126/132/126 121/133/121
f 112/117/112 125/134/125 126/132/126
f 111/119/111 124/135/124 125/134/125
f 110/121/110 123/136/123 124/137/124
f 109/122/109 122/138/122 123/136/123
f 108/123/108 120/139/120 122/138/122
f 128/140/128 119/125/119 114/141/114
f 133/142/133 118/126/118 119/125/119
f 132/143/132 117/127/117 118/126/118
f 131/144/131 116/129/116 117/145/117
f 130/146/130 115/147/115 116/129/116
f 129/148/129 113/130/113 115/147/115
f 135/149/135 126/132/126 140/150/140
f 126/132/126 139/151/139 140/150/140
f 139/151/139 124/135/124 138/152/138
f 124/137/124 137/153/137 138/154/138
f 137/153/137 122/138/122 136/155/136
f 122/138/122 134/156/134 136/155/136
f 142/157/142 133/142/133 128/140/128
f 133/142/133 146/158/146 132/143/132
f 132/143/132 145/159/145 131/160/131
f 145/161/145 130/146/130 131/144/131
f 130/146/130 143/162/143 129/148/129
f 129/148/129 141/163/141 127/164/127
f 135/149/135 154/165/154 149/166/149
f 140/150/140 153/167/153 154/165/154
f 139/151/139 152/168/152 153/167/153
f 152/169/152 137/153/137 151/170/151
f 137/153/137 150/171/150 151/170/151
f 136/155/136 148/172/148 150/171/150
f 156/173/156 147/174/147 142/157/142
f 161/175/161 146/158/146 147/174/147
f 160/176/160 145/159/145 146/158/146
f 159/177/159 144/178/144 145/161/145
f 158/179/158 143/162/143 144/178/144
f 157/180/157 141/163/141 143/162/143
f 149/166/149 168/181/168 163/182/163
f 154/165/154 167/183/167 168/181/168
f 153/167/153 166/184/166 167/183/167
f 166/185/166 151/170/151 165/186/165
f 165/186/165 150/171/150 164/187/164
f 150/171/150 162/188/162 164/187/164
f 170/189/170 161/175/161 156/173/156
f 161/175/161 174/190/174 160/176/160
f 160/176/160 173/191/173 159/192/159
f 173/193/173 158/179/158 159/177/159
f 172/194/172 157/180/157 158/179/158
f 171/195/171 155/196/155 157/180/157
f 163/182/163 182/197/182 177/198/177
f 168/181/168 181/199/181 182/197/182
f 167/183/167 180/200/180 181/199/181
f 166/185/166 179/201/179 180/202/180
f 179/201/179 164/187/164 178/203/178
f 178/203/178 162/188/162 176/204/176
f 184/205/184 175/206/175 170/189/170
f 189/207/189 174/190/174 175/206/175
f 188/208/188 173/191/173 174/190/174
f 187/209/187 172/194/172 173/193/173
f 172/194/172 185/210/185 171/195/171
f 171/195/171 183/211/183 169/212/169
f 177/198/177 196/213/196 191/214/191
f 196/213/196 181/199/181 195/215/195
f 195/215/195 180/200/180 194/216/194
f 180/202/180 193/217/193 194/218/194
f 179/201/179 192/219/192 193/217/193
f 178/203/178 190/220/190 192/219/192
f 198/221/198 189/207/189 184/205/184
f 203/222/203 188/208/188 189/207/189
f 202/223/202 187/224/187 188/208/188
f 187/209/187 200/225/200 186/226/186
f 186/226/186 199/227/199 185/210/185
f 199/227/199 183/211/183 185/210/185
f 191/214/191 210/228/210 205/229/205
f 196/213/196 209/230/209 210/228/210
f 195/215/195 208/231/208 209/230/209
f 194/218/194 207/232/207 208/233/208
f 193/217/193 206/234/206 207/232/207
f 192/219/192 204/235/204 206/234/206
f 212/236/212 203/222/203 198/221/198
f 217/237/217 202/223/202 203/222/203
f 216/238/216 201/239/201 202/223/202
f 201/240/201 214/241/214 200/225/200
f 214/241/214 199/227/199 200/225/200
f 213/242/213 197/243/197 199/227/199
f 205/229/205 224/244/224 219/245/219
f 224/244/224 209/230/209 223/246/223
f 223/246/223 208/231/208 222/247/222
f 208/233/208 221/248/221 222/249/222
f 221/248/221 206/234/206 220/250/220
f 220/250/220 204/235/204 218/251/218
f 212/236/212 231/252/231 217/237/217
f 231/252/231 216/238/216 217/237/217
f 216/238/216 229/253/229 215/254/215
f 229/255/229 214/241/214 215/256/215
f 214/241/214 227/257/227 213/242/213
f 227/257/227 211/258/211 213/242/213
f 219/245/219 238/259/238 233/260/233
f 224/244/224 237/261/237 238/259/238
f 223/246/223 236/262/236 237/261/237
f 222/249/222 235/263/235 236/264/236
f 221/248/221 234/265/234 235/263/235
f 220/250/220 232/266/232 234/265/234
f 240/267/240 231/252/231 226/268/226
f 245/269/245 230/270/230 231/252/231
f 244/271/244 229/253/229 230/270/230
f 243/272/243 228/273/228 229/255/229
f 242/274/242 227/257/227 228/273/228
f 241/275/241 225/276/225 227/257/227
f 247/277/247 238/259/238 252/278/252
f 252/278/252 237/261/237 251/279/251
f 251/279/251 236/262/236 250/280/250
f 250/281/250 235/263/235 249/282/249
f 235/263/235 248/283/248 249/282/249
f 248/283/248 232/266/232 246/284/246
f 254/285/254 245/269/245 240/267/240
f 245/269/245 258/286/258 244/271/244
f 244/271/244 257/287/257 243/288/243
f 243/272/243 256/289/256 242/274/242
f 242/274/242 255/290/255 241/275/241
f 241/275/241 253/291/253 239/292/239
f 247/277/247 266/293/266 261/294/261
f 252/278/252 265/295/265 266/293/266
f 251/279/251 264/296/264 265/295/265
f 250/281/250 263/297/263 264/298/264
f 249/282/249 262/299/262 263/297/263
f 248/283/248 260/300/260 262/299/262
f 268/301/268 259/302/259 254/285/254
f 273/303/273 258/286/258 259/302/259
f 272/304/272 257/287/257 258/286/258
f 271/305/271 256/289/256 257/306/257
f 270/307/270 255/290/255 256/289/256
f 269/308/269 253/291/253 255/290/255
f 261/294/261 280/309/280 275/310/275
f 280/309/280 265/295/265 279/311/279
f 279/311/279 264/296/264 278/312/278
f 278/313/278 263/297/263 277/314/277
f 277/314/277 262/299/262 276/315/276
f 276/315/276 260/300/260 274/316/274
f 268/301/268 287/317/287 273/303/273
f 273/303/273 286/318/286 272/304/272
f 272/304/272 285/319/285 271/320/271
f 271/305/271 284/321/284 270/307/270
f 284/321/284 269/308/269 270/307/270
f 269/308/269 281/322/281 267/323/267
f 275/310/275 294/324/294 289/325/289
f 280/309/280 293/326/293 294/324/294
f 279/311/279 292/327/292 293/326/293
f 278/313/278 291/328/291 292/329/292
f 277/314/277 290/330/290 291/328/291
f 276/315/276 288/331/288 290/330/290
f 296/332/296 287/317/287 282/333/282
f 301/334/301 286/318/286 287/317/287
f 300/335/300 285/319/285 286/318/286
f 299/336/299 284/321/284 285/337/285
f 298/338/298 283/339/283 284/321/284
f 297/340/297 281/322/281 283/339/283
f 303/341/303 294/324/294 308/342/308
f 294/324/294 307/343/307 308/342/308
f 307/343/307 292/327/292 306/344/306
f 292/329/292 305/345/305 306/346/306
f 305/345/305 290/330/290 304/347/304
f 290/330/290 302/348/302 304/347/304
f 310/349/310 301/334/301 296/332/296
f 301/334/301 314/350/314 300/335/300
f 300/335/300 313/351/313 299/352/299
f 313/353/313 298/338/298 299/336/299
f 298/338/298 311/354/311 297/340/297
f 297/340/297 309/355/309 295/356/295
f 303/341/303 322/357/322 317/358/317
f 308/342/308 321/359/321 322/357/322
f 307/343/307 320/360/320 321/359/321
f 320/361/320 305/345/305 319/362/319
f 305/345/305 318/363/318 319/362/319
f 304/347/304 316/364/316 318/363/318
f 324/365/324 315/366/315 310/349/310
f 329/367/329 314/350/314 315/366/315
f 328/368/328 313/351/313 314/350/314
f 327/369/327 312/370/312 313/353/313
f 326/371/326 311/354/311 312/370/312
f 325/372/325 309/355/309 311/354/311
f 317/358/317 336/373/336 331/374/331
f 322/357/322 335/375/335 336/373/336
f 321/359/321 334/376/334 335/375/335
f 334/377/334 319/362/319 333/378/333
f 333/378/333 318/363/318 332/379/332
f 318/363/318 330/380/330 332/379/332
f 338/381/338 329/367/329 324/365/324
f 329/367/329 342/382/342 328/368/328
f 328/368/328 341/383/341 327/384/327
f 341/385/341 326/371/326 327/369/327
f 340/386/340 325/372/325 326/371/326
f 339/387/339 323/388/323 325/372/325
f 331/374/331 350/389/350 345/390/345
f 336/373/336 349/391/349 350/389/350
f 335/375/335 348/392/348 349/391/349
f 334/377/334 347/393/347 348/394/348
f 347/393/347 332/379/332 346/395/346
f 346/395/346 330/380/330 344/396/344
f 352/397/352 343/398/343 338/381/338
f 357/399/357 342/382/342 343/398/343
f 356/400/356 341/383/341 342/382/342
f 355/401/355 340/386/340 341/385/341
f 340/386/340 353/402/353 339/387/339
f 339/387/339 351/403/351 337/404/337
f 345/390/345 364/405/364 359/406/359
f 364/405/364 349/391/349 363/407/363
f 363/407/363 348/392/348 362/408/362
f 348/394/348 361/409/361 362/410/362
f 347/393/347 360/411/360 361/409/361
f 346/395/346 358/412/358 360/411/360
f 366/413/366 357/399/357 352/397/352
f 371/414/371 356/400/356 357/399/357
f 370/415/370 355/416/355 356/400/356
f 355/401/355 368/417/368 354/418/354
f 354/418/354 367/419/367 353/402/353
f 367/419/367 351/403/351 353/402/353
f 359/406/359 378/420/378 373/421/373
f 364/405/364 377/422/377 378/420/378
f 363/407/363 376/423/376 377/422/377
f 362/410/362 375/424/375 376/425/376
f 361/409/361 374/426/374 375/424/375
f 360/411/360 372/427/372 374/426/374
f 380/428/380 371/414/371 366/413/366
f 385/429/385 370/415/370 371/414/371
f 384/430/384 369/431/369 370/415/370
f 369/432/369 382/433/382 368/417/368
f 382/433/382 367/419/367 368/417/368
f 381/434/381 365/435/365 367/419/367
f 373/421/373 392/436/392 387/437/387
f 392/436/392 377/422/377 391/438/391
f 391/438/391 376/423/376 390/439/390
f 376/425/376 389/440/389 390/441/390
f 389/440/389 374/426/374 388/442/388
f 388/442/388 372/427/372 386/443/386
f 380/428/380 399/444/399 385/429/385
f 399/444/399 384/430/384 385/429/385
f 384/430/384 397/445/397 383/446/383
f 397/447/397 382/433/382 383/448/383
f 382/433/382 395/449/395 381/434/381
f 395/449/395 379/450/379 381/434/381
f 387/437/387 406/451/406 401/452/401
f 392/436/392 405/453/405 406/451/406
f 391/438/391 404/454/404 405/453/405
f 390/441/390 403/455/403 404/456/404
f 389/440/389 402/457/402 403/455/403
f 388/442/388 400/458/400 402/457/402
f 408/459/408 399/444/399 394/460/394
f 413/461/413 398/462/398 399/444/399
f 412/463/412 397/445/397 398/462/398
f 411/464/411 396/465/396 397/447/397
f 410/466/410 395/449/395 396/465/396
f 409/467/409 393/468/393 395/449/395
f 415/469/415 406/451/406 420/470/420
f 420/470/420 405/453/405 419/471/419
f 419/471/419 404/454/404 418/472/418
f 418/473/418 403/455/403 417/474/417
f 403/455/403 416/475/416 417/474/417
f 416/475/416 400/458/400 414/476/414
f 422/477/422 413/461/413 408/459/408
f 413/461/413 426/478/426 412/463/412
f 412/463/412 425/479/425 411/480/411
f 411/464/411 424/481/424 410/466/410
f 410/466/410 423/482/423 409/467/409
f 409/467/409 421/483/421 407/484/407
f 415/469/415 434/485/434 429/486/429
f 420/470/420 433/487/433 434/485/434
f 419/471/419 432/488/432 433/487/433
f 418/473/418 431/489/431 432/490/432
f 417/474/417 430/491/430 431/489/431
f 416/475/416 428/492/428 430/491/430
f 436/493/436 427/494/427 422/477/422
f 441/495/441 426/478/426 427/494/427
f 440/496/440 425/479/425 426/478/426
f 439/497/439 424/481/424 425/498/425
f 438/499/438 423/482/423 424/481/424
f 437/500/437 421/483/421 423/482/423
f 429/486/429 448/501/448 443/502/443
f 448/501/448 433/487/433 447/503/447
f 447/503/447 432/488/432 446/504/446
f 446/505/446 431/489/431 445/506/445
f 445/506/445 430/491/430 444/507/444
f 444/507/444 428/492/428 442/508/442
f 436/493/436 455/509/455 441/495/441
f 441/495/441 454/510/454 440/496/440
f 440/496/440 453/511/453 439/512/439
f 439/497/439 452/513/452 438/499/438
f 452/513/452 437/500/437 438/499/438
f 437/500/437 449/514/449 435/515/435
f 443/502/443 462/516/462 457/517/457
f 448/501/448 461/518/461 462/516/462
f 447/503/447 460/519/460 461/518/461
f 446/505/446 459/520/459 460/521/460
f 445/506/445 458/522/458 459/520/459
f 444/507/444 456/523/456 458/522/458
f 464/524/464 455/509/455 450/525/450
f 469/526/469 454/510/454 455/509/455
f 468/527/468 453/511/453 454/510/454
f 467/528/467 452/513/452 453/529/453
f 466/530/466 451/531/451 452/513/452
f 465/532/465 449/514/449 451/531/451
f 471/533/471 462/516/462 476/534/476
f 462/516/462 475/535/475 476/534/476
f 475/535/475 460/519/460 474/536/474
f 460/521/460 473/537/473 474/538/474
f 473/537/473 458/522/458 472/539/472
f 458/522/458 470/540/470 472/539/472
f 478/541/478 469/526/469 464/524/464
f 469/526/469 482/542/482 468/527/468
f 468/527/468 481/543/481 467/544/467
f 481/545/481 466/530/466 467/528/467
f 466/530/466 479/546/479 465/532/465
f 465/532/465 477/547/477 463/548/463
f 471/533/471 490/549/490 485/550/485
f 476/534/476 489/551/489 490/549/490
f 475/535/475 488/552/488 489/551/489
f 488/553/488 473/537/473 487/554/487
f 473/537/473 486/555/486 487/554/487
f 472/539/472 484/556/484 486/555/486
f 492/557/492 483/558/483 478/541/478
f 497/559/497 482/542/482 483/558/483
f 496/560/496 481/543/481 482/542/482
f 495/561/495 480/562/480 481/545/481
f 494/563/494 479/546/479 480/562/480
f 493/564/493 477/547/477 479/546/479
f 485/550/485 504/565/504 499/566/499
f 490/549/490 503/567/503 504/565/504
f 489/551/489 502/568/502 503/567/503
f 502/569/502 487/554/487 501/570/501
f 501/570/501 486/555/486 500/571/500
f 486/555/486 498/572/498 500/571/500
f 506/573/506 497/559/497 492/557/492
f 497/559/497 510/574/510 496/560/496
f 496/560/496 509/575/509 495/576/495
f 509/577/509 494/563/494 495/561/495
f 508/578/508 493/564/493 494/563/494
f 507/579/507 491/580/491 493/564/493
f 499/566/499 518/581/518 513/582/513
f 504/565/504 517/583/517 518/581/518
f 503/567/503 516/584/516 517/583/517
f 502/569/502 515/585/515 516/586/516
f 515/585/515 500/571/500 514/587/514
f 514/587/514 498/572/498 512/588/512
f 520/589/520 511/590/511 506/573/506
f 525/591/525 510/574/510 511/590/511
f 524/592/524 509/575/509 510/574/510
f 523/593/523 508/578/508 509/577/509
f 508/578/508 521/594/521 507/579/507
f 507/579/507 519/595/519 505/596/505
f 513/582/513 532/597/532 527/598/527
f 532/597/532 517/583/517 531/599/531
f 531/599/531 516/584/516 530/600/530
f 516/586/516 529/601/529 530/602/530
f 515/585/515 528/603/528 529/601/529
f 514/587/514 526/604/526 528/603/528
f 534/605/534 525/591/525 520/589/520
f 539/606/539 524/592/524 525/591/525
f 538/607/538 523/608/523 524/592/524
f 523/593/523 536/609/536 522/610/522
f 522/610/522 535/611/535 521/594/521
f 535/611/535 519/595/519 521/594/521
f 527/598/527 546/612/546 541/613/541
f 532/597/532 545/614/545 546/612/546
f 531/599/531 544/615/544 545/614/545
f 530/602/530 543/616/543 544/617/544
f 529/601/529 542/618/542 543/616/543
f 528/603/528 540/619/540 542/618/542
f 548/620/548 539/606/539 534/605/534
f 553/621/553 538/607/538 539/606/539
f 552/622/552 537/623/537 538/607/538
f 537/624/537 550/625/550 536/609/536
f 550/625/550 535/611/535 536/609/536
f 549/626/549 533/627/533 535/611/535
f 541/613/541 560/628/560 555/629/555
f 560/628/560 545/614/545 559/630/559
f 559/630/559 544/615/544 558/631/558
f 544/617/544 557/632/557 558/633/558
f 557/632/557 542/618/542 556/634/556
f 556/634/556 540/619/540 554/635/554
f 548/620/548 567/636/567 553/621/553
f 567/636/567 552/622/552 553/621/553
f 552/622/552 565/637/565 551/638/551
f 565/639/565 550/625/550 551/640/551
f 550/625/550 563/641/563 549/626/549
f 563/641/563 547/642/547 549/626/549
f 555/629/555 574/643/574 569/644/569
f 560/628/560 573/645/573 574/643/574
f 559/630/559 572/646/572 573/645/573
f 558/633/558 571/647/571 572/648/572
f 557/632/557 570/649/570 571/647/571
f 556/634/556 568/650/568 570/649/570
f 576/651/576 567/636/567 562/652/562
f 581/653/581 566/654/566 567/636/567
f 580/655/580 565/637/565 566/654/566
f 579/656/579 564/657/564 565/639/565
f 578/658/578 563/641/563 564/657/564
f 577/659/577 561/660/561 563/641/563
f 583/661/583 574/643/574 588/662/588
f 588/662/588 573/645/573 587/663/587
f 587/663/587 572/646/572 586/664/586
f 586/665/586 571/647/571 585/666/585
f 571/647/571 584/667/584 585/666/585
f 584/667/584 568/650/568 582/668/582
f 590/669/590 581/653/581 576/651/576
f 581/653/581 594/670/594 580/655/580
f 580/655/580 593/671/593 579/672/579
f 579/656/579 592/673/592 578/658/578
f 578/658/578 591/674/591 577/659/577
f 577/659/577 589/675/589 575/676/575
f 583/661/583 602/677/602 597/678/597
f 588/662/588 601/679/601 602/677/602
f 587/663/587 600/680/600 601/679/601
f 586/665/586 599/681/599 600/682/600
f 585/666/585 598/683/598 599/681/599
f 584/667/584 596/684/596 598/683/598
f 604/685/604 595/686/595 590/669/590
f 609/687/609 594/670/594 595/686/595
f 608/688/608 593/671/593 594/670/594
f 607/689/607 592/673/592 593/690/593
f 606/691/606 591/674/591 592/673/592
f 605/692/605 589/675/589 591/674/591
f 597/678/597 616/693/616 611/694/611
f 616/693/616 601/679/601 615/695/615
f 615/695/615 600/680/600 614/696/614
f 614/697/614 599/681/599 613/698/613
f 613/698/613 598/683/598 612/699/612
f 612/699/612 596/684/596 610/700/610
f 604/685/604 623/701/623 609/687/609
f 609/687/609 622/702/622 608/688/608
f 608/688/608 621/703/621 607/704/607
f 607/689/607 620/705/620 606/691/606
f 620/705/620 605/692/605 606/691/606
f 605/692/605 617/706/617 603/707/603
f 611/694/611 630/708/630 625/709/625
f 616/693/616 629/710/629 630/708/630
f 615/695/615 628/711/628 629/710/629
f 614/697/614 627/712/627 628/713/628
f 613/698/613 626/714/626 627/712/627
f 612/699/612 624/715/624 626/714/626
f 632/716/632 623/701/623 618/717/618
f 637/718/637 622/702/622 623/701/623
f 636/719/636 621/703/621 622/702/622
f 635/720/635 620/705/620 621/721/621
f 634/722/634 619/723/619 620/705/620
f 633/724/633 617/706/617 619/723/619
f 639/725/639 630/708/630 644/726/644
f 630/708/630 643/727/643 644/726/644
f 643/727/643 628/711/628 642/728/642
f 628/713/628 641/729/641 642/730/642
f 641/729/641 626/714/626 640/731/640
f 626/714/626 638/732/638 640/731/640
f 646/733/646 637/718/637 632/716/632
f 637/718/637 650/734/650 636/719/636
f 636/719/636 649/735/649 635/736/635
f 649/737/649 634/722/634 635/720/635
f 634/722/634 647/738/647 633/724/633
f 633/724/633 645/739/645 631/740/631
f 639/725/639 658/741/658 653/742/653
f 644/726/644 657/743/657 658/741/658
f 643/727/643 656/744/656 657/743/657
f 656/745/656 641/729/641 655/746/655
f 641/729/641 654/747/654 655/746/655
f 640/731/640 652/748/652 654/747/654
f 660/749/660 651/750/651 646/733/646
f 665/751/665 650/734/650 651/750/651
f 664/752/664 649/735/649 650/734/650
f 663/753/663 648/754/648 649/737/649
f 662/755/662 647/738/647 648/754/648
f 661/756/661 645/739/645 647/738/647
f 653/742/653 672/757/672 667/758/667
f 658/741/658 671/759/671 672/757/672
f 657/743/657 670/760/670 671/759/671
f 670/761/670 655/746/655 669/762/669
f 669/762/669 654/747/654 668/763/668
f 654/747/654 666/764/666 668/763/668
f 2/765/2 665/751/665 660/749/660
f 665/751/665 6/766/6 664/752/664
f 664/752/664 5/767/5 663/768/663
f 5/10/5 662/755/662 663/753/663
f 4/9/4 661/756/661 662/755/662
f 3/12/3 659/769/659 661/756/661
f 667/758/667 14/770/14 9/771/9
f 672/757/672 13/772/13 14/770/14
f 671/759/671 12/773/12 13/772/13
f 670/761/670 11/25/11 12/22/12
f 11/25/11 668/763/668 10/27/10
f 10/27/10 666/764/666 8/774/8
f 211/258/211 435/515/435 659/769/659
f 9/15/9 16/1/16 2/3/2
f 667/758/667 2/765/2 660/749/660
f 484/556/484 260/300/260 36/43/36
f 23/17/23 30/29/30 16/1/16
f 37/37/37 44/44/44 30/29/30
f 51/53/51 58/76/58 44/44/44
f 65/68/65 72/75/72 58/76/58
f 79/85/79 86/93/86 72/75/72
f 93/102/93 100/109/100 86/93/86
f 107/118/107 114/141/114 100/109/100
f 121/133/121 128/140/128 114/141/114
f 135/149/135 142/157/142 128/140/128
f 149/166/149 156/173/156 142/157/142
f 163/182/163 170/189/170 156/173/156
f 177/198/177 184/205/184 170/189/170
f 191/214/191 198/221/198 184/205/184
f 205/229/205 212/236/212 198/221/198
f 219/245/219 226/268/226 212/236/212
f 233/260/233 240/267/240 226/268/226
f 247/277/247 254/285/254 240/267/240
f 261/294/261 268/301/268 254/285/254
f 275/310/275 282/333/282 268/301/268
f 289/325/289 296/332/296 282/333/282
f 303/341/303 310/349/310 296/332/296
f 317/358/317 324/365/324 310/349/310
f 331/374/331 338/381/338 324/365/324
f 345/390/345 352/397/352 338/381/338
f 359/406/359 366/413/366 352/397/352
f 373/421/373 380/428/380 366/413/366
f 387/437/387 394/460/394 380/428/380
f 401/452/401 408/459/408 394/460/394
f 415/469/415 422/477/422 408/459/408
f 429/486/429 436/493/436 422/477/422
f 443/502/443 450/525/450 436/493/436
f 457/517/457 464/524/464 450/525/450
f 471/533/471 478/541/478 464/524/464
f 485/550/485 492/557/492 478/541/478
f 499/566/499 506/573/506 492/557/492
f 513/582/513 520/589/520 506/573/506
f 527/598/527 534/605/534 520/589/520
f 541/613/541 548/620/548 534/605/534
f 555/629/555 562/652/562 548/620/548
f 569/644/569 576/651/576 562/652/562
f 583/661/583 590/669/590 576/651/576
f 597/678/597 604/685/604 590/669/590
f 611/694/611 618/717/618 604/685/604
f 625/709/625 632/716/632 618/717/618
f 639/725/639 646/733/646 632/716/632
f 653/742/653 660/749/660 646/733/646
f 16/1/16 21/4/21 7/2/7
f 21/4/21 20/6/20 6/5/6
f 20/6/20 19/32/19 5/7/5
f 19/8/19 18/34/18 4/9/4
f 4/9/4 18/34/18 17/11/17
f 3/12/3 17/11/17 15/13/15
f 9/15/9 14/1406/14 28/16/28
f 28/16/28 14/1406/14 13/18/13
f 27/19/27 13/18/13 12/20/12
f 12/22/12 11/25/11 25/23/25
f 11/25/11 10/27/10 24/26/24
f 10/27/10 8/774/8 22/28/22
f 30/29/30 35/30/35 21/4/21
f 35/30/35 34/31/34 20/6/20
f 34/31/34 33/47/33 19/32/19
f 19/8/19 33/48/33 32/33/32
f 18/34/18 32/33/32 31/35/31
f 31/35/31 29/51/29 15/13/15
f 23/17/23 28/16/28 42/36/42
f 28/16/28 27/19/27 41/38/41
f 27/19/27 26/21/26 40/39/40
f 26/24/26 25/23/25 39/40/39
f 25/23/25 24/26/24 38/42/38
f 24/26/24 22/28/22 36/43/36
f 44/44/44 49/45/49 35/30/35
f 49/45/49 48/46/48 34/31/34
f 48/46/48 47/62/47 33/47/33
f 33/48/33 47/64/47 46/49/46
f 46/49/46 45/50/45 31/35/31
f 45/50/45 43/66/43 29/51/29
f 37/37/37 42/36/42 56/52/56
f 56/52/56 42/36/42 41/38/41
f 55/54/55 41/38/41 40/39/40
f 40/41/40 39/40/39 53/56/53
f 53/56/53 39/40/39 38/42/38
f 52/58/52 38/42/38 36/43/36
f 44/44/44 58/76/58 63/60/63
f 63/60/63 62/78/62 48/46/48
f 48/46/48 62/78/62 61/61/61
f 61/63/61 60/81/60 46/49/46
f 46/49/46 60/81/60 59/65/59
f 59/65/59 57/84/57 43/66/43
f 51/53/51 56/52/56 70/67/70
f 56/52/56 55/54/55 69/69/69
f 55/54/55 54/55/54 68/70/68
f 54/57/54 53/56/53 67/71/67
f 53/56/53 52/58/52 66/73/66
f 52/58/52 50/59/50 64/74/64
f 72/75/72 77/77/77 63/60/63
f 77/77/77 76/79/76 62/78/62
f 76/79/76 75/96/75 61/61/61
f 75/80/75 74/82/74 60/81/60
f 74/82/74 73/83/73 59/65/59
f 73/83/73 71/100/71 57/84/57
f 79/85/79 65/68/65 70/67/70
f 84/86/84 70/67/70 69/69/69
f 83/87/83 69/69/69 68/70/68
f 82/89/82 68/72/68 67/71/67
f 67/71/67 66/73/66 80/91/80
f 80/91/80 66/73/66 64/74/64
f 86/93/86 91/110/91 77/77/77
f 77/77/77 91/110/91 90/94/90
f 76/79/76 90/94/90 89/95/89
f 75/80/75 89/114/89 88/97/88
f 74/82/74 88/97/88 87/98/87
f 73/83/73 87/98/87 85/99/85
f 79/85/79 84/86/84 98/101/98
f 84/86/84 83/87/83 97/103/97
f 83/87/83 82/88/82 96/104/96
f 82/89/82 81/90/81 95/105/95
f 81/90/81 80/91/80 94/107/94
f 80/91/80 78/92/78 92/108/92
f 100/109/100 105/111/105 91/110/91
f 105/111/105 104/112/104 90/94/90
f 104/112/104 103/128/103 89/95/89
f 103/113/103 102/115/102 88/97/88
f 102/115/102 101/116/101 87/98/87
f 101/116/101 99/131/99 85/99/85
f 93/102/93 98/101/98 112/117/112
f 112/117/112 98/101/98 97/103/97
f 111/119/111 97/103/97 96/104/96
f 110/121/110 96/106/96 95/105/95
f 109/122/109 95/105/95 94/107/94
f 108/123/108 94/107/94 92/108/92
f 100/109/100 114/141/114 119/125/119
f 105/111/105 119/125/119 118/126/118
f 104/112/104 118/126/118 117/127/117
f 103/113/103 117/145/117 116/129/116
f 116/129/116 115/147/115 101/116/101
f 101/116/101 115/147/115 113/130/113
f 107/118/107 112/117/112 126/132/126
f 112/117/112 111/119/111 125/134/125
f 111/119/111 110/120/110 124/135/124
f 110/121/110 109/122/109 123/136/123
f 109/122/109 108/123/108 122/138/122
f 108/123/108 106/124/106 120/139/120
f 128/140/128 133/142/133 119/125/119
f 133/142/133 132/143/132 118/126/118
f 132/143/132 131/160/131 117/127/117
f 131/144/131 130/146/130 116/129/116
f 130/146/130 129/148/129 115/147/115
f 129/148/129 127/164/127 113/130/113
f 135/149/135 121/133/121 126/132/126
f 126/132/126 125/134/125 139/151/139
f 139/151/139 125/134/125 124/135/124
f 124/137/124 123/136/123 137/153/137
f 137/153/137 123/136/123 122/138/122
f 122/138/122 120/139/120 134/156/134
f 142/157/142 147/174/147 133/142/133
f 133/142/133 147/174/147 146/158/146
f 132/143/132 146/158/146 145/159/145
f 145/161/145 144/178/144 130/146/130
f 130/146/130 144/178/144 143/162/143
f 129/148/129 143/162/143 141/163/141
f 135/149/135 140/150/140 154/165/154
f 140/150/140 139/151/139 153/167/153
f 139/151/139 138/152/138 152/168/152
f 152/169/152 138/154/138 137/153/137
f 137/153/137 136/155/136 150/171/150
f 136/155/136 134/156/134 148/172/148
f 156/173/156 161/175/161 147/174/147
f 161/175/161 160/176/160 146/158/146
f 160/176/160 159/192/159 145/159/145
f 159/177/159 158/179/158 144/178/144
f 158/179/158 157/180/157 143/162/143
f 157/180/157 155/196/155 141/163/141
f 149/166/149 154/165/154 168/181/168
f 154/165/154 153/167/153 167/183/167
f 153/167/153 152/168/152 166/184/166
f 166/185/166 152/169/152 151/170/151
f 165/186/165 151/170/151 150/171/150
f 150/171/150 148/172/148 162/188/162
f 170/189/170 175/206/175 161/175/161
f 161/175/161 175/206/175 174/190/174
f 160/176/160 174/190/174 173/191/173
f 173/193/173 172/194/172 158/179/158
f 172/194/172 171/195/171 157/180/157
f 171/195/171 169/212/169 155/196/155
f 163/182/163 168/181/168 182/197/182
f 168/181/168 167/183/167 181/199/181
f 167/183/167 166/184/166 180/200/180
f 166/185/166 165/186/165 179/201/179
f 179/201/179 165/186/165 164/187/164
f 178/203/178 164/187/164 162/188/162
f 184/205/184 189/207/189 175/206/175
f 189/207/189 188/208/188 174/190/174
f 188/208/188 187/224/187 173/191/173
f 187/209/187 186/226/186 172/194/172
f 172/194/172 186/226/186 185/210/185
f 171/195/171 185/210/185 183/211/183
f 177/198/177 182/197/182 196/213/196
f 196/213/196 182/197/182 181/199/181
f 195/215/195 181/199/181 180/200/180
f 180/202/180 179/201/179 193/217/193
f 179/201/179 178/203/178 192/219/192
f 178/203/178 176/204/176 190/220/190
f 198/221/198 203/222/203 189/207/189
f 203/222/203 202/223/202 188/208/188
f 202/223/202 201/239/201 187/224/187
f 187/209/187 201/240/201 200/225/200
f 186/226/186 200/225/200 199/227/199
f 199/227/199 197/243/197 183/211/183
f 191/214/191 196/213/196 210/228/210
f 196/213/196 195/215/195 209/230/209
f 195/215/195 194/216/194 208/231/208
f 194/218/194 193/217/193 207/232/207
f 193/217/193 192/219/192 206/234/206
f 192/219/192 190/220/190 204/235/204
f 212/236/212 217/237/217 203/222/203
f 217/237/217 216/238/216 202/223/202
f 216/238/216 215/254/215 201/239/201
f 201/240/201 215/256/215 214/241/214
f 214/241/214 213/242/213 199/227/199
f 213/242/213 211/258/211 197/243/197
f 205/229/205 210/228/210 224/244/224
f 224/244/224 210/228/210 209/230/209
f 223/246/223 209/230/209 208/231/208
f 208/233/208 207/232/207 221/248/221
f 221/248/221 207/232/207 206/234/206
f 220/250/220 206/234/206 204/235/204
f 212/236/212 226/268/226 231/252/231
f 231/252/231 230/270/230 216/238/216
f 216/238/216 230/270/230 229/253/229
f 229/255/229 228/273/228 214/241/214
f 214/241/214 228/273/228 227/257/227
f 227/257/227 225/276/225 211/258/211
f 219/245/219 224/244/224 238/259/238
f 224/244/224 223/246/223 237/261/237
f 223/246/223 222/247/222 236/262/236
f 222/249/222 221/248/221 235/263/235
f 221/248/221 220/250/220 234/265/234
f 220/250/220 218/251/218 232/266/232
f 240/267/240 245/269/245 231/252/231
f 245/269/245 244/271/244 230/270/230
f 244/271/244 243/288/243 229/253/229
f 243/272/243 242/274/242 228/273/228
f 242/274/242 241/275/241 227/257/227
f 241/275/241 239/292/239 225/276/225
f 247/277/247 233/260/233 238/259/238
f 252/278/252 238/259/238 237/261/237
f 251/279/251 237/261/237 236/262/236
f 250/281/250 236/264/236 235/263/235
f 235/263/235 234/265/234 248/283/248
f 248/283/248 234/265/234 232/266/232
f 254/285/254 259/302/259 245/269/245
f 245/269/245 259/302/259 258/286/258
f 244/271/244 258/286/258 257/287/257
f 243/272/243 257/306/257 256/289/256
f 242/274/242 256/289/256 255/290/255
f 241/275/241 255/290/255 253/291/253
f 247/277/247 252/278/252 266/293/266
f 252/278/252 251/279/251 265/295/265
f 251/279/251 250/280/250 264/296/264
f 250/281/250 249/282/249 263/297/263
f 249/282/249 248/283/248 262/299/262
f 248/283/248 246/284/246 260/300/260
f 268/301/268 273/303/273 259/302/259
f 273/303/273 272/304/272 258/286/258
f 272/304/272 271/320/271 257/287/257
f 271/305/271 270/307/270 256/289/256
f 270/307/270 269/308/269 255/290/255
f 269/308/269 267/323/267 253/291/253
f 261/294/261 266/293/266 280/309/280
f 280/309/280 266/293/266 265/295/265
f 279/311/279 265/295/265 264/296/264
f 278/313/278 264/298/264 263/297/263
f 277/314/277 263/297/263 262/299/262
f 276/315/276 262/299/262 260/300/260
f 268/301/268 282/333/282 287/317/287
f 273/303/273 287/317/287 286/318/286
f 272/304/272 286/318/286 285/319/285
f 271/305/271 285/337/285 284/321/284
f 284/321/284 283/339/283 269/308/269
f 269/308/269 283/339/283 281/322/281
f 275/310/275 280/309/280 294/324/294
f 280/309/280 279/311/279 293/326/293
f 279/311/279 278/312/278 292/327/292
f 278/313/278 277/314/277 291/328/291
f 277/314/277 276/315/276 290/330/290
f 276/315/276 274/316/274 288/331/288
f 296/332/296 301/334/301 287/317/287
f 301/334/301 300/335/300 286/318/286
f 300/335/300 299/352/299 285/319/285
f 299/336/299 298/338/298 284/321/284
f 298/338/298 297/340/297 283/339/283
f 297/340/297 295/356/295 281/322/281
f 303/341/303 289/325/289 294/324/294
f 294/324/294 293/326/293 307/343/307
f 307/343/307 293/326/293 292/327/292
f 292/329/292 291/328/291 305/345/305
f 305/345/305 291/328/291 290/330/290
f 290/330/290 288/331/288 302/348/302
f 310/349/310 315/366/315 301/334/301
f 301/334/301 315/366/315 314/350/314
f 300/335/300 314/350/314 313/351/313
f 313/353/313 312/370/312 298/338/298
f 298/338/298 312/370/312 311/354/311
f 297/340/297 311/354/311 309/355/309
f 303/341/303 308/342/308 322/357/322
f 308/342/308 307/343/307 321/359/321
f 307/343/307 306/344/306 320/360/320
f 320/361/320 306/346/306 305/345/305
f 305/345/305 304/347/304 318/363/318
f 304/347/304 302/348/302 316/364/316
f 324/365/324 329/367/329 315/366/315
f 329/367/329 328/368/328 314/350/314
f 328/368/328 327/384/327 313/351/313
f 327/369/327 326/371/326 312/370/312
f 326/371/326 325/372/325 311/354/311
f 325/372/325 323/388/323 309/355/309
f 317/358/317 322/357/322 336/373/336
f 322/357/322 321/359/321 335/375/335
f 321/359/321 320/360/320 334/376/334
f 334/377/334 320/361/320 319/362/319
f 333/378/333 319/362/319 318/363/318
f 318/363/318 316/364/316 330/380/330
f 338/381/338 343/398/343 329/367/329
f 329/367/329 343/398/343 342/382/342
f 328/368/328 342/382/342 341/383/341
f 341/385/341 340/386/340 326/371/326
f 340/386/340 339/387/339 325/372/325
f 339/387/339 337/404/337 323/388/323
f 331/374/331 336/373/336 350/389/350
f 336/373/336 335/375/335 349/391/349
f 335/375/335 334/376/334 348/392/348
f 334/377/334 333/378/333 347/393/347
f 347/393/347 333/378/333 332/379/332
f 346/395/346 332/379/332 330/380/330
f 352/397/352 357/399/357 343/398/343
f 357/399/357 356/400/356 342/382/342
f 356/400/356 355/416/355 341/383/341
f 355/401/355 354/418/354 340/386/340
f 340/386/340 354/418/354 353/402/353
f 339/387/339 353/402/353 351/403/351
f 345/390/345 350/389/350 364/405/364
f 364/405/364 350/389/350 349/391/349
f 363/407/363 349/391/349 348/392/348
f 348/394/348 347/393/347 361/409/361
f 347/393/347 346/395/346 360/411/360
f 346/395/346 344/396/344 358/412/358
f 366/413/366 371/414/371 357/399/357
f 371/414/371 370/415/370 356/400/356
f 370/415/370 369/431/369 355/416/355
f 355/401/355 369/432/369 368/417/368
f 354/418/354 368/417/368 367/419/367
f 367/419/367 365/435/365 351/403/351
f 359/406/359 364/405/364 378/420/378
f 364/405/364 363/407/363 377/422/377
f 363/407/363 362/408/362 376/423/376
f 362/410/362 361/409/361 375/424/375
f 361/409/361 360/411/360 374/426/374
f 360/411/360 358/412/358 372/427/372
f 380/428/380 385/429/385 371/414/371
f 385/429/385 384/430/384 370/415/370
f 384/430/384 383/446/383 369/431/369
f 369/432/369 383/448/383 382/433/382
f 382/433/382 381/434/381 367/419/367
f 381/434/381 379/450/379 365/435/365
f 373/421/373 378/420/378 392/436/392
f 392/436/392 378/420/378 377/422/377
f 391/438/391 377/422/377 376/423/376
f 376/425/376 375/424/375 389/440/389
f 389/440/389 375/424/375 374/426/374
f 388/442/388 374/426/374 372/427/372
f 380/428/380 394/460/394 399/444/399
f 399/444/399 398/462/398 384/430/384
f 384/430/384 398/462/398 397/445/397
f 397/447/397 396/465/396 382/433/382
f 382/433/382 396/465/396 395/449/395
f 395/449/395 393/468/393 379/450/379
f 387/437/387 392/436/392 406/451/406
f 392/436/392 391/438/391 405/453/405
f 391/438/391 390/439/390 404/454/404
f 390/441/390 389/440/389 403/455/403
f 389/440/389 388/442/388 402/457/402
f 388/442/388 386/443/386 400/458/400
f 408/459/408 413/461/413 399/444/399
f 413/461/413 412/463/412 398/462/398
f 412/463/412 411/480/411 397/445/397
f 411/464/411 410/466/410 396/465/396
f 410/466/410 409/467/409 395/449/395
f 409/467/409 407/484/407 393/468/393
f 415/469/415 401/452/401 406/451/406
f 420/470/420 406/451/406 405/453/405
f 419/471/419 405/453/405 404/454/404
f 418/473/418 404/456/404 403/455/403
f 403/455/403 402/457/402 416/475/416
f 416/475/416 402/457/402 400/458/400
f 422/477/422 427/494/427 413/461/413
f 413/461/413 427/494/427 426/478/426
f 412/463/412 426/478/426 425/479/425
f 411/464/411 425/498/425 424/481/424
f 410/466/410 424/481/424 423/482/423
f 409/467/409 423/482/423 421/483/421
f 415/469/415 420/470/420 434/485/434
f 420/470/420 419/471/419 433/487/433
f 419/471/419 418/472/418 432/488/432
f 418/473/418 417/474/417 431/489/431
f 417/474/417 416/475/416 430/491/430
f 416/475/416 414/476/414 428/492/428
f 436/493/436 441/495/441 427/494/427
f 441/495/441 440/496/440 426/478/426
f 440/496/440 439/512/439 425/479/425
f 439/497/439 438/499/438 424/481/424
f 438/499/438 437/500/437 423/482/423
f 437/500/437 435/515/435 421/483/421
f 429/486/429 434/485/434 448/501/448
f 448/501/448 434/485/434 433/487/433
f 447/503/447 433/487/433 432/488/432
f 446/505/446 432/490/432 431/489/431
f 445/506/445 431/489/431 430/491/430
f 444/507/444 430/491/430 428/492/428
f 436/493/436 450/525/450 455/509/455
f 441/495/441 455/509/455 454/510/454
f 440/496/440 454/510/454 453/511/453
f 439/497/439 453/529/453 452/513/452
f 452/513/452 451/531/451 437/500/437
f 437/500/437 451/531/451 449/514/449
f 443/502/443 448/501/448 462/516/462
f 448/501/448 447/503/447 461/518/461
f 447/503/447 446/504/446 460/519/460
f 446/505/446 445/506/445 459/520/459
f 445/506/445 444/507/444 458/522/458
f 444/507/444 442/508/442 456/523/456
f 464/524/464 469/526/469 455/509/455
f 469/526/469 468/527/468 454/510/454
f 468/527/468 467/544/467 453/511/453
f 467/528/467 466/530/466 452/513/452
f 466/530/466 465/532/465 451/531/451
f 465/532/465 463/548/463 449/514/449
f 471/533/471 457/517/457 462/516/462
f 462/516/462 461/518/461 475/535/475
f 475/535/475 461/518/461 460/519/460
f 460/521/460 459/520/459 473/537/473
f 473/537/473 459/520/459 458/522/458
f 458/522/458 456/523/456 470/540/470
f 478/541/478 483/558/483 469/526/469
f 469/526/469 483/558/483 482/542/482
f 468/527/468 482/542/482 481/543/481
f 481/545/481 480/562/480 466/530/466
f 466/530/466 480/562/480 479/546/479
f 465/532/465 479/546/479 477/547/477
f 471/533/471 476/534/476 490/549/490
f 476/534/476 475/535/475 489/551/489
f 475/535/475 474/536/474 488/552/488
f 488/553/488 474/538/474 473/537/473
f 473/537/473 472/539/472 486/555/486
f 472/539/472 470/540/470 484/556/484
f 492/557/492 497/559/497 483/558/483
f 497/559/497 496/560/496 482/542/482
f 496/560/496 495/576/495 481/543/481
f 495/561/495 494/563/494 480/562/480
f 494/563/494 493/564/493 479/546/479
f 493/564/493 491/580/491 477/547/477
f 485/550/485 490/549/490 504/565/504
f 490/549/490 489/551/489 503/567/503
f 489/551/489 488/552/488 502/568/502
f 502/569/502 488/553/488 487/554/487
f 501/570/501 487/554/487 486/555/486
f 486/555/486 484/556/484 498/572/498
f 506/573/506 511/590/511 497/559/497
f 497/559/497 511/590/511 510/574/510
f 496/560/496 510/574/510 509/575/509
f 509/577/509 508/578/508 494/563/494
f 508/578/508 507/579/507 493/564/493
f 507/579/507 505/596/505 491/580/491
f 499/566/499 504/565/504 518/581/518
f 504/565/504 503/567/503 517/583/517
f 503/567/503 502/568/502 516/584/516
f 502/569/502 501/570/501 515/585/515
f 515/585/515 501/570/501 500/571/500
f 514/587/514 500/571/500 498/572/498
f 520/589/520 525/591/525 511/590/511
f 525/591/525 524/592/524 510/574/510
f 524/592/524 523/608/523 509/575/509
f 523/593/523 522/610/522 508/578/508
f 508/578/508 522/610/522 521/594/521
f 507/579/507 521/594/521 519/595/519
f 513/582/513 518/581/518 532/597/532
f 532/597/532 518/581/518 517/583/517
f 531/599/531 517/583/517 516/584/516
f 516/586/516 515/585/515 529/601/529
f 515/585/515 514/587/514 528/603/528
f 514/587/514 512/588/512 526/604/526
f 534/605/534 539/606/539 525/591/525
f 539/606/539 538/607/538 524/592/524
f 538/607/538 537/623/537 523/608/523
f 523/593/523 537/624/537 536/609/536
f 522/610/522 536/609/536 535/611/535
f 535/611/535 533/627/533 519/595/519
f 527/598/527 532/597/532 546/612/546
f 532/597/532 531/599/531 545/614/545
f 531/599/531 530/600/530 544/615/544
f 530/602/530 529/601/529 543/616/543
f 529/601/529 528/603/528 542/618/542
f 528/603/528 526/604/526 540/619/540
f 548/620/548 553/621/553 539/606/539
f 553/621/553 552/622/552 538/607/538
f 552/622/552 551/638/551 537/623/537
f 537/624/537 551/640/551 550/625/550
f 550/625/550 549/626/549 535/611/535
f 549/626/549 547/642/547 533/627/533
f 541/613/541 546/612/546 560/628/560
f 560/628/560 546/612/546 545/614/545
f 559/630/559 545/614/545 544/615/544
f 544/617/544 543/616/543 557/632/557
f 557/632/557 543/616/543 542/618/542
f 556/634/556 542/618/542 540/619/540
f 548/620/548 562/652/562 567/636/567
f 567/636/567 566/654/566 552/622/552
f 552/622/552 566/654/566 565/637/565
f 565/639/565 564/657/564 550/625/550
f 550/625/550 564/657/564 563/641/563
f 563/641/563 561/660/561 547/642/547
f 555/629/555 560/628/560 574/643/574
f 560/628/560 559/630/559 573/645/573
f 559/630/559 558/631/558 572/646/572
f 558/633/558 557/632/557 571/647/571
f 557/632/557 556/634/556 570/649/570
f 556/634/556 554/635/554 568/650/568
f 576/651/576 581/653/581 567/636/567
f 581/653/581 580/655/580 566/654/566
f 580/655/580 579/672/579 565/637/565
f 579/656/579 578/658/578 564/657/564
f 578/658/578 577/659/577 563/641/563
f 577/659/577 575/676/575 561/660/561
f 583/661/583 569/644/569 574/643/574
f 588/662/588 574/643/574 573/645/573
f 587/663/587 573/645/573 572/646/572
f 586/665/586 572/648/572 571/647/571
f 571/647/571 570/649/570 584/667/584
f 584/667/584 570/649/570 568/650/568
f 590/669/590 595/686/595 581/653/581
f 581/653/581 595/686/595 594/670/594
f 580/655/580 594/670/594 593/671/593
f 579/656/579 593/690/593 592/673/592
f 578/658/578 592/673/592 591/674/591
f 577/659/577 591/674/591 589/675/589
f 583/661/583 588/662/588 602/677/602
f 588/662/588 587/663/587 601/679/601
f 587/663/587 586/664/586 600/680/600
f 586/665/586 585/666/585 599/681/599
f 585/666/585 584/667/584 598/683/598
f 584/667/584 582/668/582 596/684/596
f 604/685/604 609/687/609 595/686/595
f 609/687/609 608/688/608 594/670/594
f 608/688/608 607/704/607 593/671/593
f 607/689/607 606/691/606 592/673/592
f 606/691/606 605/692/605 591/674/591
f 605/692/605 603/707/603 589/675/589
f 597/678/597 602/677/602 616/693/616
f 616/693/616 602/677/602 601/679/601
f 615/695/615 601/679/601 600/680/600
f 614/697/614 600/682/600 599/681/599
f 613/698/613 599/681/599 598/683/598
f 612/699/612 598/683/598 596/684/596
f 604/685/604 618/717/618 623/701/623
f 609/687/609 623/701/623 622/702/622
f 608/688/608 622/702/622 621/703/621
f 607/689/607 621/721/621 620/705/620
f 620/705/620 619/723/619 605/692/605
f 605/692/605 619/723/619 617/706/617
f 611/694/611 616/693/616 630/708/630
f 616/693/616 615/695/615 629/710/629
f 615/695/615 614/696/614 628/711/628
f 614/697/614 613/698/613 627/712/627
f 613/698/613 612/699/612 626/714/626
f 612/699/612 610/700/610 624/715/624
f 632/716/632 637/718/637 623/701/623
f 637/718/637 636/719/636 622/702/622
f 636/719/636 635/736/635 621/703/621
f 635/720/635 634/722/634 620/705/620
f 634/722/634 633/724/633 619/723/619
f 633/724/633 631/740/631 617/706/617
f 639/725/639 625/709/625 630/708/630
f 630/708/630 629/710/629 643/727/643
f 643/727/643 629/710/629 628/711/628
f 628/713/628 627/712/627 641/729/641
f 641/729/641 627/712/627 626/714/626
f 626/714/626 624/715/624 638/732/638
f 646/733/646 651/750/651 637/718/637
f 637/718/637 651/750/651 650/734/650
f 636/719/636 650/734/650 649/735/649
f 649/737/649 648/754/648 634/722/634
f 634/722/634 648/754/648 647/738/647
f 633/724/633 647/738/647 645/739/645
f 639/725/639 644/726/644 658/741/658
f 644/726/644 643/727/643 657/743/657
f 643/727/643 642/728/642 656/744/656
f 656/745/656 642/730/642 641/729/641
f 641/729/641 640/731/640 654/747/654
f 640/731/640 638/732/638 652/748/652
f 660/749/660 665/751/665 651/750/651
f 665/751/665 664/752/664 650/734/650
f 664/752/664 663/768/663 649/735/649
f 663/753/663 662/755/662 648/754/648
f 662/755/662 661/756/661 647/738/647
f 661/756/661 659/769/659 645/739/645
f 653/742/653 658/741/658 672/757/672
f 658/741/658 657/743/657 671/759/671
f 657/743/657 656/744/656 670/760/670
f 670/761/670 656/745/656 655/746/655
f 669/762/669 655/746/655 654/747/654
f 654/747/654 652/748/652 666/764/666
f 2/765/2 7/1407/7 665/751/665
f 665/751/665 7/1407/7 6/766/6
f 664/752/664 6/766/6 5/767/5
f 5/10/5 4/9/4 662/755/662
f 4/9/4 3/12/3 661/756/661
f 3/12/3 1/14/1 659/769/659
f 667/758/667 672/757/672 14/770/14
f 672/757/672 671/759/671 13/772/13
f 671/759/671 670/760/670 12/773/12
f 670/761/670 669/762/669 11/25/11
f 11/25/11 669/762/669 668/763/668
f 10/27/10 668/763/668 666/764/666
f 659/769/659 1/14/1 15/13/15
f 15/13/15 29/51/29 43/66/43
f 43/66/43 57/84/57 71/100/71
f 71/100/71 85/99/85 99/131/99
f 99/131/99 113/130/113 127/164/127
f 127/164/127 141/163/141 155/196/155
f 155/196/155 169/212/169 183/211/183
f 183/211/183 197/243/197 211/258/211
f 211/258/211 225/276/225 239/292/239
f 239/292/239 253/291/253 267/323/267
f 267/323/267 281/322/281 295/356/295
f 295/356/295 309/355/309 323/388/323
f 323/388/323 337/404/337 351/403/351
f 351/403/351 365/435/365 379/450/379
f 379/450/379 393/468/393 407/484/407
f 407/484/407 421/483/421 435/515/435
f 435/515/435 449/514/449 463/548/463
f 463/548/463 477/547/477 491/580/491
f 491/580/491 505/596/505 519/595/519
f 519/595/519 533/627/533 547/642/547
f 547/642/547 561/660/561 575/676/575
f 575/676/575 589/675/589 603/707/603
f 603/707/603 617/706/617 631/740/631
f 631/740/631 645/739/645 659/769/659
f 659/769/659 15/13/15 43/66/43
f 43/66/43 71/100/71 99/131/99
f 99/131/99 127/164/127 155/196/155
f 155/196/155 183/211/183 211/258/211
f 211/258/211 239/292/239 267/323/267
f 267/323/267 295/356/295 323/388/323
f 323/388/323 351/403/351 379/450/379
f 379/450/379 407/484/407 435/515/435
f 435/515/435 463/548/463 491/580/491
f 491/580/491 519/595/519 547/642/547
f 547/642/547 575/676/575 603/707/603
f 603/707/603 631/740/631 659/769/659
f 659/769/659 43/66/43 99/131/99
f 99/131/99 155/196/155 211/258/211
f 211/258/211 267/323/267 323/388/323
f 323/388/323 379/450/379 435/515/435
f 435/515/435 491/580/491 547/642/547
f 547/642/547 603/707/603 659/769/659
f 659/769/659 99/131/99 211/258/211
f 211/258/211 323/388/323 435/515/435
f 435/515/435 547/642/547 659/769/659
f 9/15/9 23/17/23 16/1/16
f 667/758/667 9/771/9 2/765/2
f 36/43/36 22/28/22 8/774/8
f 8/774/8 666/764/666 652/748/652
f 652/748/652 638/732/638 624/715/624
f 624/715/624 610/700/610 596/684/596
f 596/684/596 582/668/582 568/650/568
f 568/650/568 554/635/554 540/619/540
f 540/619/540 526/604/526 512/588/512
f 512/588/512 498/572/498 484/556/484
f 484/556/484 470/540/470 456/523/456
f 456/523/456 442/508/442 428/492/428
f 428/492/428 414/476/414 400/458/400
f 400/458/400 386/443/386 372/427/372
f 372/427/372 358/412/358 344/396/344
f 344/396/344 330/380/330 316/364/316
f 316/364/316 302/348/302 288/331/288
f 288/331/288 274/316/274 260/300/260
f 260/300/260 246/284/246 232/266/232
f 232/266/232 218/251/218 204/235/204
f 204/235/204 190/220/190 176/204/176
f 176/204/176 162/188/162 148/172/148
f 148/172/148 134/156/134 120/139/120
f 120/139/120 106/124/106 92/108/92
f 92/108/92 78/92/78 64/74/64
f 64/74/64 50/59/50 36/43/36
f 36/43/36 8/774/8 652/748/652
f 652/748/652 624/715/624 596/684/596
f 596/684/596 568/650/568 540/619/540
f 540/619/540 512/588/512 484/556/484
f 484/556/484 456/523/456 428/492/428
f 428/492/428 400/458/400 372/427/372
f 372/427/372 344/396/344 316/364/316
f 316/364/316 288/331/288 260/300/260
f 260/300/260 232/266/232 204/235/204
f 204/235/204 176/204/176 148/172/148
f 148/172/148 120/139/120 92/108/92
f 92/108/92 64/74/64 36/43/36
f 36/43/36 652/748/652 596/684/596
f 596/684/596 540/619/540 484/556/484
f 484/556/484 428/492/428 372/427/372
f 372/427/372 316/364/316 260/300/260
f 260/300/260 204/235/204 148/172/148
f 148/172/148 92/108/92 36/43/36
f 36/43/36 596/684/596 484/556/484
f 484/556/484 372/427/372 260/300/260
f 260/300/260 148/172/148 36/43/36
f 23/17/23 37/37/37 30/29/30
f 37/37/37 51/53/51 44/44/44
f 51/53/51 65/68/65 58/76/58
f 65/68/65 79/85/79 72/75/72
f 79/85/79 93/102/93 86/93/86
f 93/102/93 107/118/107 100/109/100
f 107/118/107 121/133/121 114/141/114
f 121/133/121 135/149/135 128/140/128
f 135/149/135 149/166/149 142/157/142
f 149/166/149 163/182/163 156/173/156
f 163/182/163 177/198/177 170/189/170
f 177/198/177 191/214/191 184/205/184
f 191/214/191 205/229/205 198/221/198
f 205/229/205 219/245/219 212/236/212
f 219/245/219 233/260/233 226/268/226
f 233/260/233 247/277/247 240/267/240
f 247/277/247 261/294/261 254/285/254
f 261/294/261 275/310/275 268/301/268
f 275/310/275 289/325/289 282/333/282
f 289/325/289 303/341/303 296/332/296
f 303/341/303 317/358/317 310/349/310
f 317/358/317 331/374/331 324/365/324
f 331/374/331 345/390/345 338/381/338
f 345/390/345 359/406/359 352/397/352
f 359/406/359 373/421/373 366/413/366
f 373/421/373 387/437/387 380/428/380
f 387/437/387 401/452/401 394/460/394
f 401/452/401 415/469/415 408/459/408
f 415/469/415 429/486/429 422/477/422
f 429/486/429 443/502/443 436/493/436
f 443/502/443 457/517/457 450/525/450
f 457/517/457 471/533/471 464/524/464
f 471/533/471 485/550/485 478/541/478
f 485/550/485 499/566/499 492/557/492
f 499/566/499 513/582/513 506/573/506
f 513/582/513 527/598/527 520/589/520
f 527/598/527 541/613/541 534/605/534
f 541/613/541 555/629/555 548/620/548
f 555/629/555 569/644/569 562/652/562
f 569/644/569 583/661/583 576/651/576
f 583/661/583 597/678/597 590/669/590
f 597/678/597 611/694/611 604/685/604
f 611/694/611 625/709/625 618/717/618
f 625/709/625 639/725/639 632/716/632
f 639/725/639 653/742/653 646/733/646
f 653/742/653 667/758/667 660/749/660
usemtl Accent
f 673/775/673 686/776/686 674/777/674
f 686/776/686 675/778/675 674/777/674
f 675/778/675 688/779/688 676/780/676
f 688/779/688 677/781/677 676/780/676
f 677/781/677 690/782/690 678/783/678
f 690/782/690 679/784/679 678/783/678
f 691/785/691 680/786/680 679/787/679
f 692/788/692 681/789/681 680/786/680
f 693/790/693 682/791/682 681/789/681
f 694/792/694 683/793/683 682/791/682
f 695/794/695 684/795/684 683/793/683
f 696/796/696 673/775/673 684/795/684
f 697/797/697 686/776/686 685/798/685
f 698/799/698 687/800/687 686/776/686
f 699/801/699 688/779/688 687/800/687
f 700/802/700 689/803/689 688/779/688
f 701/804/701 690/782/690 689/803/689
f 702/805/702 691/806/691 690/782/690
f 703/807/703 692/788/692 691/785/691
f 692/788/692 705/808/705 693/790/693
f 693/790/693 706/809/706 694/792/694
f 694/792/694 707/810/707 695/794/695
f 707/810/707 696/796/696 695/794/695
f 708/811/708 685/798/685 696/796/696
f 697/797/697 710/812/710 698/799/698
f 710/812/710 699/801/699 698/799/698
f 711/813/711 700/802/700 699/801/699
f 700/802/700 713/814/713 701/804/701
f 701/804/701 714/815/714 702/805/702
f 714/815/714 703/816/703 702/805/702
f 715/817/715 704/818/704 703/807/703
f 716/819/716 705/808/705 704/818/704
f 717/820/717 706/809/706 705/808/705
f 718/821/718 707/810/707 706/809/706
f 707/810/707 720/822/720 708/811/708
f 720/822/720 697/797/697 708/811/708
f 721/823/721 710/812/710 709/824/709
f 722/825/722 711/813/711 710/812/710
f 723/826/723 712/827/712 711/813/711
f 724/828/724 713/814/713 712/827/712
f 713/814/713 726/829/726 714/815/714
f 726/829/726 715/830/715 714/815/714
f 715/817/715 728/831/728 716/819/716
f 728/831/728 717/820/717 716/819/716
f 717/820/717 730/832/730 718/821/718
f 730/832/730 719/833/719 718/821/718
f 731/834/731 720/822/720 719/833/719
f 720/822/720 721/823/721 709/824/709
f 733/835/733 722/825/722 721/823/721
f 722/825/722 735/836/735 723/826/723
f 735/836/735 724/828/724 723/826/723
f 724/828/724 737/837/737 725/838/725
f 737/837/737 726/829/726 725/838/725
f 726/829/726 739/839/739 727/840/727
f 739/841/739 728/831/728 727/842/727
f 740/843/740 729/844/729 728/831/728
f 741/845/741 730/832/730 729/844/729
f 730/832/730 743/846/743 731/834/731
f 743/846/743 732/847/732 731/834/731
f 732/847/732 733/835/733 721/823/721
f 745/848/745 734/849/734 733/835/733
f 734/849/734 747/850/747 735/836/735
f 747/850/747 736/851/736 735/836/735
f 736/851/736 749/852/749 737/837/737
f 749/852/749 738/853/738 737/837/737
f 750/854/750 739/839/739 738/853/738
f 751/855/751 740/843/740 739/841/739
f 740/843/740 753/856/753 741/845/741
f 753/856/753 742/857/742 741/845/741
f 742/857/742 755/858/755 743/846/743
f 755/858/755 744/859/744 743/846/743
f 756/860/756 733/835/733 744/859/744
f 745/848/745 758/861/758 746/862/746
f 746/862/746 759/863/759 747/850/747
f 759/863/759 748/864/748 747/850/747
f 748/864/748 761/865/761 749/852/749
f 761/865/761 750/854/750 749/852/749
f 750/854/750 763/866/763 751/867/751
f 763/868/763 752/869/752 751/855/751
f 752/869/752 765/870/765 753/856/753
f 765/870/765 754/871/754 753/856/753
f 766/872/766 755/858/755 754/871/754
f 767/873/767 756/860/756 755/858/755
f 768/874/768 745/848/745 756/860/756
f 769/875/769 758/861/758 757/876/757
f 758/861/758 771/877/771 759/863/759
f 759/863/759 772/878/772 760/879/760
f 772/878/772 761/865/761 760/879/760
f 761/865/761 774/880/774 762/881/762
f 762/881/762 775/882/775 763/866/763
f 775/883/775 764/884/764 763/868/763
f 776/885/776 765/870/765 764/884/764
f 777/886/777 766/872/766 765/870/765
f 778/887/778 767/873/767 766/872/766
f 779/888/779 768/874/768 767/873/767
f 780/889/780 757/876/757 768/874/768
f 781/890/781 770/891/770 769/875/769
f 782/892/782 771/877/771 770/891/770
f 771/877/771 784/893/784 772/878/772
f 784/893/784 773/894/773 772/878/772
f 785/895/785 774/880/774 773/894/773
f 774/880/774 787/896/787 775/882/775
f 787/897/787 776/885/776 775/883/775
f 788/898/788 777/886/777 776/885/776
f 777/886/777 790/899/790 778/887/778
f 790/899/790 779/888/779 778/887/778
f 791/900/791 780/889/780 779/888/779
f 780/889/780 781/890/781 769/875/769
f 793/901/793 782/892/782 781/890/781
f 794/902/794 783/903/783 782/892/782
f 795/904/795 784/893/784 783/903/783
f 796/905/796 785/895/785 784/893/784
f 797/906/797 786/907/786 785/895/785
f 798/908/798 787/896/787 786/907/786
f 787/897/787 800/909/800 788/898/788
f 788/898/788 801/910/801 789/911/789
f 789/911/789 802/912/802 790/899/790
f 790/899/790 803/913/803 791/900/791
f 791/900/791 804/914/804 792/915/792
f 804/914/804 781/890/781 792/915/792
f 805/916/805 794/902/794 793/901/793
f 806/917/806 795/904/795 794/902/794
f 807/918/807 796/905/796 795/904/795
f 796/905/796 809/919/809 797/906/797
f 809/919/809 798/908/798 797/906/797
f 810/920/810 799/921/799 798/908/798
f 811/922/811 800/909/800 799/923/799
f 812/924/812 801/910/801 800/909/800
f 813/925/813 802/912/802 801/910/801
f 814/926/814 803/913/803 802/912/802
f 815/927/815 804/914/804 803/913/803
f 816/928/816 793/901/793 804/914/804
f 817/929/817 806/917/806 805/916/805
f 818/930/818 807/918/807 806/917/806
f 819/931/819 808/932/808 807/918/807
f 820/933/820 809/919/809 808/932/808
f 821/934/821 810/920/810 809/919/809
f 822/935/822 811/936/811 810/920/810
f 823/937/823 812/924/812 811/922/811
f 812/924/812 825/938/825 813/925/813
f 813/925/813 826/939/826 814/926/814
f 814/926/814 827/940/827 815/927/815
f 827/940/827 816/928/816 815/927/815
f 828/941/828 805/916/805 816/928/816
f 829/942/829 818/930/818 817/929/817
f 830/943/830 819/931/819 818/930/818
f 831/944/831 820/933/820 819/931/819
f 832/945/832 821/934/821 820/933/820
f 833/946/833 822/935/822 821/934/821
f 834/947/834 823/948/823 822/935/822
f 835/949/835 824/950/824 823/937/823
f 824/950/824 837/951/837 825/938/825
f 825/938/825 838/952/838 826/939/826
f 838/952/838 827/940/827 826/939/826
f 839/953/839 828/941/828 827/940/827
f 840/954/840 817/929/817 828/941/828
f 829/942/829 842/955/842 830/943/830
f 842/955/842 831/944/831 830/943/830
f 843/956/843 832/945/832 831/944/831
f 844/957/844 833/946/833 832/945/832
f 845/958/845 834/947/834 833/946/833
f 846/959/846 835/960/835 834/947/834
f 847/961/847 836/962/836 835/949/835
f 848/963/848 837/951/837 836/962/836
f 849/964/849 838/952/838 837/951/837
f 850/965/850 839/953/839 838/952/838
f 851/966/851 840/954/840 839/953/839
f 852/967/852 829/942/829 840/954/840
f 853/968/853 842/955/842 841/969/841
f 842/955/842 855/970/855 843/956/843
f 855/970/855 844/957/844 843/956/843
f 844/957/844 857/971/857 845/958/845
f 857/971/857 846/959/846 845/958/845
f 858/972/858 847/973/847 846/959/846
f 859/974/859 848/963/848 847/961/847
f 848/963/848 861/975/861 849/964/849
f 861/975/861 850/965/850 849/964/849
f 862/976/862 851/966/851 850/965/850
f 863/977/863 852/967/852 851/966/851
f 852/967/852 853/968/853 841/969/841
f 865/978/865 854/979/854 853/968/853
f 854/979/854 867/980/867 855/970/855
f 867/980/867 856/981/856 855/970/855
f 856/981/856 869/982/869 857/971/857
f 869/982/869 858/972/858 857/971/857
f 870/983/870 859/984/859 858/972/858
f 871/985/871 860/986/860 859/974/859
f 860/986/860 873/987/873 861/975/861
f 873/987/873 862/976/862 861/975/861
f 862/976/862 875/988/875 863/977/863
f 875/988/875 864/989/864 863/977/863
f 876/990/876 853/968/853 864/989/864
f 877/991/877 866/992/866 865/978/865
f 866/992/866 879/993/879 867/980/867
f 879/993/879 868/994/868 867/980/867
f 880/995/880 869/982/869 868/994/868
f 881/996/881 870/983/870 869/982/869
f 882/997/882 871/998/871 870/983/870
f 871/985/871 884/999/884 872/1000/872
f 884/999/884 873/987/873 872/1000/872
f 873/987/873 886/1001/886 874/1002/874
f 874/1002/874 887/1003/887 875/988/875
f 887/1003/887 876/990/876 875/988/875
f 876/990/876 877/991/877 865/978/865
f 889/1004/889 878/1005/878 877/991/877
f 878/1005/878 891/1006/891 879/993/879
f 891/1006/891 880/995/880 879/993/879
f 892/1007/892 881/996/881 880/995/880
f 881/996/881 894/1008/894 882/997/882
f 894/1008/894 883/1009/883 882/997/882
f 895/1010/895 884/999/884 883/1011/883
f 896/1012/896 885/1013/885 884/999/884
f 885/1013/885 898/1014/898 886/1001/886
f 886/1001/886 899/1015/899 887/1003/887
f 899/1015/899 888/1016/888 887/1003/887
f 888/1016/888 889/1004/889 877/991/877
f 901/1017/901 890/1018/890 889/1004/889
f 902/1019/902 891/1006/891 890/1018/890
f 903/1020/903 892/1007/892 891/1006/891
f 892/1007/892 905/1021/905 893/1022/893
f 905/1021/905 894/1008/894 893/1022/893
f 894/1008/894 907/1023/907 895/1024/895
f 907/1025/907 896/1012/896 895/1010/895
f 908/1026/908 897/1027/897 896/1012/896
f 909/1028/909 898/1014/898 897/1027/897
f 898/1014/898 911/1029/911 899/1015/899
f 911/1029/911 900/1030/900 899/1015/899
f 900/1030/900 901/1017/901 889/1004/889
f 901/1017/901 914/1031/914 902/1019/902
f 914/1031/914 903/1020/903 902/1019/902
f 903/1020/903 916/1032/916 904/1033/904
f 904/1033/904 917/1034/917 905/1021/905
f 917/1034/917 906/1035/906 905/1021/905
f 918/1036/918 907/1023/907 906/1035/906
f 919/1037/919 908/1026/908 907/1025/907
f 908/1026/908 921/1038/921 909/1028/909
f 921/1038/921 910/1039/910 909/1028/909
f 922/1040/922 911/1029/911 910/1039/910
f 911/1029/911 924/1041/924 912/1042/912
f 924/1041/924 901/1017/901 912/1042/912
f 925/1043/925 914/1031/914 913/1044/913
f 914/1031/914 927/1045/927 915/1046/915
f 927/1045/927 916/1032/916 915/1046/915
f 928/1047/928 917/1034/917 916/1032/916
f 929/1048/929 918/1036/918 917/1034/917
f 930/1049/930 919/1050/919 918/1036/918
f 931/1051/931 920/1052/920 919/1037/919
f 932/1053/932 921/1038/921 920/1052/920
f 933/1054/933 922/1040/922 921/1038/921
f 934/1055/934 923/1056/923 922/1040/922
f 935/1057/935 924/1041/924 923/1056/923
f 936/1058/936 913/1044/913 924/1041/924
f 937/1059/937 926/1060/926 925/1043/925
f 926/1060/926 939/1061/939 927/1045/927
f 939/1061/939 928/1047/928 927/1045/927
f 940/1062/940 929/1048/929 928/1047/928
f 929/1048/929 942/1063/942 930/1049/930
f 942/1063/942 931/55/931 930/1049/930
f 931/1051/931 944/1064/944 932/1053/932
f 944/1064/944 933/1054/933 932/1053/932
f 945/1065/945 934/1055/934 933/1054/933
f 934/1055/934 947/1066/947 935/1057/935
f 947/1066/947 936/1058/936 935/1057/935
f 948/1067/948 925/1043/925 936/1058/936
f 949/32/949 938/1068/938 937/1059/937
f 950/1069/950 939/1061/939 938/1068/938
f 951/1070/951 940/1062/940 939/1061/939
f 952/1071/952 941/1072/941 940/1062/940
f 941/1072/941 954/1073/954 942/1063/942
f 954/1073/954 943/1074/943 942/1063/942
f 943/1075/943 956/1076/956 944/1064/944
f 956/1076/956 945/1065/945 944/1064/944
f 957/1077/957 946/1078/946 945/1065/945
f 958/1079/958 947/1066/947 946/1078/946
f 959/1080/959 948/1067/948 947/1066/947
f 948/1067/948 949/32/949 937/1059/937
f 961/1081/679 950/1069/950 949/32/949
f 962/1082/961 951/1070/951 950/1069/950
f 963/1083/962 952/1071/952 951/1070/951
f 964/1084/963 953/1085/953 952/1071/952
f 953/1085/953 966/1086/965 954/1073/954
f 966/1086/965 955/21/955 954/1073/954
f 967/1087/673 956/1076/956 955/1088/955
f 968/1089/966 957/1077/957 956/1076/956
f 957/1077/957 970/1090/968 958/1079/958
f 970/1090/968 959/1080/959 958/1079/958
f 971/1091/969 960/1092/960 959/1080/959
f 972/1093/970 949/32/949 960/1092/960
f 973/1094/691 962/1095/961 961/1096/679
f 974/1097/971 963/1098/962 962/1095/961
f 975/1099/972 964/1100/963 963/1098/962
f 976/1101/973 965/1102/964 964/1100/963
f 977/1103/974 966/1104/965 965/1102/964
f 978/1105/975 967/1106/673 966/1104/965
f 967/1107/673 980/1108/976 968/1109/966
f 980/1108/976 969/1110/967 968/1109/966
f 969/1110/967 982/1111/978 970/1112/968
f 982/1111/978 971/1113/969 970/1112/968
f 983/1114/979 972/1115/970 971/1113/969
f 984/1116/980 961/1096/679 972/1115/970
f 973/1094/691 986/1117/981 974/1097/971
f 986/1117/981 975/1099/972 974/1097/971
f 987/1118/982 976/1101/973 975/1099/972
f 988/1119/983 977/1103/974 976/1101/973
f 977/1103/974 990/1120/985 978/1105/975
f 990/1120/985 979/1121/685 978/1105/975
f 991/1122/697 980/1108/976 979/1123/685
f 980/1108/976 993/1124/987 981/1125/977
f 993/1124/987 982/1111/978 981/1125/977
f 994/1126/988 983/1114/979 982/1111/978
f 995/1127/989 984/1116/980 983/1114/979
f 996/1128/990 973/1094/691 984/1116/980
f 997/1129/715 986/1117/981 985/1130/703
f 998/1131/991 987/1118/982 986/1117/981
f 999/1132/992 988/1119/983 987/1118/982
f 1000/1133/993 989/1134/984 988/1119/983
f 1001/1135/994 990/1120/985 989/1134/984
f 990/1120/985 1003/1136/709 991/1137/697
f 1003/1138/709 992/1139/986 991/1122/697
f 1004/1140/996 993/1124/987 992/1139/986
f 993/1124/987 1006/1141/998 994/1126/988
f 1006/1141/998 995/1127/989 994/1126/988
f 995/1127/989 1008/1142/1000 996/1128/990
f 1008/1142/1000 985/1130/703 996/1128/990
f 1009/1143/727 998/1131/991 997/1129/715
f 1010/1144/1001 999/1132/992 998/1131/991
f 1011/1145/1002 1000/1133/993 999/1132/992
f 1000/1133/993 1013/1146/1004 1001/1135/994
f 1013/1146/1004 1002/1147/995 1001/1135/994
f 1014/1148/1005 1003/1136/709 1002/1147/995
f 1003/1138/709 1016/1149/1006 1004/1140/996
f 1004/1140/996 1017/1150/1007 1005/1151/997
f 1017/1150/1007 1006/1141/998 1005/1151/997
f 1018/1152/1008 1007/1153/999 1006/1141/998
f 1019/1154/1009 1008/1142/1000 1007/1153/999
f 1020/1155/1010 997/1129/715 1008/1142/1000
f 1021/1156/739 1010/1144/1001 1009/1143/727
f 1022/1157/1011 1011/1145/1002 1010/1144/1001
f 1023/1158/1012 1012/1159/1003 1011/1145/1002
f 1024/1160/1013 1013/1146/1004 1012/1159/1003
f 1025/1161/1014 1014/1148/1005 1013/1146/1004
f 1026/1162/1015 1015/1163/721 1014/1148/1005
f 1015/1164/721 1028/1165/1016 1016/1149/1006
f 1028/1165/1016 1017/1150/1007 1016/1149/1006
f 1017/1150/1007 1030/1166/1018 1018/1152/1008
f 1030/1166/1018 1019/1154/1009 1018/1152/1008
f 1019/1154/1009 1032/1167/1020 1020/1155/1010
f 1032/1167/1020 1009/1143/727 1020/1155/1010
f 1021/1156/739 1034/1168/1021 1022/1157/1011
f 1034/1168/1021 1023/1158/1012 1022/1157/1011
f 1023/1158/1012 1036/1169/1023 1024/1160/1013
f 1036/1169/1023 1025/1161/1014 1024/1160/1013
f 1025/1161/1014 1038/1170/1025 1026/1162/1015
f 1038/1170/1025 1027/1171/733 1026/1162/1015
f 1027/1172/733 1040/1173/1026 1028/1165/1016
f 1040/1173/1026 1029/1174/1017 1028/1165/1016
f 1029/1174/1017 1042/1175/1028 1030/1166/1018
f 1042/1175/1028 1031/1176/1019 1030/1166/1018
f 1043/1177/1029 1032/1167/1020 1031/1176/1019
f 1044/1178/1030 1021/1156/739 1032/1167/1020
f 1033/1179/751 1046/1180/1031 1034/1168/1021
f 1034/1168/1021 1047/1181/1032 1035/1182/1022
f 1035/1182/1022 1048/1183/1033 1036/1169/1023
f 1048/1183/1033 1037/1184/1024 1036/1169/1023
f 1049/1185/1034 1038/1170/1025 1037/1184/1024
f 1038/1170/1025 1051/1186/757 1039/1187/745
f 1051/1188/757 1040/1173/1026 1039/1189/745
f 1040/1173/1026 1053/1190/1037 1041/1191/1027
f 1041/1191/1027 1054/1192/1038 1042/1175/1028
f 1054/1192/1038 1043/1177/1029 1042/1175/1028
f 1055/1193/1039 1044/1178/1030 1043/1177/1029
f 1056/1194/1040 1033/1179/751 1044/1178/1030
f 1057/1195/775 1046/1180/1031 1045/1196/763
f 1058/1197/1041 1047/1181/1032 1046/1180/1031
f 1059/1198/1042 1048/1183/1033 1047/1181/1032
f 1060/1199/1043 1049/1185/1034 1048/1183/1033
f 1061/1200/1044 1050/1201/1035 1049/1185/1034
f 1062/1202/1045 1051/1186/757 1050/1201/1035
f 1063/1203/769 1052/1204/1036 1051/1188/757
f 1064/1205/1046 1053/1190/1037 1052/1204/1036
f 1065/1206/1047 1054/1192/1038 1053/1190/1037
f 1066/1207/1048 1055/1193/1039 1054/1192/1038
f 1067/1208/1049 1056/1194/1040 1055/1193/1039
f 1068/1209/1050 1045/1196/763 1056/1194/1040
f 1069/1210/787 1058/1197/1041 1057/1195/775
f 1070/1211/1051 1059/1198/1042 1058/1197/1041
f 1059/1198/1042 1072/1212/1053 1060/1199/1043
f 1072/1212/1053 1061/1200/1044 1060/1199/1043
f 1061/1200/1044 1074/1213/1055 1062/1202/1045
f 1062/1202/1045 1075/1214/781 1063/1215/769
f 1075/1216/781 1064/1205/1046 1063/1203/769
f 1076/1217/1056 1065/1206/1047 1064/1205/1046
f 1065/1206/1047 1078/1218/1058 1066/1207/1048
f 1078/1218/1058 1067/1208/1049 1066/1207/1048
f 1067/1208/1049 1080/1219/1060 1068/1209/1050
f 1080/1219/1060 1057/1195/775 1068/1209/1050
f 1081/1220/799 1070/1211/1051 1069/1210/787
f 1082/1221/1061 1071/1222/1052 1070/1211/1051
f 1083/1223/1062 1072/1212/1053 1071/1222/1052
f 1072/1212/1053 1085/1224/1064 1073/1225/1054
f 1073/1225/1054 1086/1226/1065 1074/1213/1055
f 1074/1213/1055 1087/1227/793 1075/1214/781
f 1087/1228/793 1076/1217/1056 1075/1216/781
f 1088/1229/1066 1077/1230/1057 1076/1217/1056
f 1089/1231/1067 1078/1218/1058 1077/1230/1057
f 1090/1232/1068 1079/1233/1059 1078/1218/1058
f 1079/1233/1059 1092/1234/1070 1080/1219/1060
f 1092/1234/1070 1069/1210/787 1080/1219/1060
f 1093/1235/811 1082/1221/1061 1081/1220/799
f 1094/1236/1071 1083/1223/1062 1082/1221/1061
f 1095/1237/1072 1084/1238/1063 1083/1223/1062
f 1096/1239/1073 1085/1224/1064 1084/1238/1063
f 1097/1240/1074 1086/1226/1065 1085/1224/1064
f 1086/1226/1065 1099/1241/805 1087/1227/793
f 1099/1242/805 1088/1229/1066 1087/1228/793
f 1088/1229/1066 1101/1243/1077 1089/1231/1067
f 1089/1231/1067 1102/1244/1078 1090/1232/1068
f 1090/1232/1068 1103/1245/1079 1091/1246/1069
f 1091/1246/1069 1104/1247/1080 1092/1234/1070
f 1104/1247/1080 1081/1220/799 1092/1234/1070
f 1093/1235/811 1106/1248/1081 1094/1236/1071
f 1106/1248/1081 1095/1237/1072 1094/1236/1071
f 1107/1249/1082 1096/1239/1073 1095/1237/1072
f 1096/1239/1073 1109/1250/1084 1097/1240/1074
f 1109/1250/1084 1098/1251/1075 1097/1240/1074
f 1098/1251/1075 1111/1252/817 1099/1241/805
f 1111/1253/817 1100/1254/1076 1099/1242/805
f 1112/1255/1086 1101/1243/1077 1100/1254/1076
f 1113/1256/1087 1102/1244/1078 1101/1243/1077
f 1114/1257/1088 1103/1245/1079 1102/1244/1078
f 1115/1258/1089 1104/1247/1080 1103/1245/1079
f 1116/1259/1090 1093/1235/811 1104/1247/1080
f 1117/1260/835 1106/1248/1081 1105/1261/823
f 1118/1262/1091 1107/1249/1082 1106/1248/1081
f 1107/1249/1082 1120/1263/1093 1108/1264/1083
f 1108/1264/1083 1121/1265/1094 1109/1250/1084
f 1109/1250/1084 1122/1266/1095 1110/1267/1085
f 1122/1266/1095 1111/1252/817 1110/1267/1085
f 1123/1268/829 1112/1255/1086 1111/1253/817
f 1124/1269/1096 1113/1256/1087 1112/1255/1086
f 1125/1270/1097 1114/1257/1088 1113/1256/1087
f 1126/1271/1098 1115/1258/1089 1114/1257/1088
f 1127/1272/1099 1116/1259/1090 1115/1258/1089
f 1128/1273/1100 1105/1261/823 1116/1259/1090
f 1129/1274/847 1118/1262/1091 1117/1260/835
f 1130/1275/1101 1119/1276/1092 1118/1262/1091
f 1131/1277/1102 1120/1263/1093 1119/1276/1092
f 1132/1278/1103 1121/1265/1094 1120/1263/1093
f 1121/1265/1094 1134/1279/1105 1122/1266/1095
f 1134/1279/1105 1123/1280/829 1122/1266/1095
f 1135/1281/841 1124/1269/1096 1123/1268/829
f 1136/1282/1106 1125/1270/1097 1124/1269/1096
f 1137/1283/1107 1126/1271/1098 1125/1270/1097
f 1126/1271/1098 1139/1284/1109 1127/1272/1099
f 1127/1272/1099 1140/1285/1110 1128/1273/1100
f 1140/1285/1110 1117/1260/835 1128/1273/1100
f 1129/1274/847 1142/1286/1111 1130/1275/1101
f 1130/1275/1101 1143/1287/1112 1131/1277/1102
f 1131/1277/1102 1144/1288/1113 1132/1278/1103
f 1144/1288/1113 1133/1289/1104 1132/1278/1103
f 1133/1289/1104 1146/1290/1115 1134/1279/1105
f 1146/1290/1115 1135/1291/841 1134/1279/1105
f 1147/1292/853 1136/1282/1106 1135/1281/841
f 1148/1293/1116 1137/1283/1107 1136/1282/1106
f 1149/1294/1117 1138/1295/1108 1137/1283/1107
f 1150/1296/1118 1139/1284/1109 1138/1295/1108
f 1151/1297/1119 1140/1285/1110 1139/1284/1109
f 1152/1298/1120 1129/1274/847 1140/1285/1110
f 1141/1299/859 1154/1300/1121 1142/1286/1111
f 1154/1300/1121 1143/1287/1112 1142/1286/1111
f 1155/1301/1122 1144/1288/1113 1143/1287/1112
f 1144/1288/1113 1157/1302/1124 1145/1303/1114
f 1157/1302/1124 1146/1290/1115 1145/1303/1114
f 1158/1304/1125 1147/1305/853 1146/1290/1115
f 1147/1292/853 1160/1306/1126 1148/1293/1116
f 1160/1306/1126 1149/1294/1117 1148/1293/1116
f 1161/1307/1127 1150/1296/1118 1149/1294/1117
f 1150/1296/1118 1163/1308/1129 1151/1297/1119
f 1151/1297/1119 1164/1309/1130 1152/1298/1120
f 1164/1309/1130 1141/1299/859 1152/1298/1120
f 1165/1310/883 1154/1300/1121 1153/1311/871
f 1154/1300/1121 1167/1312/1132 1155/1301/1122
f 1167/1312/1132 1156/1313/1123 1155/1301/1122
f 1168/1314/1133 1157/1302/1124 1156/1313/1123
f 1169/1315/1134 1158/1304/1125 1157/1302/1124
f 1158/1304/1125 1171/1316/877 1159/1317/865
f 1171/1318/877 1160/1306/1126 1159/1319/865
f 1160/1306/1126 1173/1320/1137 1161/1307/1127
f 1173/1320/1137 1162/1321/1128 1161/1307/1127
f 1162/1321/1128 1175/1322/1139 1163/1308/1129
f 1175/1322/1139 1164/1309/1130 1163/1308/1129
f 1176/1323/1140 1153/1311/871 1164/1309/1130
f 1177/1324/895 1166/1325/1131 1165/1310/883
f 1166/1325/1131 1179/1326/1142 1167/1312/1132
f 1179/1326/1142 1168/1314/1133 1167/1312/1132
f 1168/1314/1133 1181/1327/1144 1169/1315/1134
f 1181/1327/1144 1170/1328/1135 1169/1315/1134
f 1182/1329/1145 1171/1316/877 1170/1328/1135
f 1183/1330/889 1172/1331/1136 1171/1318/877
f 1184/1332/1146 1173/1320/1137 1172/1331/1136
f 1185/1333/1147 1174/1334/1138 1173/1320/1137
f 1186/1335/1148 1175/1322/1139 1174/1334/1138
f 1187/1336/1149 1176/1323/1140 1175/1322/1139
f 1188/1337/1150 1165/1310/883 1176/1323/1140
f 1189/1338/907 1178/1339/1141 1177/1324/895
f 1190/1340/1151 1179/1326/1142 1178/1339/1141
f 1179/1326/1142 1192/1341/1153 1180/1342/1143
f 1192/1341/1153 1181/1327/1144 1180/1342/1143
f 1193/1343/1154 1182/1329/1145 1181/1327/1144
f 1182/1329/1145 1195/1344/901 1183/1345/889
f 1195/1346/901 1184/1332/1146 1183/1330/889
f 1184/1332/1146 1197/1347/1157 1185/1333/1147
f 1185/1333/1147 1198/1348/1158 1186/1335/1148
f 1198/1348/1158 1187/1336/1149 1186/1335/1148
f 1187/1336/1149 1200/1349/1160 1188/1337/1150
f 1200/1349/1160 1177/1324/895 1188/1337/1150
f 1189/1338/907 1202/1350/1161 1190/1340/1151
f 1202/1350/1161 1191/1351/1152 1190/1340/1151
f 1191/1351/1152 1204/1352/1163 1192/1341/1153
f 1204/1352/1163 1193/1343/1154 1192/1341/1153
f 1205/1353/1164 1194/1354/1155 1193/1343/1154
f 1194/1354/1155 1207/1355/913 1195/1344/901
f 1207/1356/913 1196/1357/1156 1195/1346/901
f 1208/1358/1166 1197/1347/1157 1196/1357/1156
f 1197/1347/1157 1210/1359/1168 1198/1348/1158
f 1210/1359/1168 1199/1360/1159 1198/1348/1158
f 1199/1360/1159 1212/1361/1170 1200/1349/1160
f 1212/1361/1170 1189/1338/907 1200/1349/1160
f 1201/1362/919 1214/1363/1171 1202/1350/1161
f 1214/1363/1171 1203/1364/1162 1202/1350/1161
f 1215/1365/1172 1204/1352/1163 1203/1364/1162
f 1216/1366/1173 1205/1353/1164 1204/1352/1163
f 1217/1367/1174 1206/1368/1165 1205/1353/1164
f 1218/1369/1175 1207/1355/913 1206/1368/1165
f 1219/1370/925 1208/1358/1166 1207/1356/913
f 1208/1358/1166 1221/1371/1177 1209/1372/1167
f 1209/1372/1167 1222/1373/1178 1210/1359/1168
f 1210/1359/1168 1223/1374/1179 1211/1375/1169
f 1223/1374/1179 1212/1361/1170 1211/1375/1169
f 1224/1376/1180 1201/1362/919 1212/1361/1170
f 1225/1377/943 1214/1363/1171 1213/1378/931
f 1226/1379/1181 1215/1365/1172 1214/1363/1171
f 1227/1380/1182 1216/1366/1173 1215/1365/1172
f 1216/1366/1173 1229/1381/1184 1217/1367/1174
f 1229/1381/1184 1218/1369/1175 1217/1367/1174
f 1230/1382/1185 1219/1383/925 1218/1369/1175
f 1231/1384/937 1220/1385/1176 1219/1370/925
f 1220/1385/1176 1233/1386/1187 1221/1371/1177
f 1233/1386/1187 1222/1373/1178 1221/1371/1177
f 1234/1387/1188 1223/1374/1179 1222/1373/1178
f 1235/1388/1189 1224/1376/1180 1223/1374/1179
f 1224/1376/1180 1225/1377/943 1213/1378/931
f 1237/1389/955 1226/1379/1181 1225/1377/943
f 1226/1379/1181 1239/1390/1192 1227/1380/1182
f 1239/1390/1192 1228/1391/1183 1227/1380/1182
f 1228/1391/1183 1241/1392/1194 1229/1381/1184
f 1229/1381/1184 1242/1393/1195 1230/1382/1185
f 1230/1382/1185 1243/1394/949 1231/1395/937
f 1243/1396/949 1232/1397/1186 1231/1384/937
f 1244/1398/1196 1233/1386/1187 1232/1397/1186
f 1245/1399/1197 1234/1387/1188 1233/1386/1187
f 1246/1400/1198 1235/1388/1189 1234/1387/1188
f 1247/1401/1199 1236/1402/1190 1235/1388/1189
f 1236/1402/1190 1237/1389/955 1225/1377/943
f 673/775/673 1238/1403/1191 1237/1389/955
f 674/777/674 1239/1390/1192 1238/1403/1191
f 675/778/675 1240/1404/1193 1239/1390/1192
f 676/780/676 1241/1392/1194 1240/1404/1193
f 677/781/677 1242/1393/1195 1241/1392/1194
f 678/783/678 1243/1394/949 1242/1393/1195
f 679/787/679 1244/1398/1196 1243/1396/949
f 1244/1398/1196 681/789/681 1245/1399/1197
f 1245/1399/1197 682/791/682 1246/1400/1198
f 1246/1400/1198 683/793/683 1247/1401/1199
f 683/793/683 1248/1405/1200 1247/1401/1199
f 1248/1405/1200 673/775/673 1237/1389/955
f 673/775/673 685/798/685 686/776/686
f 686/776/686 687/800/687 675/778/675
f 675/778/675 687/800/687 688/779/688
f 688/779/688 689/803/689 677/781/677
f 677/781/677 689/803/689 690/782/690
f 690/782/690 691/806/691 679/784/679
f 691/785/691 692/788/692 680/786/680
f 692/788/692 693/790/693 681/789/681
f 693/790/693 694/792/694 682/791/682
f 694/792/694 695/794/695 683/793/683
f 695/794/695 696/796/696 684/795/684
f 696/796/696 685/798/685 673/775/673
f 697/797/697 698/799/698 686/776/686
f 698/799/698 699/801/699 687/800/687
f 699/801/699 700/802/700 688/779/688
f 700/802/700 701/804/701 689/803/689
f 701/804/701 702/805/702 690/782/690
f 702/805/702 703/816/703 691/806/691
f 703/807/703 704/818/704 692/788/692
f 692/788/692 704/818/704 705/808/705
f 693/790/693 705/808/705 706/809/706
f 694/792/694 706/809/706 707/810/707
f 707/810/707 708/811/708 696/796/696
f 708/811/708 697/797/697 685/798/685
f 697/797/697 709/824/709 710/812/710
f 710/812/710 711/813/711 699/801/699
f 711/813/711 712/827/712 700/802/700
f 700/802/700 712/827/712 713/814/713
f 701/804/701 713/814/713 714/815/714
f 714/815/714 715/830/715 703/816/703
f 715/817/715 716/819/716 704/818/704
f 716/819/716 717/820/717 705/808/705
f 717/820/717 718/821/718 706/809/706
f 718/821/718 719/833/719 707/810/707
f 707/810/707 719/833/719 720/822/720
f 720/822/720 709/824/709 697/797/697
f 721/823/721 722/825/722 710/812/710
f 722/825/722 723/826/723 711/813/711
f 723/826/723 724/828/724 712/827/712
f 724/828/724 725/838/725 713/814/713
f 713/814/713 725/838/725 726/829/726
f 726/829/726 727/840/727 715/830/715
f 715/817/715 727/842/727 728/831/728
f 728/831/728 729/844/729 717/820/717
f 717/820/717 729/844/729 730/832/730
f 730/832/730 731/834/731 719/833/719
f 731/834/731 732/847/732 720/822/720
f 720/822/720 732/847/732 721/823/721
f 733/835/733 734/849/734 722/825/722
f 722/825/722 734/849/734 735/836/735
f 735/836/735 736/851/736 724/828/724
f 724/828/724 736/851/736 737/837/737
f 737/837/737 738/853/738 726/829/726
f 726/829/726 738/853/738 739/839/739
f 739/841/739 740/843/740 728/831/728
f 740/843/740 741/845/741 729/844/729
f 741/845/741 742/857/742 730/832/730
f 730/832/730 742/857/742 743/846/743
f 743/846/743 744/859/744 732/847/732
f 732/847/732 744/859/744 733/835/733
f 745/848/745 746/862/746 734/849/734
f 734/849/734 746/862/746 747/850/747
f 747/850/747 748/864/748 736/851/736
f 736/851/736 748/864/748 749/852/749
f 749/852/749 750/854/750 738/853/738
f 750/854/750 751/867/751 739/839/739
f 751/855/751 752/869/752 740/843/740
f 740/843/740 752/869/752 753/856/753
f 753/856/753 754/871/754 742/857/742
f 742/857/742 754/871/754 755/858/755
f 755/858/755 756/860/756 744/859/744
f 756/860/756 745/848/745 733/835/733
f 745/848/745 757/876/757 758/861/758
f 746/862/746 758/861/758 759/863/759
f 759/863/759 760/879/760 748/864/748
f 748/864/748 760/879/760 761/865/761
f 761/865/761 762/881/762 750/854/750
f 750/854/750 762/881/762 763/866/763
f 763/868/763 764/884/764 752/869/752
f 752/869/752 764/884/764 765/870/765
f 765/870/765 766/872/766 754/871/754
f 766/872/766 767/873/767 755/858/755
f 767/873/767 768/874/768 756/860/756
f 768/874/768 757/876/757 745/848/745
f 769/875/769 770/891/770 758/861/758
f 758/861/758 770/891/770 771/877/771
f 759/863/759 771/877/771 772/878/772
f 772/878/772 773/894/773 761/865/761
f 761/865/761 773/894/773 774/880/774
f 762/881/762 774/880/774 775/882/775
f 775/883/775 776/885/776 764/884/764
f 776/885/776 777/886/777 765/870/765
f 777/886/777 778/887/778 766/872/766
f 778/887/778 779/888/779 767/873/767
f 779/888/779 780/889/780 768/874/768
f 780/889/780 769/875/769 757/876/757
f 781/890/781 782/892/782 770/891/770
f 782/892/782 783/903/783 771/877/771
f 771/877/771 783/903/783 784/893/784
f 784/893/784 785/895/785 773/894/773
f 785/895/785 786/907/786 774/880/774
f 774/880/774 786/907/786 787/896/787
f 787/897/787 788/898/788 776/885/776
f 788/898/788 789/911/789 777/886/777
f 777/886/777 789/911/789 790/899/790
f 790/899/790 791/900/791 779/888/779
f 791/900/791 792/915/792 780/889/780
f 780/889/780 792/915/792 781/890/781
f 793/901/793 794/902/794 782/892/782
f 794/902/794 795/904/795 783/903/783
f 795/904/795 796/905/796 784/893/784
f 796/905/796 797/906/797 785/895/785
f 797/906/797 798/908/798 786/907/786
f 798/908/798 799/921/799 787/896/787
f 787/897/787 799/923/799 800/909/800
f 788/898/788 800/909/800 801/910/801
f 789/911/789 801/910/801 802/912/802
f 790/899/790 802/912/802 803/913/803
f 791/900/791 803/913/803 804/914/804
f 804/914/804 793/901/793 781/890/781
f 805/916/805 806/917/806 794/902/794
f 806/917/806 807/918/807 795/904/795
f 807/918/807 808/932/808 796/905/796
f 796/905/796 808/932/808 809/919/809
f 809/919/809 810/920/810 798/908/798
f 810/920/810 811/936/811 799/921/799
f 811/922/811 812/924/812 800/909/800
f 812/924/812 813/925/813 801/910/801
f 813/925/813 814/926/814 802/912/802
f 814/926/814 815/927/815 803/913/803
f 815/927/815 816/928/816 804/914/804
f 816/928/816 805/916/805 793/901/793
f 817/929/817 818/930/818 806/917/806
f 818/930/818 819/931/819 807/918/807
f 819/931/819 820/933/820 808/932/808
f 820/933/820 821/934/821 809/919/809
f 821/934/821 822/935/822 810/920/810
f 822/935/822 823/948/823 811/936/811
f 823/937/823 824/950/824 812/924/812
f 812/924/812 824/950/824 825/938/825
f 813/925/813 825/938/825 826/939/826
f 814/926/814 826/939/826 827/940/827
f 827/940/827 828/941/828 816/928/816
f 828/941/828 817/929/817 805/916/805
f 829/942/829 830/943/830 818/930/818
f 830/943/830 831/944/831 819/931/819
f 831/944/831 832/945/832 820/933/820
f 832/945/832 833/946/833 821/934/821
f 833/946/833 834/947/834 822/935/822
f 834/947/834 835/960/835 823/948/823
f 835/949/835 836/962/836 824/950/824
f 824/950/824 836/962/836 837/951/837
f 825/938/825 837/951/837 838/952/838
f 838/952/838 839/953/839 827/940/827
f 839/953/839 840/954/840 828/941/828
f 840/954/840 829/942/829 817/929/817
f 829/942/829 841/969/841 842/955/842
f 842/955/842 843/956/843 831/944/831
f 843/956/843 844/957/844 832/945/832
f 844/957/844 845/958/845 833/946/833
f 845/958/845 846/959/846 834/947/834
f 846/959/846 847/973/847 835/960/835
f 847/961/847 848/963/848 836/962/836
f 848/963/848 849/964/849 837/951/837
f 849/964/849 850/965/850 838/952/838
f 850/965/850 851/966/851 839/953/839
f 851/966/851 852/967/852 840/954/840
f 852/967/852 841/969/841 829/942/829
f 853/968/853 854/979/854 842/955/842
f 842/955/842 854/979/854 855/970/855
f 855/970/855 856/981/856 844/957/844
f 844/957/844 856/981/856 857/971/857
f 857/971/857 858/972/858 846/959/846
f 858/972/858 859/984/859 847/973/847
f 859/974/859 860/986/860 848/963/848
f 848/963/848 860/986/860 861/975/861
f 861/975/861 862/976/862 850/965/850
f 862/976/862 863/977/863 851/966/851
f 863/977/863 864/989/864 852/967/852
f 852/967/852 864/989/864 853/968/853
f 865/978/865 866/992/866 854/979/854
f 854/979/854 866/992/866 867/980/867
f 867/980/867 868/994/868 856/981/856
f 856/981/856 868/994/868 869/982/869
f 869/982/869 870/983/870 858/972/858
f 870/983/870 871/998/871 859/984/859
f 871/985/871 872/1000/872 860/986/860
f 860/986/860 872/1000/872 873/987/873
f 873/987/873 874/1002/874 862/976/862
f 862/976/862 874/1002/874 875/988/875
f 875/988/875 876/990/876 864/989/864
f 876/990/876 865/978/865 853/968/853
f 877/991/877 878/1005/878 866/992/866
f 866/992/866 878/1005/878 879/993/879
f 879/993/879 880/995/880 868/994/868
f 880/995/880 881/996/881 869/982/869
f 881/996/881 882/997/882 870/983/870
f 882/997/882 883/1009/883 871/998/871
f 871/985/871 883/1011/883 884/999/884
f 884/999/884 885/1013/885 873/987/873
f 873/987/873 885/1013/885 886/1001/886
f 874/1002/874 886/1001/886 887/1003/887
f 887/1003/887 888/1016/888 876/990/876
f 876/990/876 888/1016/888 877/991/877
f 889/1004/889 890/1018/890 878/1005/878
f 878/1005/878 890/1018/890 891/1006/891
f 891/1006/891 892/1007/892 880/995/880
f 892/1007/892 893/1022/893 881/996/881
f 881/996/881 893/1022/893 894/1008/894
f 894/1008/894 895/1024/895 883/1009/883
f 895/1010/895 896/1012/896 884/999/884
f 896/1012/896 897/1027/897 885/1013/885
f 885/1013/885 897/1027/897 898/1014/898
f 886/1001/886 898/1014/898 899/1015/899
f 899/1015/899 900/1030/900 888/1016/888
f 888/1016/888 900/1030/900 889/1004/889
f 901/1017/901 902/1019/902 890/1018/890
f 902/1019/902 903/1020/903 891/1006/891
f 903/1020/903 904/1033/904 892/1007/892
f 892/1007/892 904/1033/904 905/1021/905
f 905/1021/905 906/1035/906 894/1008/894
f 894/1008/894 906/1035/906 907/1023/907
f 907/1025/907 908/1026/908 896/1012/896
f 908/1026/908 909/1028/909 897/1027/897
f 909/1028/909 910/1039/910 898/1014/898
f 898/1014/898 910/1039/910 911/1029/911
f 911/1029/911 912/1042/912 900/1030/900
f 900/1030/900 912/1042/912 901/1017/901
f 901/1017/901 913/1044/913 914/1031/914
f 914/1031/914 915/1046/915 903/1020/903
f 903/1020/903 915/1046/915 916/1032/916
f 904/1033/904 916/1032/916 917/1034/917
f 917/1034/917 918/1036/918 906/1035/906
f 918/1036/918 919/1050/919 907/1023/907
f 919/1037/919 920/1052/920 908/1026/908
f 908/1026/908 920/1052/920 921/1038/921
f 921/1038/921 922/1040/922 910/1039/910
f 922/1040/922 923/1056/923 911/1029/911
f 911/1029/911 923/1056/923 924/1041/924
f 924/1041/924 913/1044/913 901/1017/901
f 925/1043/925 926/1060/926 914/1031/914
f 914/1031/914 926/1060/926 927/1045/927
f 927/1045/927 928/1047/928 916/1032/916
f 928/1047/928 929/1048/929 917/1034/917
f 929/1048/929 930/1049/930 918/1036/918
f 930/1049/930 931/55/931 919/1050/919
f 931/1051/931 932/1053/932 920/1052/920
f 932/1053/932 933/1054/933 921/1038/921
f 933/1054/933 934/1055/934 922/1040/922
f 934/1055/934 935/1057/935 923/1056/923
f 935/1057/935 936/1058/936 924/1041/924
f 936/1058/936 925/1043/925 913/1044/913
f 937/1059/937 938/1068/938 926/1060/926
f 926/1060/926 938/1068/938 939/1061/939
f 939/1061/939 940/1062/940 928/1047/928
f 940/1062/940 941/1072/941 929/1048/929
f 929/1048/929 941/1072/941 942/1063/942
f 942/1063/942 943/1074/943 931/55/931
f 931/1051/931 943/1075/943 944/1064/944
f 944/1064/944 945/1065/945 933/1054/933
f 945/1065/945 946/1078/946 934/1055/934
f 934/1055/934 946/1078/946 947/1066/947
f 947/1066/947 948/1067/948 936/1058/936
f 948/1067/948 937/1059/937 925/1043/925
f 949/32/949 950/1069/950 938/1068/938
f 950/1069/950 951/1070/951 939/1061/939
f 951/1070/951 952/1071/952 940/1062/940
f 952/1071/952 953/1085/953 941/1072/941
f 941/1072/941 953/1085/953 954/1073/954
f 954/1073/954 955/21/955 943/1074/943
f 943/1075/943 955/1088/955 956/1076/956
f 956/1076/956 957/1077/957 945/1065/945
f 957/1077/957 958/1079/958 946/1078/946
f 958/1079/958 959/1080/959 947/1066/947
f 959/1080/959 960/1092/960 948/1067/948
f 948/1067/948 960/1092/960 949/32/949
f 961/1081/679 962/1082/961 950/1069/950
f 962/1082/961 963/1083/962 951/1070/951
f 963/1083/962 964/1084/963 952/1071/952
f 964/1084/963 965/1408/964 953/1085/953
f 953/1085/953 965/1408/964 966/1086/965
f 966/1086/965 967/1409/673 955/21/955
f 967/1087/673 968/1089/966 956/1076/956
f 968/1089/966 969/1410/967 957/1077/957
f 957/1077/957 969/1410/967 970/1090/968
f 970/1090/968 971/1091/969 959/1080/959
f 971/1091/969 972/1093/970 960/1092/960
f 972/1093/970 961/1081/679 949/32/949
f 973/1094/691 974/1097/971 962/1095/961
f 974/1097/971 975/1099/972 963/1098/962
f 975/1099/972 976/1101/973 964/1100/963
f 976/1101/973 977/1103/974 965/1102/964
f 977/1103/974 978/1105/975 966/1104/965
f 978/1105/975 979/1121/685 967/1106/673
f 967/1107/673 979/1123/685 980/1108/976
f 980/1108/976 981/1125/977 969/1110/967
f 969/1110/967 981/1125/977 982/1111/978
f 982/1111/978 983/1114/979 971/1113/969
f 983/1114/979 984/1116/980 972/1115/970
f 984/1116/980 973/1094/691 961/1096/679
f 973/1094/691 985/1130/703 986/1117/981
f 986/1117/981 987/1118/982 975/1099/972
f 987/1118/982 988/1119/983 976/1101/973
f 988/1119/983 989/1134/984 977/1103/974
f 977/1103/974 989/1134/984 990/1120/985
f 990/1120/985 991/1137/697 979/1121/685
f 991/1122/697 992/1139/986 980/1108/976
f 980/1108/976 992/1139/986 993/1124/987
f 993/1124/987 994/1126/988 982/1111/978
f 994/1126/988 995/1127/989 983/1114/979
f 995/1127/989 996/1128/990 984/1116/980
f 996/1128/990 985/1130/703 973/1094/691
f 997/1129/715 998/1131/991 986/1117/981
f 998/1131/991 999/1132/992 987/1118/982
f 999/1132/992 1000/1133/993 988/1119/983
f 1000/1133/993 1001/1135/994 989/1134/984
f 1001/1135/994 1002/1147/995 990/1120/985
f 990/1120/985 1002/1147/995 1003/1136/709
f 1003/1138/709 1004/1140/996 992/1139/986
f 1004/1140/996 1005/1151/997 993/1124/987
f 993/1124/987 1005/1151/997 1006/1141/998
f 1006/1141/998 1007/1153/999 995/1127/989
f 995/1127/989 1007/1153/999 1008/1142/1000
f 1008/1142/1000 997/1129/715 985/1130/703
f 1009/1143/727 1010/1144/1001 998/1131/991
f 1010/1144/1001 1011/1145/1002 999/1132/992
f 1011/1145/1002 1012/1159/1003 1000/1133/993
f 1000/1133/993 1012/1159/1003 1013/1146/1004
f 1013/1146/1004 1014/1148/1005 1002/1147/995
f 1014/1148/1005 1015/1163/721 1003/1136/709
f 1003/1138/709 1015/1164/721 1016/1149/1006
f 1004/1140/996 1016/1149/1006 1017/1150/1007
f 1017/1150/1007 1018/1152/1008 1006/1141/998
f 1018/1152/1008 1019/1154/1009 1007/1153/999
f 1019/1154/1009 1020/1155/1010 1008/1142/1000
f 1020/1155/1010 1009/1143/727 997/1129/715
f 1021/1156/739 1022/1157/1011 1010/1144/1001
f 1022/1157/1011 1023/1158/1012 1011/1145/1002
f 1023/1158/1012 1024/1160/1013 1012/1159/1003
f 1024/1160/1013 1025/1161/1014 1013/1146/1004
f 1025/1161/1014 1026/1162/1015 1014/1148/1005
f 1026/1162/1015 1027/1171/733 1015/1163/721
f 1015/1164/721 1027/1172/733 1028/1165/1016
f 1028/1165/1016 1029/1174/1017 1017/1150/1007
f 1017/1150/1007 1029/1174/1017 1030/1166/1018
f 1030/1166/1018 1031/1176/1019 1019/1154/1009
f 1019/1154/1009 1031/1176/1019 1032/1167/1020
f 1032/1167/1020 1021/1156/739 1009/1143/727
f 1021/1156/739 1033/1179/751 1034/1168/1021
f 1034/1168/1021 1035/1182/1022 1023/1158/1012
f 1023/1158/1012 1035/1182/1022 1036/1169/1023
f 1036/1169/1023 1037/1184/1024 1025/1161/1014
f 1025/1161/1014 1037/1184/1024 1038/1170/1025
f 1038/1170/1025 1039/1187/745 1027/1171/733
f 1027/1172/733 1039/1189/745 1040/1173/1026
f 1040/1173/1026 1041/1191/1027 1029/1174/1017
f 1029/1174/1017 1041/1191/1027 1042/1175/1028
f 1042/1175/1028 1043/1177/1029 1031/1176/1019
f 1043/1177/1029 1044/1178/1030 1032/1167/1020
f 1044/1178/1030 1033/1179/751 1021/1156/739
f 1033/1179/751 1045/1196/763 1046/1180/1031
f 1034/1168/1021 1046/1180/1031 1047/1181/1032
f 1035/1182/1022 1047/1181/1032 1048/1183/1033
f 1048/1183/1033 1049/1185/1034 1037/1184/1024
f 1049/1185/1034 1050/1201/1035 1038/1170/1025
f 1038/1170/1025 1050/1201/1035 1051/1186/757
f 1051/1188/757 1052/1204/1036 1040/1173/1026
f 1040/1173/1026 1052/1204/1036 1053/1190/1037
f 1041/1191/1027 1053/1190/1037 1054/1192/1038
f 1054/1192/1038 1055/1193/1039 1043/1177/1029
f 1055/1193/1039 1056/1194/1040 1044/1178/1030
f 1056/1194/1040 1045/1196/763 1033/1179/751
f 1057/1195/775 1058/1197/1041 1046/1180/1031
f 1058/1197/1041 1059/1198/1042 1047/1181/1032
f 1059/1198/1042 1060/1199/1043 1048/1183/1033
f 1060/1199/1043 1061/1200/1044 1049/1185/1034
f 1061/1200/1044 1062/1202/1045 1050/1201/1035
f 1062/1202/1045 1063/1215/769 1051/1186/757
f 1063/1203/769 1064/1205/1046 1052/1204/1036
f 1064/1205/1046 1065/1206/1047 1053/1190/1037
f 1065/1206/1047 1066/1207/1048 1054/1192/1038
f 1066/1207/1048 1067/1208/1049 1055/1193/1039
f 1067/1208/1049 1068/1209/1050 1056/1194/1040
f 1068/1209/1050 1057/1195/775 1045/1196/763
f 1069/1210/787 1070/1211/1051 1058/1197/1041
f 1070/1211/1051 1071/1222/1052 1059/1198/1042
f 1059/1198/1042 1071/1222/1052 1072/1212/1053
f 1072/1212/1053 1073/1225/1054 1061/1200/1044
f 1061/1200/1044 1073/1225/1054 1074/1213/1055
f 1062/1202/1045 1074/1213/1055 1075/1214/781
f 1075/1216/781 1076/1217/1056 1064/1205/1046
f 1076/1217/1056 1077/1230/1057 1065/1206/1047
f 1065/1206/1047 1077/1230/1057 1078/1218/1058
f 1078/1218/1058 1079/1233/1059 1067/1208/1049
f 1067/1208/1049 1079/1233/1059 1080/1219/1060
f 1080/1219/1060 1069/1210/787 1057/1195/775
f 1081/1220/799 1082/1221/1061 1070/1211/1051
f 1082/1221/1061 1083/1223/1062 1071/1222/1052
f 1083/1223/1062 1084/1238/1063 1072/1212/1053
f 1072/1212/1053 1084/1238/1063 1085/1224/1064
f 1073/1225/1054 1085/1224/1064 1086/1226/1065
f 1074/1213/1055 1086/1226/1065 1087/1227/793
f 1087/1228/793 1088/1229/1066 1076/1217/1056
f 1088/1229/1066 1089/1231/1067 1077/1230/1057
f 1089/1231/1067 1090/1232/1068 1078/1218/1058
f 1090/1232/1068 1091/1246/1069 1079/1233/1059
f 1079/1233/1059 1091/1246/1069 1092/1234/1070
f 1092/1234/1070 1081/1220/799 1069/1210/787
f 1093/1235/811 1094/1236/1071 1082/1221/1061
f 1094/1236/1071 1095/1237/1072 1083/1223/1062
f 1095/1237/1072 1096/1239/1073 1084/1238/1063
f 1096/1239/1073 1097/1240/1074 1085/1224/1064
f 1097/1240/1074 1098/1251/1075 1086/1226/1065
f 1086/1226/1065 1098/1251/1075 1099/1241/805
f 1099/1242/805 1100/1254/1076 1088/1229/1066
f 1088/1229/1066 1100/1254/1076 1101/1243/1077
f 1089/1231/1067 1101/1243/1077 1102/1244/1078
f 1090/1232/1068 1102/1244/1078 1103/1245/1079
f 1091/1246/1069 1103/1245/1079 1104/1247/1080
f 1104/1247/1080 1093/1235/811 1081/1220/799
f 1093/1235/811 1105/1261/823 1106/1248/1081
f 1106/1248/1081 1107/1249/1082 1095/1237/1072
f 1107/1249/1082 1108/1264/1083 1096/1239/1073
f 1096/1239/1073 1108/1264/1083 1109/1250/1084
f 1109/1250/1084 1110/1267/1085 1098/1251/1075
f 1098/1251/1075 1110/1267/1085 1111/1252/817
f 1111/1253/817 1112/1255/1086 1100/1254/1076
f 1112/1255/1086 1113/1256/1087 1101/1243/1077
f 1113/1256/1087 1114/1257/1088 1102/1244/1078
f 1114/1257/1088 1115/1258/1089 1103/1245/1079
f 1115/1258/1089 1116/1259/1090 1104/1247/1080
f 1116/1259/1090 1105/1261/823 1093/1235/811
f 1117/1260/835 1118/1262/1091 1106/1248/1081
f 1118/1262/1091 1119/1276/1092 1107/1249/1082
f 1107/1249/1082 1119/1276/1092 1120/1263/1093
f 1108/1264/1083 1120/1263/1093 1121/1265/1094
f 1109/1250/1084 1121/1265/1094 1122/1266/1095
f 1122/1266/1095 1123/1280/829 1111/1252/817
f 1123/1268/829 1124/1269/1096 1112/1255/1086
f 1124/1269/1096 1125/1270/1097 1113/1256/1087
f 1125/1270/1097 1126/1271/1098 1114/1257/1088
f 1126/1271/1098 1127/1272/1099 1115/1258/1089
f 1127/1272/1099 1128/1273/1100 1116/1259/1090
f 1128/1273/1100 1117/1260/835 1105/1261/823
f 1129/1274/847 1130/1275/1101 1118/1262/1091
f 1130/1275/1101 1131/1277/1102 1119/1276/1092
f 1131/1277/1102 1132/1278/1103 1120/1263/1093
f 1132/1278/1103 1133/1289/1104 1121/1265/1094
f 1121/1265/1094 1133/1289/1104 1134/1279/1105
f 1134/1279/1105 1135/1291/841 1123/1280/829
f 1135/1281/841 1136/1282/1106 1124/1269/1096
f 1136/1282/1106 1137/1283/1107 1125/1270/1097
f 1137/1283/1107 1138/1295/1108 1126/1271/1098
f 1126/1271/1098 1138/1295/1108 1139/1284/1109
f 1127/1272/1099 1139/1284/1109 1140/1285/1110
f 1140/1285/1110 1129/1274/847 1117/1260/835
f 1129/1274/847 1141/1299/859 1142/1286/1111
f 1130/1275/1101 1142/1286/1111 1143/1287/1112
f 1131/1277/1102 1143/1287/1112 1144/1288/1113
f 1144/1288/1113 1145/1303/1114 1133/1289/1104
f 1133/1289/1104 1145/1303/1114 1146/1290/1115
f 1146/1290/1115 1147/1305/853 1135/1291/841
f 1147/1292/853 1148/1293/1116 1136/1282/1106
f 1148/1293/1116 1149/1294/1117 1137/1283/1107
f 1149/1294/1117 1150/1296/1118 1138/1295/1108
f 1150/1296/1118 1151/1297/1119 1139/1284/1109
f 1151/1297/1119 1152/1298/1120 1140/1285/1110
f 1152/1298/1120 1141/1299/859 1129/1274/847
f 1141/1299/859 1153/1311/871 1154/1300/1121
f 1154/1300/1121 1155/1301/1122 1143/1287/1112
f 1155/1301/1122 1156/1313/1123 1144/1288/1113
f 1144/1288/1113 1156/1313/1123 1157/1302/1124
f 1157/1302/1124 1158/1304/1125 1146/1290/1115
f 1158/1304/1125 1159/1317/865 1147/1305/853
f 1147/1292/853 1159/1319/865 1160/1306/1126
f 1160/1306/1126 1161/1307/1127 1149/1294/1117
f 1161/1307/1127 1162/1321/1128 1150/1296/1118
f 1150/1296/1118 1162/1321/1128 1163/1308/1129
f 1151/1297/1119 1163/1308/1129 1164/1309/1130
f 1164/1309/1130 1153/1311/871 1141/1299/859
f 1165/1310/883 1166/1325/1131 1154/1300/1121
f 1154/1300/1121 1166/1325/1131 1167/1312/1132
f 1167/1312/1132 1168/1314/1133 1156/1313/1123
f 1168/1314/1133 1169/1315/1134 1157/1302/1124
f 1169/1315/1134 1170/1328/1135 1158/1304/1125
f 1158/1304/1125 1170/1328/1135 1171/1316/877
f 1171/1318/877 1172/1331/1136 1160/1306/1126
f 1160/1306/1126 1172/1331/1136 1173/1320/1137
f 1173/1320/1137 1174/1334/1138 1162/1321/1128
f 1162/1321/1128 1174/1334/1138 1175/1322/1139
f 1175/1322/1139 1176/1323/1140 1164/1309/1130
f 1176/1323/1140 1165/1310/883 1153/1311/871
f 1177/1324/895 1178/1339/1141 1166/1325/1131
f 1166/1325/1131 1178/1339/1141 1179/1326/1142
f 1179/1326/1142 1180/1342/1143 1168/1314/1133
f 1168/1314/1133 1180/1342/1143 1181/1327/1144
f 1181/1327/1144 1182/1329/1145 1170/1328/1135
f 1182/1329/1145 1183/1345/889 1171/1316/877
f 1183/1330/889 1184/1332/1146 1172/1331/1136
f 1184/1332/1146 1185/1333/1147 1173/1320/1137
f 1185/1333/1147 1186/1335/1148 1174/1334/1138
f 1186/1335/1148 1187/1336/1149 1175/1322/1139
f 1187/1336/1149 1188/1337/1150 1176/1323/1140
f 1188/1337/1150 1177/1324/895 1165/1310/883
f 1189/1338/907 1190/1340/1151 1178/1339/1141
f 1190/1340/1151 1191/1351/1152 1179/1326/1142
f 1179/1326/1142 1191/1351/1152 1192/1341/1153
f 1192/1341/1153 1193/1343/1154 1181/1327/1144
f 1193/1343/1154 1194/1354/1155 1182/1329/1145
f 1182/1329/1145 1194/1354/1155 1195/1344/901
f 1195/1346/901 1196/1357/1156 1184/1332/1146
f 1184/1332/1146 1196/1357/1156 1197/1347/1157
f 1185/1333/1147 1197/1347/1157 1198/1348/1158
f 1198/1348/1158 1199/1360/1159 1187/1336/1149
f 1187/1336/1149 1199/1360/1159 1200/1349/1160
f 1200/1349/1160 1189/1338/907 1177/1324/895
f 1189/1338/907 1201/1362/919 1202/1350/1161
f 1202/1350/1161 1203/1364/1162 1191/1351/1152
f 1191/1351/1152 1203/1364/1162 1204/1352/1163
f 1204/1352/1163 1205/1353/1164 1193/1343/1154
f 1205/1353/1164 1206/1368/1165 1194/1354/1155
f 1194/1354/1155 1206/1368/1165 1207/1355/913
f 1207/1356/913 1208/1358/1166 1196/1357/1156
f 1208/1358/1166 1209/1372/1167 1197/1347/1157
f 1197/1347/1157 1209/1372/1167 1210/1359/1168
f 1210/1359/1168 1211/1375/1169 1199/1360/1159
f 1199/1360/1159 1211/1375/1169 1212/1361/1170
f 1212/1361/1170 1201/1362/919 1189/1338/907
f 1201/1362/919 1213/1378/931 1214/1363/1171
f 1214/1363/1171 1215/1365/1172 1203/1364/1162
f 1215/1365/1172 1216/1366/1173 1204/1352/1163
f 1216/1366/1173 1217/1367/1174 1205/1353/1164
f 1217/1367/1174 1218/1369/1175 1206/1368/1165
f 1218/1369/1175 1219/1383/925 1207/1355/913
f 1219/1370/925 1220/1385/1176 1208/1358/1166
f 1208/1358/1166 1220/1385/1176 1221/1371/1177
f 1209/1372/1167 1221/1371/1177 1222/1373/1178
f 1210/1359/1168 1222/1373/1178 1223/1374/1179
f 1223/1374/1179 1224/1376/1180 1212/1361/1170
f 1224/1376/1180 1213/1378/931 1201/1362/919
f 1225/1377/943 1226/1379/1181 1214/1363/1171
f 1226/1379/1181 1227/1380/1182 1215/1365/1172
f 1227/1380/1182 1228/1391/1183 1216/1366/1173
f 1216/1366/1173 1228/1391/1183 1229/1381/1184
f 1229/1381/1184 1230/1382/1185 1218/1369/1175
f 1230/1382/1185 1231/1395/937 1219/1383/925
f 1231/1384/937 1232/1397/1186 1220/1385/1176
f 1220/1385/1176 1232/1397/1186 1233/1386/1187
f 1233/1386/1187 1234/1387/1188 1222/1373/1178
f 1234/1387/1188 1235/1388/1189 1223/1374/1179
f 1235/1388/1189 1236/1402/1190 1224/1376/1180
f 1224/1376/1180 1236/1402/1190 1225/1377/943
f 1237/1389/955 1238/1403/1191 1226/1379/1181
f 1226/1379/1181 1238/1403/1191 1239/1390/1192
f 1239/1390/1192 1240/1404/1193 1228/1391/1183
f 1228/1391/1183 1240/1404/1193 1241/1392/1194
f 1229/1381/1184 1241/1392/1194 1242/1393/1195
f 1230/1382/1185 1242/1393/1195 1243/1394/949
f 1243/1396/949 1244/1398/1196 1232/1397/1186
f 1244/1398/1196 1245/1399/1197 1233/1386/1187
f 1245/1399/1197 1246/1400/1198 1234/1387/1188
f 1246/1400/1198 1247/1401/1199 1235/1388/1189
f 1247/1401/1199 1248/1405/1200 1236/1402/1190
f 1236/1402/1190 1248/1405/1200 1237/1389/955
f 673/775/673 674/777/674 1238/1403/1191
f 674/777/674 675/778/675 1239/1390/1192
f 675/778/675 676/780/676 1240/1404/1193
f 676/780/676 677/781/677 1241/1392/1194
f 677/781/677 678/783/678 1242/1393/1195
f 678/783/678 679/784/679 1243/1394/949
f 679/787/679 680/786/680 1244/1398/1196
f 1244/1398/1196 680/786/680 681/789/681
f 1245/1399/1197 681/789/681 682/791/682
f 1246/1400/1198 682/791/682 683/793/683
f 683/793/683 684/795/684 1248/1405/1200
f 1248/1405/1200 684/795/684 673/775/673
