# Blender 5.1.2
# www.blender.org
mtllib Puck.mtl
o Puck
v -0.000000 -0.500000 -0.279528
v 0.000000 -0.280000 -0.500000
v -0.000000 -0.492504 -0.336590
v -0.000000 -0.470526 -0.389764
v -0.000000 -0.435563 -0.435425
v -0.000000 -0.390000 -0.470462
v -0.000000 -0.336940 -0.492488
v 0.000000 0.500000 -0.279528
v 0.000000 0.280000 -0.500000
v 0.000000 0.492504 -0.336590
v 0.000000 0.470526 -0.389764
v 0.000000 0.435563 -0.435425
v 0.000000 0.390000 -0.470462
v 0.000000 0.336940 -0.492488
v 0.036486 -0.500000 -0.277137
v 0.065263 -0.280000 -0.495722
v 0.043934 -0.492504 -0.333711
v 0.050874 -0.470526 -0.386429
v 0.056834 -0.435563 -0.431700
v 0.061408 -0.390000 -0.466437
v 0.064283 -0.336940 -0.488274
v 0.036486 0.500000 -0.277137
v 0.065263 0.280000 -0.495722
v 0.043934 0.492504 -0.333711
v 0.050874 0.470526 -0.386429
v 0.056834 0.435563 -0.431700
v 0.061408 0.390000 -0.466437
v 0.064283 0.336940 -0.488274
v 0.072347 -0.500000 -0.270003
v 0.129410 -0.280000 -0.482963
v 0.087116 -0.492504 -0.325121
v 0.100878 -0.470526 -0.376483
v 0.112696 -0.435563 -0.420588
v 0.121765 -0.390000 -0.454432
v 0.127465 -0.336940 -0.475706
v 0.072347 0.500000 -0.270003
v 0.129410 0.280000 -0.482963
v 0.087116 0.492504 -0.325121
v 0.100878 0.470526 -0.376483
v 0.112696 0.435563 -0.420588
v 0.121765 0.390000 -0.454432
v 0.127465 0.336940 -0.475706
v 0.106971 -0.500000 -0.258250
v 0.191342 -0.280000 -0.461940
v 0.128808 -0.492504 -0.310969
v 0.149156 -0.470526 -0.360095
v 0.166630 -0.435563 -0.402280
v 0.180038 -0.390000 -0.434651
v 0.188467 -0.336940 -0.454999
v 0.106971 0.500000 -0.258250
v 0.191342 0.280000 -0.461940
v 0.128808 0.492504 -0.310969
v 0.149156 0.470526 -0.360095
v 0.166630 0.435563 -0.402280
v 0.180038 0.390000 -0.434650
v 0.188467 0.336940 -0.454999
v 0.139764 -0.500000 -0.242078
v 0.250000 -0.280000 -0.433013
v 0.168295 -0.492504 -0.291496
v 0.194882 -0.470526 -0.337546
v 0.217713 -0.435563 -0.377089
v 0.235231 -0.390000 -0.407432
v 0.246244 -0.336940 -0.426507
v 0.139764 0.500000 -0.242078
v 0.250000 0.280000 -0.433013
v 0.168295 0.492504 -0.291496
v 0.194882 0.470526 -0.337546
v 0.217713 0.435563 -0.377089
v 0.235231 0.390000 -0.407432
v 0.246244 0.336940 -0.426507
v 0.170166 -0.500000 -0.221764
v 0.304381 -0.280000 -0.396677
v 0.204903 -0.492504 -0.267035
v 0.237273 -0.470526 -0.309221
v 0.265070 -0.435563 -0.345446
v 0.286399 -0.390000 -0.373243
v 0.299807 -0.336940 -0.390717
v 0.170166 0.500000 -0.221764
v 0.304381 0.280000 -0.396677
v 0.204903 0.492504 -0.267035
v 0.237273 0.470526 -0.309221
v 0.265070 0.435563 -0.345446
v 0.286399 0.390000 -0.373243
v 0.299807 0.336940 -0.390717
v 0.197656 -0.500000 -0.197656
v 0.353553 -0.280000 -0.353553
v 0.238005 -0.492504 -0.238005
v 0.275605 -0.470526 -0.275605
v 0.307892 -0.435563 -0.307892
v 0.332667 -0.390000 -0.332667
v 0.348241 -0.336940 -0.348241
v 0.197656 0.500000 -0.197656
v 0.353553 0.280000 -0.353553
v 0.238005 0.492504 -0.238005
v 0.275605 0.470526 -0.275605
v 0.307892 0.435563 -0.307892
v 0.332667 0.390000 -0.332667
v 0.348241 0.336940 -0.348241
v 0.221764 -0.500000 -0.170166
v 0.396677 -0.280000 -0.304381
v 0.267035 -0.492504 -0.204903
v 0.309221 -0.470526 -0.237273
v 0.345446 -0.435563 -0.265070
v 0.373243 -0.390000 -0.286399
v 0.390717 -0.336940 -0.299807
v 0.221764 0.500000 -0.170166
v 0.396677 0.280000 -0.304381
v 0.267035 0.492504 -0.204903
v 0.309221 0.470526 -0.237273
v 0.345446 0.435563 -0.265070
v 0.373243 0.390000 -0.286399
v 0.390717 0.336940 -0.299807
v 0.242078 -0.500000 -0.139764
v 0.433013 -0.280000 -0.250000
v 0.291496 -0.492504 -0.168295
v 0.337546 -0.470526 -0.194882
v 0.377089 -0.435563 -0.217713
v 0.407432 -0.390000 -0.235231
v 0.426507 -0.336940 -0.246244
v 0.242078 0.500000 -0.139764
v 0.433013 0.280000 -0.250000
v 0.291496 0.492504 -0.168295
v 0.337546 0.470526 -0.194882
v 0.377089 0.435563 -0.217713
v 0.407432 0.390000 -0.235231
v 0.426507 0.336940 -0.246244
v 0.258250 -0.500000 -0.106971
v 0.461940 -0.280000 -0.191342
v 0.310969 -0.492504 -0.128808
v 0.360095 -0.470526 -0.149156
v 0.402280 -0.435563 -0.166630
v 0.434650 -0.390000 -0.180038
v 0.454999 -0.336940 -0.188467
v 0.258250 0.500000 -0.106971
v 0.461940 0.280000 -0.191342
v 0.310969 0.492504 -0.128808
v 0.360095 0.470526 -0.149156
v 0.402280 0.435563 -0.166630
v 0.434651 0.390000 -0.180038
v 0.454999 0.336940 -0.188467
v 0.270003 -0.500000 -0.072347
v 0.482963 -0.280000 -0.129410
v 0.325121 -0.492504 -0.087116
v 0.376483 -0.470526 -0.100878
v 0.420588 -0.435563 -0.112696
v 0.454432 -0.390000 -0.121765
v 0.475706 -0.336940 -0.127465
v 0.270003 0.500000 -0.072347
v 0.482963 0.280000 -0.129410
v 0.325121 0.492504 -0.087116
v 0.376483 0.470526 -0.100878
v 0.420588 0.435563 -0.112696
v 0.454432 0.390000 -0.121765
v 0.475706 0.336940 -0.127465
v 0.277137 -0.500000 -0.036486
v 0.495722 -0.280000 -0.065263
v 0.333711 -0.492504 -0.043934
v 0.386429 -0.470526 -0.050874
v 0.431700 -0.435563 -0.056834
v 0.466437 -0.390000 -0.061408
v 0.488274 -0.336940 -0.064283
v 0.277137 0.500000 -0.036486
v 0.495722 0.280000 -0.065263
v 0.333711 0.492504 -0.043934
v 0.386429 0.470526 -0.050874
v 0.431700 0.435563 -0.056834
v 0.466437 0.390000 -0.061408
v 0.488274 0.336940 -0.064283
v 0.279528 -0.500000 -0.000000
v 0.500000 -0.280000 0.000000
v 0.336590 -0.492504 -0.000000
v 0.389764 -0.470526 -0.000000
v 0.435425 -0.435563 -0.000000
v 0.470462 -0.390000 -0.000000
v 0.492488 -0.336940 -0.000000
v 0.279528 0.500000 0.000000
v 0.500000 0.280000 0.000000
v 0.336590 0.492504 0.000000
v 0.389764 0.470526 0.000000
v 0.435425 0.435563 0.000000
v 0.470462 0.390000 0.000000
v 0.492488 0.336940 0.000000
v 0.277137 -0.500000 0.036486
v 0.495722 -0.280000 0.065263
v 0.333711 -0.492504 0.043934
v 0.386429 -0.470526 0.050874
v 0.431700 -0.435563 0.056834
v 0.466437 -0.390000 0.061408
v 0.488274 -0.336940 0.064283
v 0.277137 0.500000 0.036486
v 0.495722 0.280000 0.065263
v 0.333711 0.492504 0.043934
v 0.386429 0.470526 0.050874
v 0.431700 0.435563 0.056834
v 0.466437 0.390000 0.061408
v 0.488274 0.336940 0.064283
v 0.270003 -0.500000 0.072347
v 0.482963 -0.280000 0.129410
v 0.325121 -0.492504 0.087116
v 0.376483 -0.470526 0.100878
v 0.420588 -0.435563 0.112696
v 0.454432 -0.390000 0.121765
v 0.475706 -0.336940 0.127465
v 0.270003 0.500000 0.072347
v 0.482963 0.280000 0.129410
v 0.325121 0.492504 0.087116
v 0.376483 0.470526 0.100878
v 0.420588 0.435563 0.112696
v 0.454432 0.390000 0.121765
v 0.475706 0.336940 0.127465
v 0.258250 -0.500000 0.106971
v 0.461940 -0.280000 0.191342
v 0.310969 -0.492504 0.128808
v 0.360095 -0.470526 0.149156
v 0.402280 -0.435563 0.166630
v 0.434651 -0.390000 0.180038
v 0.454999 -0.336940 0.188467
v 0.258250 0.500000 0.106971
v 0.461940 0.280000 0.191342
v 0.310969 0.492504 0.128808
v 0.360095 0.470526 0.149156
v 0.402280 0.435563 0.166630
v 0.434650 0.390000 0.180038
v 0.454999 0.336940 0.188467
v 0.242078 -0.500000 0.139764
v 0.433013 -0.280000 0.250000
v 0.291496 -0.492504 0.168295
v 0.337546 -0.470526 0.194882
v 0.377089 -0.435563 0.217713
v 0.407432 -0.390000 0.235231
v 0.426507 -0.336940 0.246244
v 0.242078 0.500000 0.139764
v 0.433013 0.280000 0.250000
v 0.291496 0.492504 0.168295
v 0.337546 0.470526 0.194882
v 0.377089 0.435563 0.217713
v 0.407432 0.390000 0.235231
v 0.426507 0.336940 0.246244
v 0.221764 -0.500000 0.170166
v 0.396677 -0.280000 0.304381
v 0.267035 -0.492504 0.204903
v 0.309221 -0.470526 0.237273
v 0.345446 -0.435563 0.265070
v 0.373243 -0.390000 0.286399
v 0.390717 -0.336940 0.299807
v 0.221764 0.500000 0.170166
v 0.396677 0.280000 0.304381
v 0.267035 0.492504 0.204903
v 0.309221 0.470526 0.237273
v 0.345446 0.435563 0.265070
v 0.373243 0.390000 0.286399
v 0.390717 0.336940 0.299807
v 0.197656 -0.500000 0.197656
v 0.353553 -0.280000 0.353553
v 0.238005 -0.492504 0.238005
v 0.275605 -0.470526 0.275605
v 0.307892 -0.435563 0.307892
v 0.332667 -0.390000 0.332667
v 0.348241 -0.336940 0.348241
v 0.197656 0.500000 0.197656
v 0.353553 0.280000 0.353553
v 0.238005 0.492504 0.238005
v 0.275605 0.470526 0.275605
v 0.307892 0.435563 0.307892
v 0.332667 0.390000 0.332667
v 0.348241 0.336940 0.348241
v 0.170166 -0.500000 0.221764
v 0.304381 -0.280000 0.396677
v 0.204903 -0.492504 0.267035
v 0.237273 -0.470526 0.309221
v 0.265070 -0.435563 0.345446
v 0.286399 -0.390000 0.373243
v 0.299807 -0.336940 0.390717
v 0.170166 0.500000 0.221764
v 0.304381 0.280000 0.396677
v 0.204903 0.492504 0.267035
v 0.237273 0.470526 0.309221
v 0.265070 0.435563 0.345446
v 0.286399 0.390000 0.373243
v 0.299807 0.336940 0.390717
v 0.139764 -0.500000 0.242078
v 0.250000 -0.280000 0.433013
v 0.168295 -0.492504 0.291496
v 0.194882 -0.470526 0.337546
v 0.217713 -0.435563 0.377089
v 0.235231 -0.390000 0.407432
v 0.246244 -0.336940 0.426507
v 0.139764 0.500000 0.242078
v 0.250000 0.280000 0.433013
v 0.168295 0.492504 0.291496
v 0.194882 0.470526 0.337546
v 0.217713 0.435563 0.377089
v 0.235231 0.390000 0.407432
v 0.246244 0.336940 0.426507
v 0.106971 -0.500000 0.258250
v 0.191342 -0.280000 0.461940
v 0.128808 -0.492504 0.310969
v 0.149156 -0.470526 0.360095
v 0.166630 -0.435563 0.402280
v 0.180038 -0.390000 0.434650
v 0.188467 -0.336940 0.454999
v 0.106971 0.500000 0.258250
v 0.191342 0.280000 0.461940
v 0.128808 0.492504 0.310969
v 0.149156 0.470526 0.360095
v 0.166630 0.435563 0.402280
v 0.180038 0.390000 0.434651
v 0.188467 0.336940 0.454999
v 0.072347 -0.500000 0.270003
v 0.129410 -0.280000 0.482963
v 0.087116 -0.492504 0.325121
v 0.100878 -0.470526 0.376483
v 0.112696 -0.435563 0.420588
v 0.121765 -0.390000 0.454432
v 0.127465 -0.336940 0.475706
v 0.072347 0.500000 0.270003
v 0.129410 0.280000 0.482963
v 0.087116 0.492504 0.325121
v 0.100878 0.470526 0.376483
v 0.112696 0.435563 0.420588
v 0.121765 0.390000 0.454432
v 0.127465 0.336940 0.475706
v 0.036486 -0.500000 0.277137
v 0.065263 -0.280000 0.495722
v 0.043934 -0.492504 0.333711
v 0.050874 -0.470526 0.386429
v 0.056834 -0.435563 0.431700
v 0.061408 -0.390000 0.466437
v 0.064283 -0.336940 0.488274
v 0.036486 0.500000 0.277137
v 0.065263 0.280000 0.495722
v 0.043934 0.492504 0.333711
v 0.050874 0.470526 0.386429
v 0.056834 0.435563 0.431700
v 0.061408 0.390000 0.466437
v 0.064283 0.336940 0.488274
v 0.000000 -0.500000 0.279528
v 0.000000 -0.280000 0.500000
v 0.000000 -0.492504 0.336590
v 0.000000 -0.470526 0.389764
v 0.000000 -0.435563 0.435425
v 0.000000 -0.390000 0.470462
v 0.000000 -0.336940 0.492488
v -0.000000 0.500000 0.279528
v 0.000000 0.280000 0.500000
v -0.000000 0.492504 0.336590
v -0.000000 0.470526 0.389764
v -0.000000 0.435563 0.435425
v -0.000000 0.390000 0.470462
v -0.000000 0.336940 0.492488
v -0.036486 -0.500000 0.277137
v -0.065263 -0.280000 0.495722
v -0.043934 -0.492504 0.333711
v -0.050874 -0.470526 0.386429
v -0.056834 -0.435563 0.431700
v -0.061408 -0.390000 0.466437
v -0.064283 -0.336940 0.488274
v -0.036486 0.500000 0.277137
v -0.065263 0.280000 0.495722
v -0.043934 0.492504 0.333711
v -0.050874 0.470526 0.386429
v -0.056834 0.435563 0.431700
v -0.061408 0.390000 0.466437
v -0.064283 0.336940 0.488274
v -0.072347 -0.500000 0.270003
v -0.129410 -0.280000 0.482963
v -0.087116 -0.492504 0.325121
v -0.100878 -0.470526 0.376483
v -0.112696 -0.435563 0.420588
v -0.121765 -0.390000 0.454432
v -0.127465 -0.336940 0.475706
v -0.072347 0.500000 0.270003
v -0.129410 0.280000 0.482963
v -0.087116 0.492504 0.325121
v -0.100878 0.470526 0.376483
v -0.112696 0.435563 0.420588
v -0.121765 0.390000 0.454432
v -0.127465 0.336940 0.475706
v -0.106971 -0.500000 0.258250
v -0.191342 -0.280000 0.461940
v -0.128808 -0.492504 0.310969
v -0.149156 -0.470526 0.360095
v -0.166630 -0.435563 0.402280
v -0.180038 -0.390000 0.434651
v -0.188467 -0.336940 0.454999
v -0.106971 0.500000 0.258250
v -0.191342 0.280000 0.461940
v -0.128808 0.492504 0.310969
v -0.149156 0.470526 0.360095
v -0.166630 0.435563 0.402280
v -0.180038 0.390000 0.434650
v -0.188467 0.336940 0.454999
v -0.139764 -0.500000 0.242078
v -0.250000 -0.280000 0.433013
v -0.168295 -0.492504 0.291496
v -0.194882 -0.470526 0.337546
v -0.217713 -0.435563 0.377089
v -0.235231 -0.390000 0.407432
v -0.246244 -0.336940 0.426507
v -0.139764 0.500000 0.242078
v -0.250000 0.280000 0.433013
v -0.168295 0.492504 0.291496
v -0.194882 0.470526 0.337546
v -0.217713 0.435563 0.377089
v -0.235231 0.390000 0.407432
v -0.246244 0.336940 0.426507
v -0.170166 -0.500000 0.221764
v -0.304381 -0.280000 0.396677
v -0.204903 -0.492504 0.267035
v -0.237273 -0.470526 0.309221
v -0.265070 -0.435563 0.345446
v -0.286399 -0.390000 0.373243
v -0.299807 -0.336940 0.390717
v -0.170166 0.500000 0.221764
v -0.304381 0.280000 0.396677
v -0.204903 0.492504 0.267035
v -0.237273 0.470526 0.309221
v -0.265070 0.435563 0.345446
v -0.286399 0.390000 0.373243
v -0.299807 0.336940 0.390717
v -0.197656 -0.500000 0.197656
v -0.353553 -0.280000 0.353553
v -0.238005 -0.492504 0.238005
v -0.275605 -0.470526 0.275605
v -0.307892 -0.435563 0.307892
v -0.332667 -0.390000 0.332667
v -0.348241 -0.336940 0.348241
v -0.197656 0.500000 0.197656
v -0.353553 0.280000 0.353553
v -0.238005 0.492504 0.238005
v -0.275605 0.470526 0.275605
v -0.307892 0.435563 0.307892
v -0.332667 0.390000 0.332667
v -0.348241 0.336940 0.348241
v -0.221764 -0.500000 0.170166
v -0.396677 -0.280000 0.304381
v -0.267035 -0.492504 0.204903
v -0.309221 -0.470526 0.237273
v -0.345446 -0.435563 0.265070
v -0.373243 -0.390000 0.286399
v -0.390717 -0.336940 0.299807
v -0.221764 0.500000 0.170166
v -0.396677 0.280000 0.304381
v -0.267035 0.492504 0.204903
v -0.309221 0.470526 0.237273
v -0.345446 0.435563 0.265070
v -0.373243 0.390000 0.286399
v -0.390717 0.336940 0.299807
v -0.242078 -0.500000 0.139764
v -0.433013 -0.280000 0.250000
v -0.291496 -0.492504 0.168295
v -0.337546 -0.470526 0.194882
v -0.377089 -0.435563 0.217713
v -0.407432 -0.390000 0.235231
v -0.426507 -0.336940 0.246244
v -0.242078 0.500000 0.139764
v -0.433013 0.280000 0.250000
v -0.291496 0.492504 0.168295
v -0.337546 0.470526 0.194882
v -0.377089 0.435563 0.217713
v -0.407432 0.390000 0.235231
v -0.426507 0.336940 0.246244
v -0.258250 -0.500000 0.106971
v -0.461940 -0.280000 0.191342
v -0.310969 -0.492504 0.128808
v -0.360095 -0.470526 0.149156
v -0.402280 -0.435563 0.166630
v -0.434650 -0.390000 0.180038
v -0.454999 -0.336940 0.188467
v -0.258250 0.500000 0.106971
v -0.461940 0.280000 0.191342
v -0.310969 0.492504 0.128808
v -0.360095 0.470526 0.149156
v -0.402280 0.435563 0.166630
v -0.434651 0.390000 0.180038
v -0.454999 0.336940 0.188467
v -0.270003 -0.500000 0.072347
v -0.482963 -0.280000 0.129410
v -0.325121 -0.492504 0.087116
v -0.376483 -0.470526 0.100878
v -0.420588 -0.435563 0.112696
v -0.454432 -0.390000 0.121765
v -0.475706 -0.336940 0.127465
v -0.270003 0.500000 0.072347
v -0.482963 0.280000 0.129410
v -0.325121 0.492504 0.087116
v -0.376483 0.470526 0.100878
v -0.420588 0.435563 0.112696
v -0.454432 0.390000 0.121765
v -0.475706 0.336940 0.127465
v -0.277137 -0.500000 0.036486
v -0.495722 -0.280000 0.065263
v -0.333711 -0.492504 0.043934
v -0.386429 -0.470526 0.050874
v -0.431700 -0.435563 0.056834
v -0.466437 -0.390000 0.061408
v -0.488274 -0.336940 0.064283
v -0.277137 0.500000 0.036486
v -0.495722 0.280000 0.065263
v -0.333711 0.492504 0.043934
v -0.386429 0.470526 0.050874
v -0.431700 0.435563 0.056834
v -0.466437 0.390000 0.061408
v -0.488274 0.336940 0.064283
v -0.279528 -0.500000 0.000000
v -0.500000 -0.280000 0.000000
v -0.336590 -0.492504 0.000000
v -0.389764 -0.470526 0.000000
v -0.435425 -0.435563 0.000000
v -0.470462 -0.390000 0.000000
v -0.492488 -0.336940 0.000000
v -0.279528 0.500000 -0.000000
v -0.500000 0.280000 0.000000
v -0.336590 0.492504 -0.000000
v -0.389764 0.470526 -0.000000
v -0.435425 0.435563 -0.000000
v -0.470462 0.390000 -0.000000
v -0.492488 0.336940 -0.000000
v -0.277137 -0.500000 -0.036486
v -0.495722 -0.280000 -0.065263
v -0.333711 -0.492504 -0.043934
v -0.386429 -0.470526 -0.050874
v -0.431700 -0.435563 -0.056834
v -0.466437 -0.390000 -0.061408
v -0.488274 -0.336940 -0.064283
v -0.277137 0.500000 -0.036486
v -0.495722 0.280000 -0.065263
v -0.333711 0.492504 -0.043934
v -0.386429 0.470526 -0.050874
v -0.431700 0.435563 -0.056834
v -0.466437 0.390000 -0.061408
v -0.488274 0.336940 -0.064283
v -0.270003 -0.500000 -0.072347
v -0.482963 -0.280000 -0.129410
v -0.325121 -0.492504 -0.087116
v -0.376483 -0.470526 -0.100878
v -0.420588 -0.435563 -0.112696
v -0.454432 -0.390000 -0.121765
v -0.475706 -0.336940 -0.127465
v -0.270003 0.500000 -0.072347
v -0.482963 0.280000 -0.129410
v -0.325121 0.492504 -0.087116
v -0.376483 0.470526 -0.100878
v -0.420588 0.435563 -0.112696
v -0.454432 0.390000 -0.121765
v -0.475706 0.336940 -0.127465
v -0.258250 -0.500000 -0.106971
v -0.461940 -0.280000 -0.191342
v -0.310969 -0.492504 -0.128808
v -0.360095 -0.470526 -0.149156
v -0.402280 -0.435563 -0.166630
v -0.434651 -0.390000 -0.180038
v -0.454999 -0.336940 -0.188467
v -0.258250 0.500000 -0.106971
v -0.461940 0.280000 -0.191342
v -0.310969 0.492504 -0.128808
v -0.360095 0.470526 -0.149156
v -0.402280 0.435563 -0.166630
v -0.434650 0.390000 -0.180038
v -0.454999 0.336940 -0.188467
v -0.242078 -0.500000 -0.139764
v -0.433013 -0.280000 -0.250000
v -0.291496 -0.492504 -0.168295
v -0.337546 -0.470526 -0.194882
v -0.377089 -0.435563 -0.217713
v -0.407432 -0.390000 -0.235231
v -0.426507 -0.336940 -0.246244
v -0.242078 0.500000 -0.139764
v -0.433013 0.280000 -0.250000
v -0.291496 0.492504 -0.168295
v -0.337546 0.470526 -0.194882
v -0.377089 0.435563 -0.217713
v -0.407432 0.390000 -0.235231
v -0.426507 0.336940 -0.246244
v -0.221764 -0.500000 -0.170166
v -0.396677 -0.280000 -0.304381
v -0.267035 -0.492504 -0.204903
v -0.309221 -0.470526 -0.237273
v -0.345446 -0.435563 -0.265070
v -0.373243 -0.390000 -0.286399
v -0.390717 -0.336940 -0.299807
v -0.221764 0.500000 -0.170166
v -0.396677 0.280000 -0.304381
v -0.267035 0.492504 -0.204903
v -0.309221 0.470526 -0.237273
v -0.345446 0.435563 -0.265070
v -0.373243 0.390000 -0.286399
v -0.390717 0.336940 -0.299807
v -0.197656 -0.500000 -0.197656
v -0.353553 -0.280000 -0.353553
v -0.238005 -0.492504 -0.238005
v -0.275605 -0.470526 -0.275605
v -0.307892 -0.435563 -0.307892
v -0.332667 -0.390000 -0.332667
v -0.348241 -0.336940 -0.348241
v -0.197656 0.500000 -0.197656
v -0.353553 0.280000 -0.353553
v -0.238005 0.492504 -0.238005
v -0.275605 0.470526 -0.275605
v -0.307892 0.435563 -0.307892
v -0.332667 0.390000 -0.332667
v -0.348241 0.336940 -0.348241
v -0.170166 -0.500000 -0.221764
v -0.304381 -0.280000 -0.396677
v -0.204903 -0.492504 -0.267035
v -0.237273 -0.470526 -0.309221
v -0.265070 -0.435563 -0.345446
v -0.286399 -0.390000 -0.373243
v -0.299807 -0.336940 -0.390717
v -0.170166 0.500000 -0.221764
v -0.304381 0.280000 -0.396677
v -0.204903 0.492504 -0.267035
v -0.237273 0.470526 -0.309221
v -0.265070 0.435563 -0.345446
v -0.286399 0.390000 -0.373243
v -0.299807 0.336940 -0.390717
v -0.139764 -0.500000 -0.242078
v -0.250000 -0.280000 -0.433013
v -0.168295 -0.492504 -0.291496
v -0.194882 -0.470526 -0.337546
v -0.217713 -0.435563 -0.377089
v -0.235231 -0.390000 -0.407432
v -0.246244 -0.336940 -0.426507
v -0.139764 0.500000 -0.242078
v -0.250000 0.280000 -0.433013
v -0.168295 0.492504 -0.291496
v -0.194882 0.470526 -0.337546
v -0.217713 0.435563 -0.377089
v -0.235231 0.390000 -0.407432
v -0.246244 0.336940 -0.426507
v -0.106971 -0.500000 -0.258250
v -0.191342 -0.280000 -0.461940
v -0.128808 -0.492504 -0.310969
v -0.149156 -0.470526 -0.360095
v -0.166630 -0.435563 -0.402280
v -0.180038 -0.390000 -0.434650
v -0.188467 -0.336940 -0.454999
v -0.106971 0.500000 -0.258250
v -0.191342 0.280000 -0.461940
v -0.128808 0.492504 -0.310969
v -0.149156 0.470526 -0.360095
v -0.166630 0.435563 -0.402280
v -0.180038 0.390000 -0.434651
v -0.188467 0.336940 -0.454999
v -0.072347 -0.500000 -0.270003
v -0.129410 -0.280000 -0.482963
v -0.087116 -0.492504 -0.325121
v -0.100878 -0.470526 -0.376483
v -0.112696 -0.435563 -0.420588
v -0.121765 -0.390000 -0.454432
v -0.127465 -0.336940 -0.475706
v -0.072347 0.500000 -0.270003
v -0.129410 0.280000 -0.482963
v -0.087116 0.492504 -0.325121
v -0.100878 0.470526 -0.376483
v -0.112696 0.435563 -0.420588
v -0.121765 0.390000 -0.454432
v -0.127465 0.336940 -0.475706
v -0.036486 -0.500000 -0.277137
v -0.065263 -0.280000 -0.495722
v -0.043934 -0.492504 -0.333711
v -0.050874 -0.470526 -0.386429
v -0.056834 -0.435563 -0.431700
v -0.061408 -0.390000 -0.466437
v -0.064283 -0.336940 -0.488274
v -0.036486 0.500000 -0.277137
v -0.065263 0.280000 -0.495722
v -0.043934 0.492504 -0.333711
v -0.050874 0.470526 -0.386429
v -0.056834 0.435563 -0.431700
v -0.061408 0.390000 -0.466437
v -0.064283 0.336940 -0.488274
vn -0.0000 -0.9977 -0.0680
vn -0.0000 -0.0654 -0.9979
vn -0.0000 -0.9647 -0.2634
vn -0.0000 -0.8641 -0.5033
vn -0.0000 -0.7051 -0.7091
vn -0.0000 -0.4984 -0.8669
vn -0.0000 -0.2580 -0.9662
vn -0.0000 0.9977 -0.0680
vn -0.0000 0.0654 -0.9979
vn -0.0000 0.9647 -0.2634
vn -0.0000 0.8641 -0.5033
vn -0.0000 0.7051 -0.7091
vn -0.0000 0.4984 -0.8669
vn -0.0000 0.2580 -0.9662
vn 0.0089 -0.9977 -0.0674
vn 0.1302 -0.0654 -0.9893
vn 0.0344 -0.9647 -0.2611
vn 0.0657 -0.8641 -0.4990
vn 0.0926 -0.7051 -0.7030
vn 0.1132 -0.4984 -0.8595
vn 0.1261 -0.2580 -0.9579
vn 0.0089 0.9977 -0.0674
vn 0.1302 0.0654 -0.9893
vn 0.0344 0.9647 -0.2611
vn 0.0657 0.8641 -0.4990
vn 0.0926 0.7051 -0.7030
vn 0.1132 0.4984 -0.8595
vn 0.1261 0.2580 -0.9579
vn 0.0176 -0.9977 -0.0657
vn 0.2583 -0.0654 -0.9639
vn 0.0682 -0.9647 -0.2544
vn 0.1303 -0.8641 -0.4861
vn 0.1835 -0.7051 -0.6849
vn 0.2244 -0.4984 -0.8374
vn 0.2501 -0.2580 -0.9332
vn 0.0176 0.9977 -0.0657
vn 0.2583 0.0654 -0.9639
vn 0.0682 0.9647 -0.2544
vn 0.1303 0.8641 -0.4861
vn 0.1835 0.7051 -0.6849
vn 0.2244 0.4984 -0.8374
vn 0.2501 0.2580 -0.9332
vn 0.0260 -0.9977 -0.0628
vn 0.3819 -0.0654 -0.9219
vn 0.1008 -0.9647 -0.2433
vn 0.1926 -0.8641 -0.4650
vn 0.2714 -0.7051 -0.6551
vn 0.3318 -0.4984 -0.8009
vn 0.3697 -0.2580 -0.8926
vn 0.0260 0.9977 -0.0628
vn 0.3819 0.0654 -0.9219
vn 0.1008 0.9647 -0.2433
vn 0.1926 0.8641 -0.4650
vn 0.2714 0.7051 -0.6551
vn 0.3318 0.4984 -0.8009
vn 0.3697 0.2580 -0.8926
vn 0.0340 -0.9977 -0.0589
vn 0.4989 -0.0654 -0.8642
vn 0.1317 -0.9647 -0.2281
vn 0.2516 -0.8641 -0.4359
vn 0.3545 -0.7051 -0.6141
vn 0.4335 -0.4984 -0.7508
vn 0.4831 -0.2580 -0.8367
vn 0.0340 0.9977 -0.0589
vn 0.4989 0.0654 -0.8642
vn 0.1317 0.9647 -0.2281
vn 0.2516 0.8641 -0.4359
vn 0.3545 0.7051 -0.6141
vn 0.4335 0.4984 -0.7508
vn 0.4831 0.2580 -0.8367
vn 0.0414 -0.9977 -0.0539
vn 0.6075 -0.0654 -0.7917
vn 0.1603 -0.9647 -0.2089
vn 0.3064 -0.8641 -0.3993
vn 0.4317 -0.7051 -0.5625
vn 0.5278 -0.4984 -0.6878
vn 0.5882 -0.2580 -0.7665
vn 0.0414 0.9977 -0.0539
vn 0.6075 0.0654 -0.7917
vn 0.1603 0.9647 -0.2089
vn 0.3064 0.8641 -0.3993
vn 0.4317 0.7051 -0.5625
vn 0.5278 0.4984 -0.6878
vn 0.5882 0.2580 -0.7665
vn 0.0481 -0.9977 -0.0481
vn 0.7056 -0.0654 -0.7056
vn 0.1862 -0.9647 -0.1862
vn 0.3559 -0.8641 -0.3559
vn 0.5014 -0.7051 -0.5014
vn 0.6130 -0.4984 -0.6130
vn 0.6832 -0.2580 -0.6832
vn 0.0481 0.9977 -0.0481
vn 0.7056 0.0654 -0.7056
vn 0.1862 0.9647 -0.1862
vn 0.3559 0.8641 -0.3559
vn 0.5014 0.7051 -0.5014
vn 0.6130 0.4984 -0.6130
vn 0.6832 0.2580 -0.6832
vn 0.0539 -0.9977 -0.0414
vn 0.7917 -0.0654 -0.6075
vn 0.2089 -0.9647 -0.1603
vn 0.3993 -0.8641 -0.3064
vn 0.5625 -0.7051 -0.4317
vn 0.6878 -0.4984 -0.5278
vn 0.7665 -0.2580 -0.5882
vn 0.0539 0.9977 -0.0414
vn 0.7917 0.0654 -0.6075
vn 0.2089 0.9647 -0.1603
vn 0.3993 0.8641 -0.3064
vn 0.5625 0.7051 -0.4317
vn 0.6878 0.4984 -0.5278
vn 0.7665 0.2580 -0.5882
vn 0.0589 -0.9977 -0.0340
vn 0.8642 -0.0654 -0.4989
vn 0.2281 -0.9647 -0.1317
vn 0.4359 -0.8641 -0.2516
vn 0.6141 -0.7051 -0.3545
vn 0.7508 -0.4984 -0.4335
vn 0.8367 -0.2580 -0.4831
vn 0.0589 0.9977 -0.0340
vn 0.8642 0.0654 -0.4989
vn 0.2281 0.9647 -0.1317
vn 0.4359 0.8641 -0.2516
vn 0.6141 0.7051 -0.3545
vn 0.7508 0.4984 -0.4335
vn 0.8367 0.2580 -0.4831
vn 0.0628 -0.9977 -0.0260
vn 0.9219 -0.0654 -0.3819
vn 0.2433 -0.9647 -0.1008
vn 0.4650 -0.8641 -0.1926
vn 0.6551 -0.7051 -0.2714
vn 0.8009 -0.4984 -0.3318
vn 0.8926 -0.2580 -0.3697
vn 0.0628 0.9977 -0.0260
vn 0.9219 0.0654 -0.3819
vn 0.2433 0.9647 -0.1008
vn 0.4650 0.8641 -0.1926
vn 0.6551 0.7051 -0.2714
vn 0.8009 0.4984 -0.3318
vn 0.8926 0.2580 -0.3697
vn 0.0657 -0.9977 -0.0176
vn 0.9639 -0.0654 -0.2583
vn 0.2544 -0.9647 -0.0682
vn 0.4861 -0.8641 -0.1303
vn 0.6849 -0.7051 -0.1835
vn 0.8374 -0.4984 -0.2244
vn 0.9332 -0.2580 -0.2501
vn 0.0657 0.9977 -0.0176
vn 0.9639 0.0654 -0.2583
vn 0.2544 0.9647 -0.0682
vn 0.4861 0.8641 -0.1303
vn 0.6849 0.7051 -0.1835
vn 0.8374 0.4984 -0.2244
vn 0.9332 0.2580 -0.2501
vn 0.0674 -0.9977 -0.0089
vn 0.9893 -0.0654 -0.1302
vn 0.2611 -0.9647 -0.0344
vn 0.4990 -0.8641 -0.0657
vn 0.7030 -0.7051 -0.0926
vn 0.8595 -0.4984 -0.1132
vn 0.9579 -0.2580 -0.1261
vn 0.0674 0.9977 -0.0089
vn 0.9893 0.0654 -0.1302
vn 0.2611 0.9647 -0.0344
vn 0.4990 0.8641 -0.0657
vn 0.7030 0.7051 -0.0926
vn 0.8595 0.4984 -0.1132
vn 0.9579 0.2580 -0.1261
vn 0.0680 -0.9977 -0.0000
vn 0.9979 -0.0654 -0.0000
vn 0.2634 -0.9647 -0.0000
vn 0.5033 -0.8641 -0.0000
vn 0.7091 -0.7051 -0.0000
vn 0.8669 -0.4984 -0.0000
vn 0.9662 -0.2580 -0.0000
vn 0.0680 0.9977 -0.0000
vn 0.9979 0.0654 -0.0000
vn 0.2634 0.9647 -0.0000
vn 0.5033 0.8641 -0.0000
vn 0.7091 0.7051 -0.0000
vn 0.8669 0.4984 -0.0000
vn 0.9662 0.2580 -0.0000
vn 0.0674 -0.9977 0.0089
vn 0.9893 -0.0654 0.1302
vn 0.2611 -0.9647 0.0344
vn 0.4990 -0.8641 0.0657
vn 0.7030 -0.7051 0.0926
vn 0.8595 -0.4984 0.1132
vn 0.9579 -0.2580 0.1261
vn 0.0674 0.9977 0.0089
vn 0.9893 0.0654 0.1302
vn 0.2611 0.9647 0.0344
vn 0.4990 0.8641 0.0657
vn 0.7030 0.7051 0.0926
vn 0.8595 0.4984 0.1132
vn 0.9579 0.2580 0.1261
vn 0.0657 -0.9977 0.0176
vn 0.9639 -0.0654 0.2583
vn 0.2544 -0.9647 0.0682
vn 0.4861 -0.8641 0.1303
vn 0.6849 -0.7051 0.1835
vn 0.8374 -0.4984 0.2244
vn 0.9332 -0.2580 0.2501
vn 0.0657 0.9977 0.0176
vn 0.9639 0.0654 0.2583
vn 0.2544 0.9647 0.0682
vn 0.4861 0.8641 0.1303
vn 0.6849 0.7051 0.1835
vn 0.8374 0.4984 0.2244
vn 0.9332 0.2580 0.2501
vn 0.0628 -0.9977 0.0260
vn 0.9219 -0.0654 0.3819
vn 0.2433 -0.9647 0.1008
vn 0.4650 -0.8641 0.1926
vn 0.6551 -0.7051 0.2714
vn 0.8009 -0.4984 0.3318
vn 0.8926 -0.2580 0.3697
vn 0.0628 0.9977 0.0260
vn 0.9219 0.0654 0.3819
vn 0.2433 0.9647 0.1008
vn 0.4650 0.8641 0.1926
vn 0.6551 0.7051 0.2714
vn 0.8009 0.4984 0.3318
vn 0.8926 0.2580 0.3697
vn 0.0589 -0.9977 0.0340
vn 0.8642 -0.0654 0.4989
vn 0.2281 -0.9647 0.1317
vn 0.4359 -0.8641 0.2516
vn 0.6141 -0.7051 0.3545
vn 0.7508 -0.4984 0.4335
vn 0.8367 -0.2580 0.4831
vn 0.0589 0.9977 0.0340
vn 0.8642 0.0654 0.4989
vn 0.2281 0.9647 0.1317
vn 0.4359 0.8641 0.2516
vn 0.6141 0.7051 0.3545
vn 0.7508 0.4984 0.4335
vn 0.8367 0.2580 0.4831
vn 0.0539 -0.9977 0.0414
vn 0.7917 -0.0654 0.6075
vn 0.2089 -0.9647 0.1603
vn 0.3993 -0.8641 0.3064
vn 0.5625 -0.7051 0.4317
vn 0.6878 -0.4984 0.5278
vn 0.7665 -0.2580 0.5882
vn 0.0539 0.9977 0.0414
vn 0.7917 0.0654 0.6075
vn 0.2089 0.9647 0.1603
vn 0.3993 0.8641 0.3064
vn 0.5625 0.7051 0.4317
vn 0.6878 0.4984 0.5278
vn 0.7665 0.2580 0.5882
vn 0.0481 -0.9977 0.0481
vn 0.7056 -0.0654 0.7056
vn 0.1862 -0.9647 0.1862
vn 0.3559 -0.8641 0.3559
vn 0.5014 -0.7051 0.5014
vn 0.6130 -0.4984 0.6130
vn 0.6832 -0.2580 0.6832
vn 0.0481 0.9977 0.0481
vn 0.7056 0.0654 0.7056
vn 0.1862 0.9647 0.1862
vn 0.3559 0.8641 0.3559
vn 0.5014 0.7051 0.5014
vn 0.6130 0.4984 0.6130
vn 0.6832 0.2580 0.6832
vn 0.0414 -0.9977 0.0539
vn 0.6075 -0.0654 0.7917
vn 0.1603 -0.9647 0.2089
vn 0.3064 -0.8641 0.3993
vn 0.4317 -0.7051 0.5625
vn 0.5278 -0.4984 0.6878
vn 0.5882 -0.2580 0.7665
vn 0.0414 0.9977 0.0539
vn 0.6075 0.0654 0.7917
vn 0.1603 0.9647 0.2089
vn 0.3064 0.8641 0.3993
vn 0.4317 0.7051 0.5625
vn 0.5278 0.4984 0.6878
vn 0.5882 0.2580 0.7665
vn 0.0340 -0.9977 0.0589
vn 0.4989 -0.0654 0.8642
vn 0.1317 -0.9647 0.2281
vn 0.2516 -0.8641 0.4359
vn 0.3545 -0.7051 0.6141
vn 0.4335 -0.4984 0.7508
vn 0.4831 -0.2580 0.8367
vn 0.0340 0.9977 0.0589
vn 0.4989 0.0654 0.8642
vn 0.1317 0.9647 0.2281
vn 0.2516 0.8641 0.4359
vn 0.3545 0.7051 0.6141
vn 0.4335 0.4984 0.7508
vn 0.4831 0.2580 0.8367
vn 0.0260 -0.9977 0.0628
vn 0.3819 -0.0654 0.9219
vn 0.1008 -0.9647 0.2433
vn 0.1926 -0.8641 0.4650
vn 0.2714 -0.7051 0.6551
vn 0.3318 -0.4984 0.8009
vn 0.3697 -0.2580 0.8926
vn 0.0260 0.9977 0.0628
vn 0.3819 0.0654 0.9219
vn 0.1008 0.9647 0.2433
vn 0.1926 0.8641 0.4650
vn 0.2714 0.7051 0.6551
vn 0.3318 0.4984 0.8009
vn 0.3697 0.2580 0.8926
vn 0.0176 -0.9977 0.0657
vn 0.2583 -0.0654 0.9639
vn 0.0682 -0.9647 0.2544
vn 0.1303 -0.8641 0.4861
vn 0.1835 -0.7051 0.6849
vn 0.2244 -0.4984 0.8374
vn 0.2501 -0.2580 0.9332
vn 0.0176 0.9977 0.0657
vn 0.2583 0.0654 0.9639
vn 0.0682 0.9647 0.2544
vn 0.1303 0.8641 0.4861
vn 0.1835 0.7051 0.6849
vn 0.2244 0.4984 0.8374
vn 0.2501 0.2580 0.9332
vn 0.0089 -0.9977 0.0674
vn 0.1302 -0.0654 0.9893
vn 0.0344 -0.9647 0.2611
vn 0.0657 -0.8641 0.4990
vn 0.0926 -0.7051 0.7030
vn 0.1132 -0.4984 0.8595
vn 0.1261 -0.2580 0.9579
vn 0.0089 0.9977 0.0674
vn 0.1302 0.0654 0.9893
vn 0.0344 0.9647 0.2611
vn 0.0657 0.8641 0.4990
vn 0.0926 0.7051 0.7030
vn 0.1132 0.4984 0.8595
vn 0.1261 0.2580 0.9579
vn -0.0000 -0.9977 0.0680
vn -0.0000 -0.0654 0.9979
vn -0.0000 -0.9647 0.2634
vn -0.0000 -0.8641 0.5033
vn -0.0000 -0.7051 0.7091
vn -0.0000 -0.4984 0.8669
vn -0.0000 -0.2580 0.9662
vn -0.0000 0.9977 0.0680
vn -0.0000 0.0654 0.9979
vn -0.0000 0.9647 0.2634
vn -0.0000 0.8641 0.5033
vn -0.0000 0.7051 0.7091
vn -0.0000 0.4984 0.8669
vn -0.0000 0.2580 0.9662
vn -0.0089 -0.9977 0.0674
vn -0.1302 -0.0654 0.9893
vn -0.0344 -0.9647 0.2611
vn -0.0657 -0.8641 0.4990
vn -0.0926 -0.7051 0.7030
vn -0.1132 -0.4984 0.8595
vn -0.1261 -0.2580 0.9579
vn -0.0089 0.9977 0.0674
vn -0.1302 0.0654 0.9893
vn -0.0344 0.9647 0.2611
vn -0.0657 0.8641 0.4990
vn -0.0926 0.7051 0.7030
vn -0.1132 0.4984 0.8595
vn -0.1261 0.2580 0.9579
vn -0.0176 -0.9977 0.0657
vn -0.2583 -0.0654 0.9639
vn -0.0682 -0.9647 0.2544
vn -0.1303 -0.8641 0.4861
vn -0.1835 -0.7051 0.6849
vn -0.2244 -0.4984 0.8374
vn -0.2501 -0.2580 0.9332
vn -0.0176 0.9977 0.0657
vn -0.2583 0.0654 0.9639
vn -0.0682 0.9647 0.2544
vn -0.1303 0.8641 0.4861
vn -0.1835 0.7051 0.6849
vn -0.2244 0.4984 0.8374
vn -0.2501 0.2580 0.9332
vn -0.0260 -0.9977 0.0628
vn -0.3819 -0.0654 0.9219
vn -0.1008 -0.9647 0.2433
vn -0.1926 -0.8641 0.4650
vn -0.2714 -0.7051 0.6551
vn -0.3318 -0.4984 0.8009
vn -0.3697 -0.2580 0.8926
vn -0.0260 0.9977 0.0628
vn -0.3819 0.0654 0.9219
vn -0.1008 0.9647 0.2433
vn -0.1926 0.8641 0.4650
vn -0.2714 0.7051 0.6551
vn -0.3318 0.4984 0.8009
vn -0.3697 0.2580 0.8926
vn -0.0340 -0.9977 0.0589
vn -0.4989 -0.0654 0.8642
vn -0.1317 -0.9647 0.2281
vn -0.2516 -0.8641 0.4359
vn -0.3545 -0.7051 0.6141
vn -0.4335 -0.4984 0.7508
vn -0.4831 -0.2580 0.8367
vn -0.0340 0.9977 0.0589
vn -0.4989 0.0654 0.8642
vn -0.1317 0.9647 0.2281
vn -0.2516 0.8641 0.4359
vn -0.3545 0.7051 0.6141
vn -0.4335 0.4984 0.7508
vn -0.4831 0.2580 0.8367
vn -0.0414 -0.9977 0.0539
vn -0.6075 -0.0654 0.7917
vn -0.1603 -0.9647 0.2089
vn -0.3064 -0.8641 0.3993
vn -0.4317 -0.7051 0.5625
vn -0.5278 -0.4984 0.6878
vn -0.5882 -0.2580 0.7665
vn -0.0414 0.9977 0.0539
vn -0.6075 0.0654 0.7917
vn -0.1603 0.9647 0.2089
vn -0.3064 0.8641 0.3993
vn -0.4317 0.7051 0.5625
vn -0.5278 0.4984 0.6878
vn -0.5882 0.2580 0.7665
vn -0.0481 -0.9977 0.0481
vn -0.7056 -0.0654 0.7056
vn -0.1862 -0.9647 0.1862
vn -0.3559 -0.8641 0.3559
vn -0.5014 -0.7051 0.5014
vn -0.6130 -0.4984 0.6130
vn -0.6832 -0.2580 0.6832
vn -0.0481 0.9977 0.0481
vn -0.7056 0.0654 0.7056
vn -0.1862 0.9647 0.1862
vn -0.3559 0.8641 0.3559
vn -0.5014 0.7051 0.5014
vn -0.6130 0.4984 0.6130
vn -0.6832 0.2580 0.6832
vn -0.0539 -0.9977 0.0414
vn -0.7917 -0.0654 0.6075
vn -0.2089 -0.9647 0.1603
vn -0.3993 -0.8641 0.3064
vn -0.5625 -0.7051 0.4317
vn -0.6878 -0.4984 0.5278
vn -0.7665 -0.2580 0.5882
vn -0.0539 0.9977 0.0414
vn -0.7917 0.0654 0.6075
vn -0.2089 0.9647 0.1603
vn -0.3993 0.8641 0.3064
vn -0.5625 0.7051 0.4317
vn -0.6878 0.4984 0.5278
vn -0.7665 0.2580 0.5882
vn -0.0589 -0.9977 0.0340
vn -0.8642 -0.0654 0.4989
vn -0.2281 -0.9647 0.1317
vn -0.4359 -0.8641 0.2516
vn -0.6141 -0.7051 0.3545
vn -0.7508 -0.4984 0.4335
vn -0.8367 -0.2580 0.4831
vn -0.0589 0.9977 0.0340
vn -0.8642 0.0654 0.4989
vn -0.2281 0.9647 0.1317
vn -0.4359 0.8641 0.2516
vn -0.6141 0.7051 0.3545
vn -0.7508 0.4984 0.4335
vn -0.8367 0.2580 0.4831
vn -0.0628 -0.9977 0.0260
vn -0.9219 -0.0654 0.3819
vn -0.2433 -0.9647 0.1008
vn -0.4650 -0.8641 0.1926
vn -0.6551 -0.7051 0.2714
vn -0.8009 -0.4984 0.3318
vn -0.8926 -0.2580 0.3697
vn -0.0628 0.9977 0.0260
vn -0.9219 0.0654 0.3819
vn -0.2433 0.9647 0.1008
vn -0.4650 0.8641 0.1926
vn -0.6551 0.7051 0.2714
vn -0.8009 0.4984 0.3318
vn -0.8926 0.2580 0.3697
vn -0.0657 -0.9977 0.0176
vn -0.9639 -0.0654 0.2583
vn -0.2544 -0.9647 0.0682
vn -0.4861 -0.8641 0.1303
vn -0.6849 -0.7051 0.1835
vn -0.8374 -0.4984 0.2244
vn -0.9332 -0.2580 0.2501
vn -0.0657 0.9977 0.0176
vn -0.9639 0.0654 0.2583
vn -0.2544 0.9647 0.0682
vn -0.4861 0.8641 0.1303
vn -0.6849 0.7051 0.1835
vn -0.8374 0.4984 0.2244
vn -0.9332 0.2580 0.2501
vn -0.0674 -0.9977 0.0089
vn -0.9893 -0.0654 0.1302
vn -0.2611 -0.9647 0.0344
vn -0.4990 -0.8641 0.0657
vn -0.7030 -0.7051 0.0926
vn -0.8595 -0.4984 0.1132
vn -0.9579 -0.2580 0.1261
vn -0.0674 0.9977 0.0089
vn -0.9893 0.0654 0.1302
vn -0.2611 0.9647 0.0344
vn -0.4990 0.8641 0.0657
vn -0.7030 0.7051 0.0926
vn -0.8595 0.4984 0.1132
vn -0.9579 0.2580 0.1261
vn -0.0680 -0.9977 -0.0000
vn -0.9979 -0.0654 -0.0000
vn -0.2634 -0.9647 -0.0000
vn -0.5033 -0.8641 -0.0000
vn -0.7091 -0.7051 -0.0000
vn -0.8669 -0.4984 -0.0000
vn -0.9662 -0.2580 -0.0000
vn -0.0680 0.9977 -0.0000
vn -0.9979 0.0654 -0.0000
vn -0.2634 0.9647 -0.0000
vn -0.5033 0.8641 -0.0000
vn -0.7091 0.7051 -0.0000
vn -0.8669 0.4984 -0.0000
vn -0.9662 0.2580 -0.0000
vn -0.0674 -0.9977 -0.0089
vn -0.9893 -0.0654 -0.1302
vn -0.2611 -0.9647 -0.0344
vn -0.4990 -0.8641 -0.0657
vn -0.7030 -0.7051 -0.0926
vn -0.8595 -0.4984 -0.1132
vn -0.9579 -0.2580 -0.1261
vn -0.0674 0.9977 -0.0089
vn -0.9893 0.0654 -0.1302
vn -0.2611 0.9647 -0.0344
vn -0.4990 0.8641 -0.0657
vn -0.7030 0.7051 -0.0926
vn -0.8595 0.4984 -0.1132
vn -0.9579 0.2580 -0.1261
vn -0.0657 -0.9977 -0.0176
vn -0.9639 -0.0654 -0.2583
vn -0.2544 -0.9647 -0.0682
vn -0.4861 -0.8641 -0.1303
vn -0.6849 -0.7051 -0.1835
vn -0.8374 -0.4984 -0.2244
vn -0.9332 -0.2580 -0.2501
vn -0.0657 0.9977 -0.0176
vn -0.9639 0.0654 -0.2583
vn -0.2544 0.9647 -0.0682
vn -0.4861 0.8641 -0.1303
vn -0.6849 0.7051 -0.1835
vn -0.8374 0.4984 -0.2244
vn -0.9332 0.2580 -0.2501
vn -0.0628 -0.9977 -0.0260
vn -0.9219 -0.0654 -0.3819
vn -0.2433 -0.9647 -0.1008
vn -0.4650 -0.8641 -0.1926
vn -0.6551 -0.7051 -0.2714
vn -0.8009 -0.4984 -0.3318
vn -0.8926 -0.2580 -0.3697
vn -0.0628 0.9977 -0.0260
vn -0.9219 0.0654 -0.3819
vn -0.2433 0.9647 -0.1008
vn -0.4650 0.8641 -0.1926
vn -0.6551 0.7051 -0.2714
vn -0.8009 0.4984 -0.3318
vn -0.8926 0.2580 -0.3697
vn -0.0589 -0.9977 -0.0340
vn -0.8642 -0.0654 -0.4989
vn -0.2281 -0.9647 -0.1317
vn -0.4359 -0.8641 -0.2516
vn -0.6141 -0.7051 -0.3545
vn -0.7508 -0.4984 -0.4335
vn -0.8367 -0.2580 -0.4831
vn -0.0589 0.9977 -0.0340
vn -0.8642 0.0654 -0.4989
vn -0.2281 0.9647 -0.1317
vn -0.4359 0.8641 -0.2516
vn -0.6141 0.7051 -0.3545
vn -0.7508 0.4984 -0.4335
vn -0.8367 0.2580 -0.4831
vn -0.0539 -0.9977 -0.0414
vn -0.7917 -0.0654 -0.6075
vn -0.2089 -0.9647 -0.1603
vn -0.3993 -0.8641 -0.3064
vn -0.5625 -0.7051 -0.4317
vn -0.6878 -0.4984 -0.5278
vn -0.7665 -0.2580 -0.5882
vn -0.0539 0.9977 -0.0414
vn -0.7917 0.0654 -0.6075
vn -0.2089 0.9647 -0.1603
vn -0.3993 0.8641 -0.3064
vn -0.5625 0.7051 -0.4317
vn -0.6878 0.4984 -0.5278
vn -0.7665 0.2580 -0.5882
vn -0.0481 -0.9977 -0.0481
vn -0.7056 -0.0654 -0.7056
vn -0.1862 -0.9647 -0.1862
vn -0.3559 -0.8641 -0.3559
vn -0.5014 -0.7051 -0.5014
vn -0.6130 -0.4984 -0.6130
vn -0.6832 -0.2580 -0.6832
vn -0.0481 0.9977 -0.0481
vn -0.7056 0.0654 -0.7056
vn -0.1862 0.9647 -0.1862
vn -0.3559 0.8641 -0.3559
vn -0.5014 0.7051 -0.5014
vn -0.6130 0.4984 -0.6130
vn -0.6832 0.2580 -0.6832
vn -0.0414 -0.9977 -0.0539
vn -0.6075 -0.0654 -0.7917
vn -0.1603 -0.9647 -0.2089
vn -0.3064 -0.8641 -0.3993
vn -0.4317 -0.7051 -0.5625
vn -0.5278 -0.4984 -0.6878
vn -0.5882 -0.2580 -0.7665
vn -0.0414 0.9977 -0.0539
vn -0.6075 0.0654 -0.7917
vn -0.1603 0.9647 -0.2089
vn -0.3064 0.8641 -0.3993
vn -0.4317 0.7051 -0.5625
vn -0.5278 0.4984 -0.6878
vn -0.5882 0.2580 -0.7665
vn -0.0340 -0.9977 -0.0589
vn -0.4989 -0.0654 -0.8642
vn -0.1317 -0.9647 -0.2281
vn -0.2516 -0.8641 -0.4359
vn -0.3545 -0.7051 -0.6141
vn -0.4335 -0.4984 -0.7508
vn -0.4831 -0.2580 -0.8367
vn -0.0340 0.9977 -0.0589
vn -0.4989 0.0654 -0.8642
vn -0.1317 0.9647 -0.2281
vn -0.2516 0.8641 -0.4359
vn -0.3545 0.7051 -0.6141
vn -0.4335 0.4984 -0.7508
vn -0.4831 0.2580 -0.8367
vn -0.0260 -0.9977 -0.0628
vn -0.3819 -0.0654 -0.9219
vn -0.1008 -0.9647 -0.2433
vn -0.1926 -0.8641 -0.4650
vn -0.2714 -0.7051 -0.6551
vn -0.3318 -0.4984 -0.8009
vn -0.3697 -0.2580 -0.8926
vn -0.0260 0.9977 -0.0628
vn -0.3819 0.0654 -0.9219
vn -0.1008 0.9647 -0.2433
vn -0.1926 0.8641 -0.4650
vn -0.2714 0.7051 -0.6551
vn -0.3318 0.4984 -0.8009
vn -0.3697 0.2580 -0.8926
vn -0.0176 -0.9977 -0.0657
vn -0.2583 -0.0654 -0.9639
vn -0.0682 -0.9647 -0.2544
vn -0.1303 -0.8641 -0.4861
vn -0.1835 -0.7051 -0.6849
vn -0.2244 -0.4984 -0.8374
vn -0.2501 -0.2580 -0.9332
vn -0.0176 0.9977 -0.0657
vn -0.2583 0.0654 -0.9639
vn -0.0682 0.9647 -0.2544
vn -0.1303 0.8641 -0.4861
vn -0.1835 0.7051 -0.6849
vn -0.2244 0.4984 -0.8374
vn -0.2501 0.2580 -0.9332
vn -0.0089 -0.9977 -0.0674
vn -0.1302 -0.0654 -0.9893
vn -0.0344 -0.9647 -0.2611
vn -0.0657 -0.8641 -0.4990
vn -0.0926 -0.7051 -0.7030
vn -0.1132 -0.4984 -0.8595
vn -0.1261 -0.2580 -0.9579
vn -0.0089 0.9977 -0.0674
vn -0.1302 0.0654 -0.9893
vn -0.0344 0.9647 -0.2611
vn -0.0657 0.8641 -0.4990
vn -0.0926 0.7051 -0.7030
vn -0.1132 0.4984 -0.8595
vn -0.1261 0.2580 -0.9579
vt 0.979167 0.610000
vt 0.999844 0.581530
vt 1.000000 0.610000
vt 0.979167 0.581530
vt 0.999385 0.555000
vt 0.979167 0.500000
vt 0.998655 0.500000
vt 0.781309 0.487815
vt 0.750000 0.437087
vt 0.750000 0.489867
vt 0.774420 0.435486
vt 0.750000 0.411563
vt 0.771088 0.410181
vt 0.750000 0.384173
vt 1.000000 0.890000
vt 0.979167 0.918470
vt 0.979167 0.890000
vt 0.999385 0.945000
vt 0.979167 0.945000
vt 0.979167 1.000000
vt 0.250000 0.489867
vt 0.274420 0.435486
vt 0.281309 0.487815
vt 0.250000 0.411563
vt 0.271088 0.410181
vt 0.250000 0.384173
vt 0.267513 0.383025
vt 0.958333 0.610000
vt 0.958333 0.581530
vt 0.979167 0.555000
vt 0.958333 0.555000
vt 0.798422 0.430712
vt 0.791816 0.406058
vt 0.767513 0.383025
vt 0.958333 0.918470
vt 0.958333 0.890000
vt 0.958333 0.945000
vt 0.958333 1.000000
vt 0.298422 0.430712
vt 0.312082 0.481694
vt 0.291816 0.406058
vt 0.284727 0.379602
vt 0.937500 0.610000
vt 0.937500 0.555000
vt 0.937500 0.500000
vt 0.958333 0.500000
vt 0.841793 0.471609
vt 0.812082 0.481694
vt 0.811827 0.399265
vt 0.784726 0.379602
vt 0.937500 0.918470
vt 0.937500 0.890000
vt 0.937500 0.945000
vt 0.937500 1.000000
vt 0.321595 0.422846
vt 0.341793 0.471609
vt 0.311828 0.399265
vt 0.301346 0.373960
vt 0.916667 0.610000
vt 0.937500 0.581530
vt 0.916667 0.581530
vt 0.916667 0.555000
vt 0.869934 0.457731
vt 0.821595 0.422846
vt 0.830782 0.389918
vt 0.801346 0.373960
vt 0.916667 0.918470
vt 0.916667 0.890000
vt 0.916667 0.945000
vt 0.916667 1.000000
vt 0.343543 0.412022
vt 0.369934 0.457731
vt 0.330782 0.389918
vt 0.317087 0.366198
vt 0.895833 0.610000
vt 0.895833 0.581530
vt 0.895833 0.500000
vt 0.916667 0.500000
vt 0.896022 0.440300
vt 0.843543 0.412022
vt 0.848354 0.378177
vt 0.817087 0.366198
vt 0.895833 0.918470
vt 0.895833 0.890000
vt 0.895833 0.945000
vt 0.895833 1.000000
vt 0.363891 0.398426
vt 0.396022 0.440300
vt 0.348354 0.378177
vt 0.331680 0.356447
vt 0.875000 0.610000
vt 0.875000 0.581530
vt 0.895833 0.555000
vt 0.875000 0.555000
vt 0.919612 0.419612
vt 0.863891 0.398426
vt 0.882290 0.382290
vt 0.864242 0.364242
vt 0.831679 0.356447
vt 0.875000 0.890000
vt 0.875000 0.918470
vt 0.875000 0.945000
vt 0.875000 1.000000
vt 0.382290 0.382290
vt 0.419612 0.419612
vt 0.364243 0.364243
vt 0.344875 0.344875
vt 0.854167 0.581530
vt 0.854167 0.555000
vt 0.875000 0.500000
vt 0.940300 0.396022
vt 0.898426 0.363891
vt 0.878176 0.348353
vt 0.844875 0.344875
vt 0.854167 0.918470
vt 0.854167 0.890000
vt 0.854167 0.945000
vt 0.854167 1.000000
vt 0.398426 0.363891
vt 0.440300 0.396022
vt 0.378177 0.348354
vt 0.356447 0.331680
vt 0.833333 0.610000
vt 0.854167 0.610000
vt 0.833333 0.581530
vt 0.833333 0.555000
vt 0.854167 0.500000
vt 0.957731 0.369934
vt 0.889918 0.330781
vt 0.856447 0.331680
vt 0.833333 0.918470
vt 0.833333 0.890000
vt 0.833333 0.945000
vt 0.833333 1.000000
vt 0.412022 0.343543
vt 0.457731 0.369934
vt 0.389918 0.330782
vt 0.366198 0.317087
vt 0.812500 0.610000
vt 0.812500 0.581530
vt 0.812500 0.555000
vt 0.833333 0.500000
vt 0.971609 0.341793
vt 0.912022 0.343543
vt 0.922845 0.321595
vt 0.873960 0.301346
vt 0.866198 0.317087
vt 0.812500 0.918470
vt 0.812500 0.890000
vt 0.812500 0.945000
vt 0.812500 1.000000
vt 0.422846 0.321595
vt 0.471609 0.341793
vt 0.399265 0.311828
vt 0.373960 0.301346
vt 0.791667 0.610000
vt 0.791667 0.581530
vt 0.791667 0.555000
vt 0.812500 0.500000
vt 0.981694 0.312082
vt 0.930712 0.298421
vt 0.899265 0.311828
vt 0.879601 0.284727
vt 0.791667 0.918470
vt 0.791667 0.890000
vt 0.791667 0.945000
vt 0.791667 1.000000
vt 0.430712 0.298422
vt 0.481694 0.312082
vt 0.406058 0.291816
vt 0.379602 0.284727
vt 0.770834 0.610000
vt 0.770834 0.581530
vt 0.770834 0.500000
vt 0.791667 0.500000
vt 0.987815 0.281309
vt 0.910181 0.271088
vt 0.906058 0.291816
vt 0.883026 0.267513
vt 0.770833 0.918470
vt 0.770834 0.890000
vt 0.770834 0.945000
vt 0.770834 1.000000
vt 0.487815 0.281309
vt 0.435486 0.274420
vt 0.410181 0.271088
vt 0.383026 0.267513
vt 0.750000 0.610000
vt 0.750000 0.555000
vt 0.770834 0.555000
vt 0.989867 0.250000
vt 0.935486 0.274420
vt 0.911563 0.250000
vt 0.884174 0.250000
vt 0.750000 0.918470
vt 0.750000 0.890000
vt 0.750000 0.945000
vt 0.750000 1.000000
vt 0.437087 0.250000
vt 0.489867 0.250000
vt 0.411563 0.250000
vt 0.384173 0.250000
vt 0.729167 0.610000
vt 0.750000 0.581530
vt 0.729167 0.581530
vt 0.729167 0.500000
vt 0.750000 0.500000
vt 0.987815 0.218691
vt 0.937086 0.250000
vt 0.935486 0.225580
vt 0.910181 0.228912
vt 0.729167 0.918470
vt 0.729167 0.890000
vt 0.729167 0.945000
vt 0.729167 1.000000
vt 0.435486 0.225580
vt 0.487815 0.218691
vt 0.410181 0.228912
vt 0.383025 0.232487
vt 0.708334 0.610000
vt 0.708334 0.581530
vt 0.729167 0.555000
vt 0.708334 0.555000
vt 0.930712 0.201578
vt 0.906058 0.208184
vt 0.883026 0.232487
vt 0.708334 0.918470
vt 0.708334 0.890000
vt 0.708334 0.945000
vt 0.708334 1.000000
vt 0.430712 0.201578
vt 0.481694 0.187918
vt 0.406058 0.208184
vt 0.379602 0.215273
vt 0.687500 0.610000
vt 0.687500 0.555000
vt 0.687500 0.500000
vt 0.708334 0.500000
vt 0.971609 0.158207
vt 0.981694 0.187918
vt 0.899265 0.188172
vt 0.879601 0.215273
vt 0.687500 0.918470
vt 0.687500 0.890000
vt 0.687500 0.945000
vt 0.687500 1.000000
vt 0.422846 0.178405
vt 0.471609 0.158207
vt 0.399265 0.188172
vt 0.373960 0.198654
vt 0.666667 0.610000
vt 0.687500 0.581530
vt 0.666667 0.581530
vt 0.666667 0.555000
vt 0.957731 0.130066
vt 0.922845 0.178405
vt 0.889918 0.169218
vt 0.873960 0.198654
vt 0.666667 0.918470
vt 0.666667 0.890000
vt 0.666667 0.945000
vt 0.666667 1.000000
vt 0.412022 0.156457
vt 0.457731 0.130066
vt 0.389918 0.169218
vt 0.366198 0.182913
vt 0.645834 0.610000
vt 0.645834 0.581530
vt 0.645834 0.500000
vt 0.666667 0.500000
vt 0.940300 0.103978
vt 0.912022 0.156457
vt 0.878177 0.151646
vt 0.866198 0.182913
vt 0.645834 0.918470
vt 0.645834 0.890000
vt 0.645834 0.945000
vt 0.645834 1.000000
vt 0.398426 0.136109
vt 0.440300 0.103978
vt 0.378177 0.151646
vt 0.356447 0.168320
vt 0.625000 0.610000
vt 0.625000 0.581530
vt 0.645834 0.555000
vt 0.625000 0.555000
vt 0.919612 0.080388
vt 0.898426 0.136109
vt 0.882290 0.117710
vt 0.864242 0.135757
vt 0.856447 0.168320
vt 0.625000 0.890000
vt 0.625000 0.918470
vt 0.625000 0.945000
vt 0.625000 1.000000
vt 0.382290 0.117710
vt 0.419612 0.080388
vt 0.364243 0.135757
vt 0.344875 0.155125
vt 0.604167 0.581530
vt 0.604167 0.555000
vt 0.625000 0.500000
vt 0.896022 0.059700
vt 0.863891 0.101574
vt 0.848354 0.121823
vt 0.844875 0.155125
vt 0.604167 0.918470
vt 0.604167 0.890000
vt 0.604167 0.945000
vt 0.604167 1.000000
vt 0.363891 0.101574
vt 0.396022 0.059700
vt 0.348354 0.121823
vt 0.331680 0.143553
vt 0.583334 0.610000
vt 0.604167 0.610000
vt 0.583334 0.581530
vt 0.583334 0.555000
vt 0.604167 0.500000
vt 0.869934 0.042269
vt 0.830782 0.110082
vt 0.831680 0.143553
vt 0.583334 0.918470
vt 0.583334 0.890000
vt 0.583334 0.945000
vt 0.583334 1.000000
vt 0.343543 0.087978
vt 0.369934 0.042269
vt 0.330782 0.110082
vt 0.317087 0.133802
vt 0.562500 0.610000
vt 0.562500 0.581530
vt 0.562500 0.555000
vt 0.583334 0.500000
vt 0.841793 0.028391
vt 0.843544 0.087978
vt 0.821595 0.077154
vt 0.801346 0.126040
vt 0.817087 0.133802
vt 0.562500 0.918470
vt 0.562500 0.890000
vt 0.562500 0.945000
vt 0.562500 1.000000
vt 0.321595 0.077154
vt 0.341793 0.028391
vt 0.311828 0.100735
vt 0.301346 0.126040
vt 0.541667 0.610000
vt 0.541667 0.581530
vt 0.541667 0.555000
vt 0.562500 0.500000
vt 0.812082 0.018306
vt 0.798422 0.069288
vt 0.811827 0.100735
vt 0.784727 0.120398
vt 0.541667 0.918470
vt 0.541667 0.890000
vt 0.541667 0.945000
vt 0.541667 1.000000
vt 0.298421 0.069288
vt 0.312082 0.018306
vt 0.291816 0.093942
vt 0.284727 0.120398
vt 0.520834 0.610000
vt 0.520834 0.581530
vt 0.520834 0.500000
vt 0.541667 0.500000
vt 0.781309 0.012185
vt 0.771088 0.089819
vt 0.791816 0.093942
vt 0.767513 0.116974
vt 0.520834 0.918470
vt 0.520834 0.890000
vt 0.520834 0.945000
vt 0.520834 1.000000
vt 0.281309 0.012185
vt 0.274420 0.064514
vt 0.271088 0.089819
vt 0.267513 0.116974
vt 0.500000 0.610000
vt 0.500001 0.555000
vt 0.520834 0.555000
vt 0.750000 0.010133
vt 0.774420 0.064514
vt 0.750000 0.088437
vt 0.750000 0.115827
vt 0.500000 0.918470
vt 0.500000 0.890000
vt 0.500001 0.945000
vt 0.500000 1.000000
vt 0.250000 0.062913
vt 0.250000 0.010133
vt 0.250000 0.088437
vt 0.250000 0.115827
vt 0.479167 0.610000
vt 0.500000 0.581530
vt 0.479167 0.581530
vt 0.479167 0.500000
vt 0.500000 0.500000
vt 0.718691 0.012185
vt 0.750000 0.062913
vt 0.725580 0.064514
vt 0.728912 0.089819
vt 0.479167 0.918470
vt 0.479167 0.890000
vt 0.479167 0.945000
vt 0.479167 1.000000
vt 0.225580 0.064514
vt 0.218691 0.012185
vt 0.228912 0.089819
vt 0.232487 0.116974
vt 0.458334 0.610000
vt 0.458334 0.581530
vt 0.479167 0.555000
vt 0.458334 0.555000
vt 0.701578 0.069288
vt 0.708184 0.093942
vt 0.732487 0.116974
vt 0.458334 0.918470
vt 0.458334 0.890000
vt 0.458334 0.945000
vt 0.458334 1.000000
vt 0.201578 0.069288
vt 0.187918 0.018306
vt 0.208184 0.093942
vt 0.215273 0.120398
vt 0.437500 0.610000
vt 0.437500 0.555000
vt 0.437500 0.500000
vt 0.458334 0.500000
vt 0.658207 0.028391
vt 0.687918 0.018306
vt 0.688172 0.100735
vt 0.715274 0.120398
vt 0.437500 0.918470
vt 0.437500 0.890000
vt 0.437500 0.945000
vt 0.437500 1.000000
vt 0.178405 0.077154
vt 0.158207 0.028391
vt 0.188172 0.100735
vt 0.198654 0.126040
vt 0.416667 0.610000
vt 0.437500 0.581530
vt 0.416667 0.581530
vt 0.416667 0.555000
vt 0.630066 0.042269
vt 0.678405 0.077154
vt 0.669218 0.110082
vt 0.698654 0.126040
vt 0.416667 0.918470
vt 0.416667 0.890000
vt 0.416667 0.945000
vt 0.416667 1.000000
vt 0.156457 0.087978
vt 0.130066 0.042269
vt 0.169218 0.110082
vt 0.182913 0.133802
vt 0.395834 0.610000
vt 0.395834 0.581530
vt 0.395834 0.500000
vt 0.416667 0.500000
vt 0.603978 0.059700
vt 0.656457 0.087978
vt 0.651646 0.121823
vt 0.682913 0.133802
vt 0.395834 0.918470
vt 0.395834 0.890000
vt 0.395834 0.945000
vt 0.395834 1.000000
vt 0.136109 0.101574
vt 0.103978 0.059700
vt 0.151646 0.121823
vt 0.168320 0.143553
vt 0.375000 0.610000
vt 0.375000 0.581530
vt 0.395834 0.555000
vt 0.375000 0.555000
vt 0.580388 0.080388
vt 0.636109 0.101574
vt 0.617710 0.117710
vt 0.635758 0.135757
vt 0.668321 0.143553
vt 0.375000 0.890000
vt 0.375000 0.918470
vt 0.375000 0.945000
vt 0.375000 1.000000
vt 0.117710 0.117710
vt 0.080388 0.080388
vt 0.135757 0.135757
vt 0.155125 0.155125
vt 0.354167 0.581530
vt 0.354167 0.555000
vt 0.375000 0.500000
vt 0.559700 0.103978
vt 0.601574 0.136109
vt 0.621823 0.151646
vt 0.655125 0.155125
vt 0.354167 0.918470
vt 0.354167 0.890000
vt 0.354167 0.945000
vt 0.354167 1.000000
vt 0.101574 0.136109
vt 0.059700 0.103978
vt 0.121823 0.151646
vt 0.143553 0.168320
vt 0.333334 0.610000
vt 0.354167 0.610000
vt 0.333334 0.581530
vt 0.333334 0.555000
vt 0.354167 0.500000
vt 0.542269 0.130066
vt 0.610082 0.169218
vt 0.643553 0.168320
vt 0.333334 0.918470
vt 0.333334 0.890000
vt 0.333334 0.945000
vt 0.333334 1.000000
vt 0.087978 0.156457
vt 0.042269 0.130066
vt 0.110082 0.169218
vt 0.133802 0.182913
vt 0.312500 0.610000
vt 0.312500 0.581530
vt 0.312500 0.555000
vt 0.333334 0.500000
vt 0.528391 0.158207
vt 0.587978 0.156457
vt 0.577155 0.178405
vt 0.626040 0.198654
vt 0.633803 0.182913
vt 0.312500 0.918470
vt 0.312500 0.890000
vt 0.312500 0.945000
vt 0.312500 1.000000
vt 0.077154 0.178405
vt 0.028391 0.158207
vt 0.100735 0.188172
vt 0.126040 0.198654
vt 0.291667 0.610000
vt 0.291667 0.581530
vt 0.291667 0.555000
vt 0.312500 0.500000
vt 0.518306 0.187918
vt 0.569288 0.201578
vt 0.600735 0.188172
vt 0.620398 0.215273
vt 0.291667 0.918470
vt 0.291667 0.890000
vt 0.291667 0.945000
vt 0.291667 1.000000
vt 0.069288 0.201578
vt 0.018306 0.187918
vt 0.093942 0.208184
vt 0.120398 0.215273
vt 0.270834 0.610000
vt 0.270834 0.581530
vt 0.270834 0.500000
vt 0.291667 0.500000
vt 0.512185 0.218691
vt 0.589819 0.228912
vt 0.593942 0.208184
vt 0.616974 0.232487
vt 0.270834 0.918470
vt 0.270834 0.890000
vt 0.270834 0.945000
vt 0.270834 1.000000
vt 0.012185 0.218691
vt 0.064514 0.225580
vt 0.089819 0.228912
vt 0.116974 0.232487
vt 0.250000 0.610000
vt 0.250000 0.555000
vt 0.270834 0.555000
vt 0.510133 0.250000
vt 0.564514 0.225580
vt 0.588437 0.250000
vt 0.615827 0.250000
vt 0.250000 0.918470
vt 0.250000 0.890000
vt 0.250000 0.945000
vt 0.250000 1.000000
vt 0.062913 0.250000
vt 0.010133 0.250000
vt 0.088437 0.250000
vt 0.115827 0.250000
vt 0.229167 0.610000
vt 0.250000 0.581530
vt 0.229167 0.581530
vt 0.229167 0.500000
vt 0.250000 0.500000
vt 0.512185 0.281309
vt 0.562913 0.250000
vt 0.564514 0.274420
vt 0.589819 0.271088
vt 0.229167 0.918470
vt 0.229167 0.890000
vt 0.229167 0.945000
vt 0.229167 1.000000
vt 0.064514 0.274420
vt 0.012185 0.281309
vt 0.089819 0.271088
vt 0.116974 0.267513
vt 0.208334 0.610000
vt 0.208334 0.581530
vt 0.229167 0.555000
vt 0.208334 0.555000
vt 0.569288 0.298422
vt 0.593942 0.291816
vt 0.616974 0.267513
vt 0.208334 0.918470
vt 0.208334 0.890000
vt 0.208334 0.945000
vt 0.208334 1.000000
vt 0.069288 0.298422
vt 0.018306 0.312082
vt 0.093942 0.291816
vt 0.120398 0.284727
vt 0.187500 0.610000
vt 0.187500 0.555000
vt 0.187500 0.500000
vt 0.208334 0.500000
vt 0.528391 0.341793
vt 0.518306 0.312082
vt 0.600735 0.311828
vt 0.620399 0.284727
vt 0.187500 0.918470
vt 0.187500 0.890000
vt 0.187500 0.945000
vt 0.187500 1.000000
vt 0.077154 0.321595
vt 0.028391 0.341793
vt 0.100735 0.311828
vt 0.126040 0.301346
vt 0.166667 0.610000
vt 0.187500 0.581530
vt 0.166667 0.581530
vt 0.166667 0.555000
vt 0.542269 0.369934
vt 0.577154 0.321595
vt 0.610082 0.330782
vt 0.626040 0.301346
vt 0.166667 0.918470
vt 0.166667 0.890000
vt 0.166667 0.945000
vt 0.166667 1.000000
vt 0.087978 0.343543
vt 0.042269 0.369934
vt 0.110082 0.330781
vt 0.133802 0.317087
vt 0.145834 0.610000
vt 0.145834 0.581530
vt 0.145834 0.500000
vt 0.166667 0.500000
vt 0.559700 0.396022
vt 0.587978 0.343543
vt 0.621823 0.348354
vt 0.633803 0.317087
vt 0.145834 0.918470
vt 0.145834 0.890000
vt 0.145834 0.945000
vt 0.145834 1.000000
vt 0.101574 0.363891
vt 0.059700 0.396022
vt 0.121823 0.348353
vt 0.143553 0.331680
vt 0.125000 0.610000
vt 0.125000 0.581530
vt 0.145834 0.555000
vt 0.125000 0.555000
vt 0.580388 0.419612
vt 0.601574 0.363891
vt 0.617710 0.382290
vt 0.635758 0.364243
vt 0.643553 0.331680
vt 0.125000 0.890000
vt 0.125000 0.918470
vt 0.125000 0.945000
vt 0.125000 1.000000
vt 0.117710 0.382290
vt 0.080388 0.419612
vt 0.135757 0.364242
vt 0.155125 0.344875
vt 0.104167 0.581530
vt 0.104167 0.555000
vt 0.125000 0.500000
vt 0.603978 0.440300
vt 0.636109 0.398426
vt 0.651646 0.378177
vt 0.655125 0.344875
vt 0.104167 0.918470
vt 0.104167 0.890000
vt 0.104167 0.945000
vt 0.104167 1.000000
vt 0.136109 0.398426
vt 0.103978 0.440300
vt 0.151646 0.378177
vt 0.168320 0.356447
vt 0.083334 0.610000
vt 0.104167 0.610000
vt 0.083334 0.581530
vt 0.083334 0.555000
vt 0.104167 0.500000
vt 0.630066 0.457731
vt 0.669218 0.389918
vt 0.668320 0.356447
vt 0.083334 0.918470
vt 0.083334 0.890000
vt 0.083334 0.945000
vt 0.083334 1.000000
vt 0.156457 0.412022
vt 0.130066 0.457731
vt 0.169218 0.389918
vt 0.182913 0.366198
vt 0.062500 0.610000
vt 0.062500 0.581530
vt 0.062500 0.555000
vt 0.083334 0.500000
vt 0.658207 0.471609
vt 0.656457 0.412022
vt 0.678405 0.422846
vt 0.698654 0.373960
vt 0.682913 0.366198
vt 0.062500 0.918470
vt 0.062500 0.890000
vt 0.062500 0.945000
vt 0.062500 1.000000
vt 0.178405 0.422846
vt 0.158207 0.471609
vt 0.188172 0.399265
vt 0.198654 0.373960
vt 0.041667 0.610000
vt 0.041667 0.581530
vt 0.041667 0.555000
vt 0.062500 0.500000
vt 0.687918 0.481694
vt 0.701578 0.430712
vt 0.688172 0.399265
vt 0.715273 0.379602
vt 0.041667 0.918470
vt 0.041667 0.890000
vt 0.041667 0.945000
vt 0.041667 1.000000
vt 0.201578 0.430712
vt 0.187918 0.481694
vt 0.208184 0.406058
vt 0.215273 0.379601
vt 0.020834 0.610000
vt 0.020834 0.581530
vt 0.020834 0.500000
vt 0.041667 0.500000
vt 0.718691 0.487815
vt 0.728912 0.410181
vt 0.708184 0.406058
vt 0.732487 0.383025
vt 0.020834 0.918470
vt 0.020834 0.890000
vt 0.020834 0.945000
vt 0.020834 1.000000
vt 0.218691 0.487815
vt 0.225580 0.435486
vt 0.228912 0.410181
vt 0.232487 0.383026
vt 0.000000 0.610000
vt 0.000616 0.555000
vt 0.020834 0.555000
vt 0.725580 0.435486
vt 0.000157 0.918470
vt 0.000000 0.890000
vt 0.000616 0.945000
vt 0.001346 1.000000
vt 0.250000 0.437087
vt 0.999843 0.918470
vt 0.998655 1.000000
vt 0.000157 0.581530
vt 0.001346 0.500000
s 1
f 16/1/16 7/2/7 2/3/2
f 21/4/21 6/5/6 7/2/7
f 6/5/6 19/6/19 5/7/5
f 19/8/19 4/9/4 5/10/5
f 18/11/18 3/12/3 4/9/4
f 17/13/17 1/14/1 3/12/3
f 9/15/9 28/16/28 23/17/23
f 28/16/28 13/18/13 27/19/27
f 13/18/13 26/20/26 27/19/27
f 12/21/12 25/22/25 26/23/26
f 25/22/25 10/24/10 24/25/24
f 24/25/24 8/26/8 22/27/22
f 30/28/30 21/4/21 16/1/16
f 35/29/35 20/30/20 21/4/21
f 34/31/34 19/6/19 20/30/20
f 19/8/19 32/32/32 18/11/18
f 32/32/32 17/13/17 18/11/18
f 31/33/31 15/34/15 17/13/17
f 23/17/23 42/35/42 37/36/37
f 28/16/28 41/37/41 42/35/42
f 41/37/41 26/20/26 40/38/40
f 26/23/26 39/39/39 40/40/40
f 39/39/39 24/25/24 38/41/38
f 38/41/38 22/27/22 36/42/36
f 44/43/44 35/29/35 30/28/30
f 35/29/35 48/44/48 34/31/34
f 34/31/34 47/45/47 33/46/33
f 47/47/47 32/32/32 33/48/33
f 32/32/32 45/49/45 31/33/31
f 45/49/45 29/50/29 31/33/31
f 37/36/37 56/51/56 51/52/51
f 42/35/42 55/53/55 56/51/56
f 41/37/41 54/54/54 55/53/55
f 40/40/40 53/55/53 54/56/54
f 39/39/39 52/57/52 53/55/53
f 52/57/52 36/42/36 50/58/50
f 58/59/58 49/60/49 44/43/44
f 63/61/63 48/44/48 49/60/49
f 62/62/62 47/45/47 48/44/48
f 61/63/61 46/64/46 47/47/47
f 46/64/46 59/65/59 45/49/45
f 59/65/59 43/66/43 45/49/45
f 51/52/51 70/67/70 65/68/65
f 56/51/56 69/69/69 70/67/70
f 55/53/55 68/70/68 69/69/69
f 54/56/54 67/71/67 68/72/68
f 53/55/53 66/73/66 67/71/67
f 66/73/66 50/58/50 64/74/64
f 72/75/72 63/61/63 58/59/58
f 77/76/77 62/62/62 63/61/63
f 62/62/62 75/77/75 61/78/61
f 75/79/75 60/80/60 61/63/61
f 60/80/60 73/81/73 59/65/59
f 73/81/73 57/82/57 59/65/59
f 65/68/65 84/83/84 79/84/79
f 70/67/70 83/85/83 84/83/84
f 69/69/69 82/86/82 83/85/83
f 68/72/68 81/87/81 82/88/82
f 81/87/81 66/73/66 80/89/80
f 66/73/66 78/90/78 80/89/80
f 86/91/86 77/76/77 72/75/72
f 91/92/91 76/93/76 77/76/77
f 90/94/90 75/77/75 76/93/76
f 89/95/89 74/96/74 75/79/75
f 88/97/88 73/81/73 74/96/74
f 87/98/87 71/99/71 73/81/73
f 93/100/93 84/83/84 98/101/98
f 98/101/98 83/85/83 97/102/97
f 83/85/83 96/103/96 97/102/97
f 82/88/82 95/104/95 96/105/96
f 81/87/81 94/106/94 95/104/95
f 80/89/80 92/107/92 94/106/94
f 86/91/86 105/108/105 91/92/91
f 91/92/91 104/109/104 90/94/90
f 104/109/104 89/110/89 90/94/90
f 103/111/103 88/97/88 89/95/89
f 102/112/102 87/98/87 88/97/88
f 101/113/101 85/114/85 87/98/87
f 93/100/93 112/115/112 107/116/107
f 98/101/98 111/117/111 112/115/112
f 97/102/97 110/118/110 111/117/111
f 96/105/96 109/119/109 110/120/110
f 95/104/95 108/121/108 109/119/109
f 94/106/94 106/122/106 108/121/108
f 114/123/114 105/108/105 100/124/100
f 119/125/119 104/109/104 105/108/105
f 118/126/118 103/127/103 104/109/104
f 117/128/117 102/112/102 103/111/103
f 102/112/102 115/129/115 101/113/101
f 115/129/115 99/130/99 101/113/101
f 107/116/107 126/131/126 121/132/121
f 112/115/112 125/133/125 126/131/126
f 125/133/125 110/118/110 124/134/124
f 110/120/110 123/135/123 124/136/124
f 123/135/123 108/121/108 122/137/122
f 108/121/108 120/138/120 122/137/122
f 128/139/128 119/125/119 114/123/114
f 133/140/133 118/126/118 119/125/119
f 132/141/132 117/142/117 118/126/118
f 131/143/131 116/144/116 117/128/117
f 130/145/130 115/129/115 116/144/116
f 115/129/115 127/146/127 113/147/113
f 121/132/121 140/148/140 135/149/135
f 126/131/126 139/150/139 140/148/140
f 125/133/125 138/151/138 139/150/139
f 124/136/124 137/152/137 138/153/138
f 137/152/137 122/137/122 136/154/136
f 122/137/122 134/155/134 136/154/136
f 142/156/142 133/140/133 128/139/128
f 147/157/147 132/141/132 133/140/133
f 146/158/146 131/159/131 132/141/132
f 145/160/145 130/145/130 131/143/131
f 144/161/144 129/162/129 130/145/130
f 129/162/129 141/163/141 127/146/127
f 135/149/135 154/164/154 149/165/149
f 154/164/154 139/150/139 153/166/153
f 153/166/153 138/151/138 152/167/152
f 138/153/138 151/168/151 152/169/152
f 151/168/151 136/154/136 150/170/150
f 136/154/136 148/171/148 150/170/150
f 156/172/156 147/157/147 142/156/142
f 161/173/161 146/158/146 147/157/147
f 146/158/146 159/174/159 145/175/145
f 159/176/159 144/161/144 145/160/145
f 144/161/144 157/177/157 143/178/143
f 143/178/143 155/179/155 141/163/141
f 149/165/149 168/180/168 163/181/163
f 154/164/154 167/182/167 168/180/168
f 153/166/153 166/183/166 167/182/167
f 166/184/166 151/168/151 165/185/165
f 151/168/151 164/186/164 165/185/165
f 150/170/150 162/187/162 164/186/164
f 170/188/170 161/173/161 156/172/156
f 161/173/161 174/189/174 160/190/160
f 174/189/174 159/174/159 160/190/160
f 173/191/173 158/192/158 159/176/159
f 158/192/158 171/193/171 157/177/157
f 157/177/157 169/194/169 155/179/155
f 163/181/163 182/195/182 177/196/177
f 168/180/168 181/197/181 182/195/182
f 181/197/181 166/183/166 180/198/180
f 166/184/166 179/199/179 180/200/180
f 165/185/165 178/201/178 179/199/179
f 164/186/164 176/202/176 178/201/178
f 184/203/184 175/204/175 170/188/170
f 189/205/189 174/189/174 175/204/175
f 174/189/174 187/206/187 173/207/173
f 187/208/187 172/209/172 173/191/173
f 186/210/186 171/193/171 172/209/172
f 185/211/185 169/194/169 171/193/171
f 177/196/177 196/212/196 191/213/191
f 196/212/196 181/197/181 195/214/195
f 181/197/181 194/215/194 195/214/195
f 180/200/180 193/216/193 194/217/194
f 193/216/193 178/201/178 192/218/192
f 192/218/192 176/202/176 190/219/190
f 198/220/198 189/205/189 184/203/184
f 203/221/203 188/222/188 189/205/189
f 202/223/202 187/206/187 188/222/188
f 187/208/187 200/224/200 186/210/186
f 200/224/200 185/211/185 186/210/186
f 199/225/199 183/226/183 185/211/185
f 191/213/191 210/227/210 205/228/205
f 196/212/196 209/229/209 210/227/210
f 209/229/209 194/215/194 208/230/208
f 194/217/194 207/231/207 208/232/208
f 207/231/207 192/218/192 206/233/206
f 206/233/206 190/219/190 204/234/204
f 212/235/212 203/221/203 198/220/198
f 203/221/203 216/236/216 202/223/202
f 202/223/202 215/237/215 201/238/201
f 215/239/215 200/224/200 201/240/201
f 200/224/200 213/241/213 199/225/199
f 213/241/213 197/242/197 199/225/199
f 205/228/205 224/243/224 219/244/219
f 210/227/210 223/245/223 224/243/224
f 209/229/209 222/246/222 223/245/223
f 208/232/208 221/247/221 222/248/222
f 207/231/207 220/249/220 221/247/221
f 220/249/220 204/234/204 218/250/218
f 226/251/226 217/252/217 212/235/212
f 231/253/231 216/236/216 217/252/217
f 230/254/230 215/237/215 216/236/216
f 229/255/229 214/256/214 215/239/215
f 214/256/214 227/257/227 213/241/213
f 227/257/227 211/258/211 213/241/213
f 219/244/219 238/259/238 233/260/233
f 224/243/224 237/261/237 238/259/238
f 223/245/223 236/262/236 237/261/237
f 222/248/222 235/263/235 236/264/236
f 221/247/221 234/265/234 235/263/235
f 234/265/234 218/250/218 232/266/232
f 240/267/240 231/253/231 226/251/226
f 245/268/245 230/254/230 231/253/231
f 230/254/230 243/269/243 229/270/229
f 243/271/243 228/272/228 229/255/229
f 228/272/228 241/273/241 227/257/227
f 241/273/241 225/274/225 227/257/227
f 233/260/233 252/275/252 247/276/247
f 238/259/238 251/277/251 252/275/252
f 237/261/237 250/278/250 251/277/251
f 236/264/236 249/279/249 250/280/250
f 249/279/249 234/265/234 248/281/248
f 234/265/234 246/282/246 248/281/248
f 254/283/254 245/268/245 240/267/240
f 259/284/259 244/285/244 245/268/245
f 258/286/258 243/269/243 244/285/244
f 257/287/257 242/288/242 243/271/243
f 256/289/256 241/273/241 242/288/242
f 255/290/255 239/291/239 241/273/241
f 261/292/261 252/275/252 266/293/266
f 266/293/266 251/277/251 265/294/265
f 251/277/251 264/295/264 265/294/265
f 250/280/250 263/296/263 264/297/264
f 249/279/249 262/298/262 263/296/263
f 248/281/248 260/299/260 262/298/262
f 254/283/254 273/300/273 259/284/259
f 259/284/259 272/301/272 258/286/258
f 272/301/272 257/302/257 258/286/258
f 271/303/271 256/289/256 257/287/257
f 270/304/270 255/290/255 256/289/256
f 269/305/269 253/306/253 255/290/255
f 261/292/261 280/307/280 275/308/275
f 266/293/266 279/309/279 280/307/280
f 265/294/265 278/310/278 279/309/279
f 264/297/264 277/311/277 278/312/278
f 263/296/263 276/313/276 277/311/277
f 262/298/262 274/314/274 276/313/276
f 282/315/282 273/300/273 268/316/268
f 287/317/287 272/301/272 273/300/273
f 286/318/286 271/319/271 272/301/272
f 285/320/285 270/304/270 271/303/271
f 270/304/270 283/321/283 269/305/269
f 283/321/283 267/322/267 269/305/269
f 275/308/275 294/323/294 289/324/289
f 280/307/280 293/325/293 294/323/294
f 293/325/293 278/310/278 292/326/292
f 278/312/278 291/327/291 292/328/292
f 291/327/291 276/313/276 290/329/290
f 276/313/276 288/330/288 290/329/290
f 296/331/296 287/317/287 282/315/282
f 301/332/301 286/318/286 287/317/287
f 300/333/300 285/334/285 286/318/286
f 299/335/299 284/336/284 285/320/285
f 298/337/298 283/321/283 284/336/284
f 283/321/283 295/338/295 281/339/281
f 289/324/289 308/340/308 303/341/303
f 294/323/294 307/342/307 308/340/308
f 293/325/293 306/343/306 307/342/307
f 292/328/292 305/344/305 306/345/306
f 305/344/305 290/329/290 304/346/304
f 290/329/290 302/347/302 304/346/304
f 310/348/310 301/332/301 296/331/296
f 315/349/315 300/333/300 301/332/301
f 314/350/314 299/351/299 300/333/300
f 313/352/313 298/337/298 299/335/299
f 312/353/312 297/354/297 298/337/298
f 297/354/297 309/355/309 295/338/295
f 303/341/303 322/356/322 317/357/317
f 322/356/322 307/342/307 321/358/321
f 321/358/321 306/343/306 320/359/320
f 306/345/306 319/360/319 320/361/320
f 319/360/319 304/346/304 318/362/318
f 304/346/304 316/363/316 318/362/318
f 324/364/324 315/349/315 310/348/310
f 329/365/329 314/350/314 315/349/315
f 314/350/314 327/366/327 313/367/313
f 327/368/327 312/353/312 313/352/313
f 312/353/312 325/369/325 311/370/311
f 311/370/311 323/371/323 309/355/309
f 317/357/317 336/372/336 331/373/331
f 322/356/322 335/374/335 336/372/336
f 321/358/321 334/375/334 335/374/335
f 334/376/334 319/360/319 333/377/333
f 319/360/319 332/378/332 333/377/333
f 318/362/318 330/379/330 332/378/332
f 338/380/338 329/365/329 324/364/324
f 329/365/329 342/381/342 328/382/328
f 342/381/342 327/366/327 328/382/328
f 341/383/341 326/384/326 327/368/327
f 326/384/326 339/385/339 325/369/325
f 325/369/325 337/386/337 323/371/323
f 331/373/331 350/387/350 345/388/345
f 336/372/336 349/389/349 350/387/350
f 349/389/349 334/375/334 348/390/348
f 334/376/334 347/391/347 348/392/348
f 333/377/333 346/393/346 347/391/347
f 332/378/332 344/394/344 346/393/346
f 352/395/352 343/396/343 338/380/338
f 357/397/357 342/381/342 343/396/343
f 342/381/342 355/398/355 341/399/341
f 355/400/355 340/401/340 341/383/341
f 354/402/354 339/385/339 340/401/340
f 353/403/353 337/386/337 339/385/339
f 345/388/345 364/404/364 359/405/359
f 364/404/364 349/389/349 363/406/363
f 349/389/349 362/407/362 363/406/363
f 348/392/348 361/408/361 362/409/362
f 361/408/361 346/393/346 360/410/360
f 360/410/360 344/394/344 358/411/358
f 366/412/366 357/397/357 352/395/352
f 371/413/371 356/414/356 357/397/357
f 370/415/370 355/398/355 356/414/356
f 355/400/355 368/416/368 354/402/354
f 368/416/368 353/403/353 354/402/354
f 367/417/367 351/418/351 353/403/353
f 359/405/359 378/419/378 373/420/373
f 364/404/364 377/421/377 378/419/378
f 377/421/377 362/407/362 376/422/376
f 362/409/362 375/423/375 376/424/376
f 375/423/375 360/410/360 374/425/374
f 374/425/374 358/411/358 372/426/372
f 380/427/380 371/413/371 366/412/366
f 371/413/371 384/428/384 370/415/370
f 370/415/370 383/429/383 369/430/369
f 383/431/383 368/416/368 369/432/369
f 368/416/368 381/433/381 367/417/367
f 381/433/381 365/434/365 367/417/367
f 373/420/373 392/435/392 387/436/387
f 378/419/378 391/437/391 392/435/392
f 377/421/377 390/438/390 391/437/391
f 376/424/376 389/439/389 390/440/390
f 375/423/375 388/441/388 389/439/389
f 388/441/388 372/426/372 386/442/386
f 394/443/394 385/444/385 380/427/380
f 399/445/399 384/428/384 385/444/385
f 398/446/398 383/429/383 384/428/384
f 397/447/397 382/448/382 383/431/383
f 382/448/382 395/449/395 381/433/381
f 395/449/395 379/450/379 381/433/381
f 387/436/387 406/451/406 401/452/401
f 392/435/392 405/453/405 406/451/406
f 391/437/391 404/454/404 405/453/405
f 390/440/390 403/455/403 404/456/404
f 389/439/389 402/457/402 403/455/403
f 402/457/402 386/442/386 400/458/400
f 408/459/408 399/445/399 394/443/394
f 413/460/413 398/446/398 399/445/399
f 398/446/398 411/461/411 397/462/397
f 411/463/411 396/464/396 397/447/397
f 396/464/396 409/465/409 395/449/395
f 409/465/409 393/466/393 395/449/395
f 401/452/401 420/467/420 415/468/415
f 406/451/406 419/469/419 420/467/420
f 405/453/405 418/470/418 419/469/419
f 404/456/404 417/471/417 418/472/418
f 417/471/417 402/457/402 416/473/416
f 402/457/402 414/474/414 416/473/416
f 422/475/422 413/460/413 408/459/408
f 427/476/427 412/477/412 413/460/413
f 426/478/426 411/461/411 412/477/412
f 425/479/425 410/480/410 411/463/411
f 424/481/424 409/465/409 410/480/410
f 423/482/423 407/483/407 409/465/409
f 429/484/429 420/467/420 434/485/434
f 434/485/434 419/469/419 433/486/433
f 419/469/419 432/487/432 433/486/433
f 418/472/418 431/488/431 432/489/432
f 417/471/417 430/490/430 431/488/431
f 416/473/416 428/491/428 430/490/430
f 422/475/422 441/492/441 427/476/427
f 427/476/427 440/493/440 426/478/426
f 440/493/440 425/494/425 426/478/426
f 439/495/439 424/481/424 425/479/425
f 438/496/438 423/482/423 424/481/424
f 437/497/437 421/498/421 423/482/423
f 429/484/429 448/499/448 443/500/443
f 434/485/434 447/501/447 448/499/448
f 433/486/433 446/502/446 447/501/447
f 432/489/432 445/503/445 446/504/446
f 431/488/431 444/505/444 445/503/445
f 430/490/430 442/506/442 444/505/444
f 450/507/450 441/492/441 436/508/436
f 455/509/455 440/493/440 441/492/441
f 454/510/454 439/511/439 440/493/440
f 453/512/453 438/496/438 439/495/439
f 438/496/438 451/513/451 437/497/437
f 451/513/451 435/514/435 437/497/437
f 443/500/443 462/515/462 457/516/457
f 448/499/448 461/517/461 462/515/462
f 461/517/461 446/502/446 460/518/460
f 446/504/446 459/519/459 460/520/460
f 459/519/459 444/505/444 458/521/458
f 444/505/444 456/522/456 458/521/458
f 464/523/464 455/509/455 450/507/450
f 469/524/469 454/510/454 455/509/455
f 468/525/468 453/526/453 454/510/454
f 467/527/467 452/528/452 453/512/453
f 466/529/466 451/513/451 452/528/452
f 451/513/451 463/530/463 449/531/449
f 457/516/457 476/532/476 471/533/471
f 462/515/462 475/534/475 476/532/476
f 461/517/461 474/535/474 475/534/475
f 460/520/460 473/536/473 474/537/474
f 473/536/473 458/521/458 472/538/472
f 458/521/458 470/539/470 472/538/472
f 478/540/478 469/524/469 464/523/464
f 483/541/483 468/525/468 469/524/469
f 482/542/482 467/543/467 468/525/468
f 481/544/481 466/529/466 467/527/467
f 480/545/480 465/546/465 466/529/466
f 465/546/465 477/547/477 463/530/463
f 471/533/471 490/548/490 485/549/485
f 490/548/490 475/534/475 489/550/489
f 489/550/489 474/535/474 488/551/488
f 474/537/474 487/552/487 488/553/488
f 487/552/487 472/538/472 486/554/486
f 472/538/472 484/555/484 486/554/486
f 492/556/492 483/541/483 478/540/478
f 497/557/497 482/542/482 483/541/483
f 482/542/482 495/558/495 481/559/481
f 495/560/495 480/545/480 481/544/481
f 480/545/480 493/561/493 479/562/479
f 479/562/479 491/563/491 477/547/477
f 485/549/485 504/564/504 499/565/499
f 490/548/490 503/566/503 504/564/504
f 489/550/489 502/567/502 503/566/503
f 502/568/502 487/552/487 501/569/501
f 487/552/487 500/570/500 501/569/501
f 486/554/486 498/571/498 500/570/500
f 506/572/506 497/557/497 492/556/492
f 497/557/497 510/573/510 496/574/496
f 510/573/510 495/558/495 496/574/496
f 509/575/509 494/576/494 495/560/495
f 494/576/494 507/577/507 493/561/493
f 493/561/493 505/578/505 491/563/491
f 499/565/499 518/579/518 513/580/513
f 504/564/504 517/581/517 518/579/518
f 517/581/517 502/567/502 516/582/516
f 502/568/502 515/583/515 516/584/516
f 501/569/501 514/585/514 515/583/515
f 500/570/500 512/586/512 514/585/514
f 520/587/520 511/588/511 506/572/506
f 525/589/525 510/573/510 511/588/511
f 510/573/510 523/590/523 509/591/509
f 523/592/523 508/593/508 509/575/509
f 522/594/522 507/577/507 508/593/508
f 521/595/521 505/578/505 507/577/507
f 513/580/513 532/596/532 527/597/527
f 532/596/532 517/581/517 531/598/531
f 517/581/517 530/599/530 531/598/531
f 516/584/516 529/600/529 530/601/530
f 529/600/529 514/585/514 528/602/528
f 528/602/528 512/586/512 526/603/526
f 534/604/534 525/589/525 520/587/520
f 539/605/539 524/606/524 525/589/525
f 538/607/538 523/590/523 524/606/524
f 523/592/523 536/608/536 522/594/522
f 536/608/536 521/595/521 522/594/522
f 535/609/535 519/610/519 521/595/521
f 527/597/527 546/611/546 541/612/541
f 532/596/532 545/613/545 546/611/546
f 545/613/545 530/599/530 544/614/544
f 530/601/530 543/615/543 544/616/544
f 543/615/543 528/602/528 542/617/542
f 542/617/542 526/603/526 540/618/540
f 548/619/548 539/605/539 534/604/534
f 539/605/539 552/620/552 538/607/538
f 538/607/538 551/621/551 537/622/537
f 551/623/551 536/608/536 537/624/537
f 536/608/536 549/625/549 535/609/535
f 549/625/549 533/626/533 535/609/535
f 541/612/541 560/627/560 555/628/555
f 546/611/546 559/629/559 560/627/560
f 545/613/545 558/630/558 559/629/559
f 544/616/544 557/631/557 558/632/558
f 543/615/543 556/633/556 557/631/557
f 556/633/556 540/618/540 554/634/554
f 562/635/562 553/636/553 548/619/548
f 567/637/567 552/620/552 553/636/553
f 566/638/566 551/621/551 552/620/552
f 565/639/565 550/640/550 551/623/551
f 550/640/550 563/641/563 549/625/549
f 563/641/563 547/642/547 549/625/549
f 555/628/555 574/643/574 569/644/569
f 560/627/560 573/645/573 574/643/574
f 559/629/559 572/646/572 573/645/573
f 558/632/558 571/647/571 572/648/572
f 557/631/557 570/649/570 571/647/571
f 570/649/570 554/634/554 568/650/568
f 576/651/576 567/637/567 562/635/562
f 581/652/581 566/638/566 567/637/567
f 566/638/566 579/653/579 565/654/565
f 579/655/579 564/656/564 565/639/565
f 564/656/564 577/657/577 563/641/563
f 577/657/577 561/658/561 563/641/563
f 569/644/569 588/659/588 583/660/583
f 574/643/574 587/661/587 588/659/588
f 573/645/573 586/662/586 587/661/587
f 572/648/572 585/663/585 586/664/586
f 585/663/585 570/649/570 584/665/584
f 570/649/570 582/666/582 584/665/584
f 590/667/590 581/652/581 576/651/576
f 595/668/595 580/669/580 581/652/581
f 594/670/594 579/653/579 580/669/580
f 593/671/593 578/672/578 579/655/579
f 592/673/592 577/657/577 578/672/578
f 591/674/591 575/675/575 577/657/577
f 597/676/597 588/659/588 602/677/602
f 602/677/602 587/661/587 601/678/601
f 587/661/587 600/679/600 601/678/601
f 586/664/586 599/680/599 600/681/600
f 585/663/585 598/682/598 599/680/599
f 584/665/584 596/683/596 598/682/598
f 590/667/590 609/684/609 595/668/595
f 595/668/595 608/685/608 594/670/594
f 608/685/608 593/686/593 594/670/594
f 607/687/607 592/673/592 593/671/593
f 606/688/606 591/674/591 592/673/592
f 605/689/605 589/690/589 591/674/591
f 597/676/597 616/691/616 611/692/611
f 602/677/602 615/693/615 616/691/616
f 601/678/601 614/694/614 615/693/615
f 600/681/600 613/695/613 614/696/614
f 599/680/599 612/697/612 613/695/613
f 598/682/598 610/698/610 612/697/612
f 618/699/618 609/684/609 604/700/604
f 623/701/623 608/685/608 609/684/609
f 622/702/622 607/703/607 608/685/608
f 621/704/621 606/688/606 607/687/607
f 606/688/606 619/705/619 605/689/605
f 619/705/619 603/706/603 605/689/605
f 611/692/611 630/707/630 625/708/625
f 616/691/616 629/709/629 630/707/630
f 629/709/629 614/694/614 628/710/628
f 614/696/614 627/711/627 628/712/628
f 627/711/627 612/697/612 626/713/626
f 612/697/612 624/714/624 626/713/626
f 632/715/632 623/701/623 618/699/618
f 637/716/637 622/702/622 623/701/623
f 636/717/636 621/718/621 622/702/622
f 635/719/635 620/720/620 621/704/621
f 634/721/634 619/705/619 620/720/620
f 619/705/619 631/722/631 617/723/617
f 625/708/625 644/724/644 639/725/639
f 630/707/630 643/726/643 644/724/644
f 629/709/629 642/727/642 643/726/643
f 628/712/628 641/728/641 642/729/642
f 641/728/641 626/713/626 640/730/640
f 626/713/626 638/731/638 640/730/640
f 646/732/646 637/716/637 632/715/632
f 651/733/651 636/717/636 637/716/637
f 650/734/650 635/735/635 636/717/636
f 649/736/649 634/721/634 635/719/635
f 648/737/648 633/738/633 634/721/634
f 633/738/633 645/739/645 631/722/631
f 639/725/639 658/740/658 653/741/653
f 658/740/658 643/726/643 657/742/657
f 657/742/657 642/727/642 656/743/656
f 642/729/642 655/744/655 656/745/656
f 655/744/655 640/730/640 654/746/654
f 640/730/640 652/747/652 654/746/654
f 660/748/660 651/733/651 646/732/646
f 665/749/665 650/734/650 651/733/651
f 650/734/650 663/750/663 649/751/649
f 663/752/663 648/737/648 649/736/649
f 648/737/648 661/753/661 647/754/647
f 647/754/647 659/755/659 645/739/645
f 653/741/653 672/756/672 667/757/667
f 658/740/658 671/758/671 672/756/672
f 657/742/657 670/759/670 671/758/671
f 670/760/670 655/744/655 669/761/669
f 655/744/655 668/762/668 669/761/669
f 654/746/654 666/763/666 668/762/668
f 2/764/2 665/749/665 660/748/660
f 665/749/665 6/765/6 664/766/664
f 6/765/6 663/750/663 664/766/664
f 5/10/5 662/767/662 663/752/663
f 662/767/662 3/12/3 661/753/661
f 661/753/661 1/14/1 659/755/659
f 667/757/667 14/768/14 9/769/9
f 672/756/672 13/770/13 14/768/14
f 13/770/13 670/759/670 12/771/12
f 670/760/670 11/772/11 12/21/12
f 669/761/669 10/24/10 11/772/11
f 668/762/668 8/26/8 10/24/10
f 211/258/211 435/514/435 659/755/659
f 9/15/9 16/1/16 2/3/2
f 667/757/667 2/764/2 660/748/660
f 484/555/484 260/299/260 36/42/36
f 23/17/23 30/28/30 16/1/16
f 37/36/37 44/43/44 30/28/30
f 51/52/51 58/59/58 44/43/44
f 65/68/65 72/75/72 58/59/58
f 79/84/79 86/91/86 72/75/72
f 93/100/93 100/124/100 86/91/86
f 107/116/107 114/123/114 100/124/100
f 121/132/121 128/139/128 114/123/114
f 135/149/135 142/156/142 128/139/128
f 149/165/149 156/172/156 142/156/142
f 163/181/163 170/188/170 156/172/156
f 177/196/177 184/203/184 170/188/170
f 191/213/191 198/220/198 184/203/184
f 205/228/205 212/235/212 198/220/198
f 219/244/219 226/251/226 212/235/212
f 233/260/233 240/267/240 226/251/226
f 247/276/247 254/283/254 240/267/240
f 261/292/261 268/316/268 254/283/254
f 275/308/275 282/315/282 268/316/268
f 289/324/289 296/331/296 282/315/282
f 303/341/303 310/348/310 296/331/296
f 317/357/317 324/364/324 310/348/310
f 331/373/331 338/380/338 324/364/324
f 345/388/345 352/395/352 338/380/338
f 359/405/359 366/412/366 352/395/352
f 373/420/373 380/427/380 366/412/366
f 387/436/387 394/443/394 380/427/380
f 401/452/401 408/459/408 394/443/394
f 415/468/415 422/475/422 408/459/408
f 429/484/429 436/508/436 422/475/422
f 443/500/443 450/507/450 436/508/436
f 457/516/457 464/523/464 450/507/450
f 471/533/471 478/540/478 464/523/464
f 485/549/485 492/556/492 478/540/478
f 499/565/499 506/572/506 492/556/492
f 513/580/513 520/587/520 506/572/506
f 527/597/527 534/604/534 520/587/520
f 541/612/541 548/619/548 534/604/534
f 555/628/555 562/635/562 548/619/548
f 569/644/569 576/651/576 562/635/562
f 583/660/583 590/667/590 576/651/576
f 597/676/597 604/700/604 590/667/590
f 611/692/611 618/699/618 604/700/604
f 625/708/625 632/715/632 618/699/618
f 639/725/639 646/732/646 632/715/632
f 653/741/653 660/748/660 646/732/646
f 16/1/16 21/4/21 7/2/7
f 21/4/21 20/30/20 6/5/6
f 6/5/6 20/30/20 19/6/19
f 19/8/19 18/11/18 4/9/4
f 18/11/18 17/13/17 3/12/3
f 17/13/17 15/34/15 1/14/1
f 9/15/9 14/773/14 28/16/28
f 28/16/28 14/773/14 13/18/13
f 13/18/13 12/774/12 26/20/26
f 12/21/12 11/772/11 25/22/25
f 25/22/25 11/772/11 10/24/10
f 24/25/24 10/24/10 8/26/8
f 30/28/30 35/29/35 21/4/21
f 35/29/35 34/31/34 20/30/20
f 34/31/34 33/46/33 19/6/19
f 19/8/19 33/48/33 32/32/32
f 32/32/32 31/33/31 17/13/17
f 31/33/31 29/50/29 15/34/15
f 23/17/23 28/16/28 42/35/42
f 28/16/28 27/19/27 41/37/41
f 41/37/41 27/19/27 26/20/26
f 26/23/26 25/22/25 39/39/39
f 39/39/39 25/22/25 24/25/24
f 38/41/38 24/25/24 22/27/22
f 44/43/44 49/60/49 35/29/35
f 35/29/35 49/60/49 48/44/48
f 34/31/34 48/44/48 47/45/47
f 47/47/47 46/64/46 32/32/32
f 32/32/32 46/64/46 45/49/45
f 45/49/45 43/66/43 29/50/29
f 37/36/37 42/35/42 56/51/56
f 42/35/42 41/37/41 55/53/55
f 41/37/41 40/38/40 54/54/54
f 40/40/40 39/39/39 53/55/53
f 39/39/39 38/41/38 52/57/52
f 52/57/52 38/41/38 36/42/36
f 58/59/58 63/61/63 49/60/49
f 63/61/63 62/62/62 48/44/48
f 62/62/62 61/78/61 47/45/47
f 61/63/61 60/80/60 46/64/46
f 46/64/46 60/80/60 59/65/59
f 59/65/59 57/82/57 43/66/43
f 51/52/51 56/51/56 70/67/70
f 56/51/56 55/53/55 69/69/69
f 55/53/55 54/54/54 68/70/68
f 54/56/54 53/55/53 67/71/67
f 53/55/53 52/57/52 66/73/66
f 66/73/66 52/57/52 50/58/50
f 72/75/72 77/76/77 63/61/63
f 77/76/77 76/93/76 62/62/62
f 62/62/62 76/93/76 75/77/75
f 75/79/75 74/96/74 60/80/60
f 60/80/60 74/96/74 73/81/73
f 73/81/73 71/99/71 57/82/57
f 65/68/65 70/67/70 84/83/84
f 70/67/70 69/69/69 83/85/83
f 69/69/69 68/70/68 82/86/82
f 68/72/68 67/71/67 81/87/81
f 81/87/81 67/71/67 66/73/66
f 66/73/66 64/74/64 78/90/78
f 86/91/86 91/92/91 77/76/77
f 91/92/91 90/94/90 76/93/76
f 90/94/90 89/110/89 75/77/75
f 89/95/89 88/97/88 74/96/74
f 88/97/88 87/98/87 73/81/73
f 87/98/87 85/114/85 71/99/71
f 93/100/93 79/84/79 84/83/84
f 98/101/98 84/83/84 83/85/83
f 83/85/83 82/86/82 96/103/96
f 82/88/82 81/87/81 95/104/95
f 81/87/81 80/89/80 94/106/94
f 80/89/80 78/90/78 92/107/92
f 86/91/86 100/124/100 105/108/105
f 91/92/91 105/108/105 104/109/104
f 104/109/104 103/127/103 89/110/89
f 103/111/103 102/112/102 88/97/88
f 102/112/102 101/113/101 87/98/87
f 101/113/101 99/130/99 85/114/85
f 93/100/93 98/101/98 112/115/112
f 98/101/98 97/102/97 111/117/111
f 97/102/97 96/103/96 110/118/110
f 96/105/96 95/104/95 109/119/109
f 95/104/95 94/106/94 108/121/108
f 94/106/94 92/107/92 106/122/106
f 114/123/114 119/125/119 105/108/105
f 119/125/119 118/126/118 104/109/104
f 118/126/118 117/142/117 103/127/103
f 117/128/117 116/144/116 102/112/102
f 102/112/102 116/144/116 115/129/115
f 115/129/115 113/147/113 99/130/99
f 107/116/107 112/115/112 126/131/126
f 112/115/112 111/117/111 125/133/125
f 125/133/125 111/117/111 110/118/110
f 110/120/110 109/119/109 123/135/123
f 123/135/123 109/119/109 108/121/108
f 108/121/108 106/122/106 120/138/120
f 128/139/128 133/140/133 119/125/119
f 133/140/133 132/141/132 118/126/118
f 132/141/132 131/159/131 117/142/117
f 131/143/131 130/145/130 116/144/116
f 130/145/130 129/162/129 115/129/115
f 115/129/115 129/162/129 127/146/127
f 121/132/121 126/131/126 140/148/140
f 126/131/126 125/133/125 139/150/139
f 125/133/125 124/134/124 138/151/138
f 124/136/124 123/135/123 137/152/137
f 137/152/137 123/135/123 122/137/122
f 122/137/122 120/138/120 134/155/134
f 142/156/142 147/157/147 133/140/133
f 147/157/147 146/158/146 132/141/132
f 146/158/146 145/175/145 131/159/131
f 145/160/145 144/161/144 130/145/130
f 144/161/144 143/178/143 129/162/129
f 129/162/129 143/178/143 141/163/141
f 135/149/135 140/148/140 154/164/154
f 154/164/154 140/148/140 139/150/139
f 153/166/153 139/150/139 138/151/138
f 138/153/138 137/152/137 151/168/151
f 151/168/151 137/152/137 136/154/136
f 136/154/136 134/155/134 148/171/148
f 156/172/156 161/173/161 147/157/147
f 161/173/161 160/190/160 146/158/146
f 146/158/146 160/190/160 159/174/159
f 159/176/159 158/192/158 144/161/144
f 144/161/144 158/192/158 157/177/157
f 143/178/143 157/177/157 155/179/155
f 149/165/149 154/164/154 168/180/168
f 154/164/154 153/166/153 167/182/167
f 153/166/153 152/167/152 166/183/166
f 166/184/166 152/169/152 151/168/151
f 151/168/151 150/170/150 164/186/164
f 150/170/150 148/171/148 162/187/162
f 170/188/170 175/204/175 161/173/161
f 161/173/161 175/204/175 174/189/174
f 174/189/174 173/207/173 159/174/159
f 173/191/173 172/209/172 158/192/158
f 158/192/158 172/209/172 171/193/171
f 157/177/157 171/193/171 169/194/169
f 163/181/163 168/180/168 182/195/182
f 168/180/168 167/182/167 181/197/181
f 181/197/181 167/182/167 166/183/166
f 166/184/166 165/185/165 179/199/179
f 165/185/165 164/186/164 178/201/178
f 164/186/164 162/187/162 176/202/176
f 184/203/184 189/205/189 175/204/175
f 189/205/189 188/222/188 174/189/174
f 174/189/174 188/222/188 187/206/187
f 187/208/187 186/210/186 172/209/172
f 186/210/186 185/211/185 171/193/171
f 185/211/185 183/226/183 169/194/169
f 177/196/177 182/195/182 196/212/196
f 196/212/196 182/195/182 181/197/181
f 181/197/181 180/198/180 194/215/194
f 180/200/180 179/199/179 193/216/193
f 193/216/193 179/199/179 178/201/178
f 192/218/192 178/201/178 176/202/176
f 198/220/198 203/221/203 189/205/189
f 203/221/203 202/223/202 188/222/188
f 202/223/202 201/238/201 187/206/187
f 187/208/187 201/240/201 200/224/200
f 200/224/200 199/225/199 185/211/185
f 199/225/199 197/242/197 183/226/183
f 191/213/191 196/212/196 210/227/210
f 196/212/196 195/214/195 209/229/209
f 209/229/209 195/214/195 194/215/194
f 194/217/194 193/216/193 207/231/207
f 207/231/207 193/216/193 192/218/192
f 206/233/206 192/218/192 190/219/190
f 212/235/212 217/252/217 203/221/203
f 203/221/203 217/252/217 216/236/216
f 202/223/202 216/236/216 215/237/215
f 215/239/215 214/256/214 200/224/200
f 200/224/200 214/256/214 213/241/213
f 213/241/213 211/258/211 197/242/197
f 205/228/205 210/227/210 224/243/224
f 210/227/210 209/229/209 223/245/223
f 209/229/209 208/230/208 222/246/222
f 208/232/208 207/231/207 221/247/221
f 207/231/207 206/233/206 220/249/220
f 220/249/220 206/233/206 204/234/204
f 226/251/226 231/253/231 217/252/217
f 231/253/231 230/254/230 216/236/216
f 230/254/230 229/270/229 215/237/215
f 229/255/229 228/272/228 214/256/214
f 214/256/214 228/272/228 227/257/227
f 227/257/227 225/274/225 211/258/211
f 219/244/219 224/243/224 238/259/238
f 224/243/224 223/245/223 237/261/237
f 223/245/223 222/246/222 236/262/236
f 222/248/222 221/247/221 235/263/235
f 221/247/221 220/249/220 234/265/234
f 234/265/234 220/249/220 218/250/218
f 240/267/240 245/268/245 231/253/231
f 245/268/245 244/285/244 230/254/230
f 230/254/230 244/285/244 243/269/243
f 243/271/243 242/288/242 228/272/228
f 228/272/228 242/288/242 241/273/241
f 241/273/241 239/291/239 225/274/225
f 233/260/233 238/259/238 252/275/252
f 238/259/238 237/261/237 251/277/251
f 237/261/237 236/262/236 250/278/250
f 236/264/236 235/263/235 249/279/249
f 249/279/249 235/263/235 234/265/234
f 234/265/234 232/266/232 246/282/246
f 254/283/254 259/284/259 245/268/245
f 259/284/259 258/286/258 244/285/244
f 258/286/258 257/302/257 243/269/243
f 257/287/257 256/289/256 242/288/242
f 256/289/256 255/290/255 241/273/241
f 255/290/255 253/306/253 239/291/239
f 261/292/261 247/276/247 252/275/252
f 266/293/266 252/275/252 251/277/251
f 251/277/251 250/278/250 264/295/264
f 250/280/250 249/279/249 263/296/263
f 249/279/249 248/281/248 262/298/262
f 248/281/248 246/282/246 260/299/260
f 254/283/254 268/316/268 273/300/273
f 259/284/259 273/300/273 272/301/272
f 272/301/272 271/319/271 257/302/257
f 271/303/271 270/304/270 256/289/256
f 270/304/270 269/305/269 255/290/255
f 269/305/269 267/322/267 253/306/253
f 261/292/261 266/293/266 280/307/280
f 266/293/266 265/294/265 279/309/279
f 265/294/265 264/295/264 278/310/278
f 264/297/264 263/296/263 277/311/277
f 263/296/263 262/298/262 276/313/276
f 262/298/262 260/299/260 274/314/274
f 282/315/282 287/317/287 273/300/273
f 287/317/287 286/318/286 272/301/272
f 286/318/286 285/334/285 271/319/271
f 285/320/285 284/336/284 270/304/270
f 270/304/270 284/336/284 283/321/283
f 283/321/283 281/339/281 267/322/267
f 275/308/275 280/307/280 294/323/294
f 280/307/280 279/309/279 293/325/293
f 293/325/293 279/309/279 278/310/278
f 278/312/278 277/311/277 291/327/291
f 291/327/291 277/311/277 276/313/276
f 276/313/276 274/314/274 288/330/288
f 296/331/296 301/332/301 287/317/287
f 301/332/301 300/333/300 286/318/286
f 300/333/300 299/351/299 285/334/285
f 299/335/299 298/337/298 284/336/284
f 298/337/298 297/354/297 283/321/283
f 283/321/283 297/354/297 295/338/295
f 289/324/289 294/323/294 308/340/308
f 294/323/294 293/325/293 307/342/307
f 293/325/293 292/326/292 306/343/306
f 292/328/292 291/327/291 305/344/305
f 305/344/305 291/327/291 290/329/290
f 290/329/290 288/330/288 302/347/302
f 310/348/310 315/349/315 301/332/301
f 315/349/315 314/350/314 300/333/300
f 314/350/314 313/367/313 299/351/299
f 313/352/313 312/353/312 298/337/298
f 312/353/312 311/370/311 297/354/297
f 297/354/297 311/370/311 309/355/309
f 303/341/303 308/340/308 322/356/322
f 322/356/322 308/340/308 307/342/307
f 321/358/321 307/342/307 306/343/306
f 306/345/306 305/344/305 319/360/319
f 319/360/319 305/344/305 304/346/304
f 304/346/304 302/347/302 316/363/316
f 324/364/324 329/365/329 315/349/315
f 329/365/329 328/382/328 314/350/314
f 314/350/314 328/382/328 327/366/327
f 327/368/327 326/384/326 312/353/312
f 312/353/312 326/384/326 325/369/325
f 311/370/311 325/369/325 323/371/323
f 317/357/317 322/356/322 336/372/336
f 322/356/322 321/358/321 335/374/335
f 321/358/321 320/359/320 334/375/334
f 334/376/334 320/361/320 319/360/319
f 319/360/319 318/362/318 332/378/332
f 318/362/318 316/363/316 330/379/330
f 338/380/338 343/396/343 329/365/329
f 329/365/329 343/396/343 342/381/342
f 342/381/342 341/399/341 327/366/327
f 341/383/341 340/401/340 326/384/326
f 326/384/326 340/401/340 339/385/339
f 325/369/325 339/385/339 337/386/337
f 331/373/331 336/372/336 350/387/350
f 336/372/336 335/374/335 349/389/349
f 349/389/349 335/374/335 334/375/334
f 334/376/334 333/377/333 347/391/347
f 333/377/333 332/378/332 346/393/346
f 332/378/332 330/379/330 344/394/344
f 352/395/352 357/397/357 343/396/343
f 357/397/357 356/414/356 342/381/342
f 342/381/342 356/414/356 355/398/355
f 355/400/355 354/402/354 340/401/340
f 354/402/354 353/403/353 339/385/339
f 353/403/353 351/418/351 337/386/337
f 345/388/345 350/387/350 364/404/364
f 364/404/364 350/387/350 349/389/349
f 349/389/349 348/390/348 362/407/362
f 348/392/348 347/391/347 361/408/361
f 361/408/361 347/391/347 346/393/346
f 360/410/360 346/393/346 344/394/344
f 366/412/366 371/413/371 357/397/357
f 371/413/371 370/415/370 356/414/356
f 370/415/370 369/430/369 355/398/355
f 355/400/355 369/432/369 368/416/368
f 368/416/368 367/417/367 353/403/353
f 367/417/367 365/434/365 351/418/351
f 359/405/359 364/404/364 378/419/378
f 364/404/364 363/406/363 377/421/377
f 377/421/377 363/406/363 362/407/362
f 362/409/362 361/408/361 375/423/375
f 375/423/375 361/408/361 360/410/360
f 374/425/374 360/410/360 358/411/358
f 380/427/380 385/444/385 371/413/371
f 371/413/371 385/444/385 384/428/384
f 370/415/370 384/428/384 383/429/383
f 383/431/383 382/448/382 368/416/368
f 368/416/368 382/448/382 381/433/381
f 381/433/381 379/450/379 365/434/365
f 373/420/373 378/419/378 392/435/392
f 378/419/378 377/421/377 391/437/391
f 377/421/377 376/422/376 390/438/390
f 376/424/376 375/423/375 389/439/389
f 375/423/375 374/425/374 388/441/388
f 388/441/388 374/425/374 372/426/372
f 394/443/394 399/445/399 385/444/385
f 399/445/399 398/446/398 384/428/384
f 398/446/398 397/462/397 383/429/383
f 397/447/397 396/464/396 382/448/382
f 382/448/382 396/464/396 395/449/395
f 395/449/395 393/466/393 379/450/379
f 387/436/387 392/435/392 406/451/406
f 392/435/392 391/437/391 405/453/405
f 391/437/391 390/438/390 404/454/404
f 390/440/390 389/439/389 403/455/403
f 389/439/389 388/441/388 402/457/402
f 402/457/402 388/441/388 386/442/386
f 408/459/408 413/460/413 399/445/399
f 413/460/413 412/477/412 398/446/398
f 398/446/398 412/477/412 411/461/411
f 411/463/411 410/480/410 396/464/396
f 396/464/396 410/480/410 409/465/409
f 409/465/409 407/483/407 393/466/393
f 401/452/401 406/451/406 420/467/420
f 406/451/406 405/453/405 419/469/419
f 405/453/405 404/454/404 418/470/418
f 404/456/404 403/455/403 417/471/417
f 417/471/417 403/455/403 402/457/402
f 402/457/402 400/458/400 414/474/414
f 422/475/422 427/476/427 413/460/413
f 427/476/427 426/478/426 412/477/412
f 426/478/426 425/494/425 411/461/411
f 425/479/425 424/481/424 410/480/410
f 424/481/424 423/482/423 409/465/409
f 423/482/423 421/498/421 407/483/407
f 429/484/429 415/468/415 420/467/420
f 434/485/434 420/467/420 419/469/419
f 419/469/419 418/470/418 432/487/432
f 418/472/418 417/471/417 431/488/431
f 417/471/417 416/473/416 430/490/430
f 416/473/416 414/474/414 428/491/428
f 422/475/422 436/508/436 441/492/441
f 427/476/427 441/492/441 440/493/440
f 440/493/440 439/511/439 425/494/425
f 439/495/439 438/496/438 424/481/424
f 438/496/438 437/497/437 423/482/423
f 437/497/437 435/514/435 421/498/421
f 429/484/429 434/485/434 448/499/448
f 434/485/434 433/486/433 447/501/447
f 433/486/433 432/487/432 446/502/446
f 432/489/432 431/488/431 445/503/445
f 431/488/431 430/490/430 444/505/444
f 430/490/430 428/491/428 442/506/442
f 450/507/450 455/509/455 441/492/441
f 455/509/455 454/510/454 440/493/440
f 454/510/454 453/526/453 439/511/439
f 453/512/453 452/528/452 438/496/438
f 438/496/438 452/528/452 451/513/451
f 451/513/451 449/531/449 435/514/435
f 443/500/443 448/499/448 462/515/462
f 448/499/448 447/501/447 461/517/461
f 461/517/461 447/501/447 446/502/446
f 446/504/446 445/503/445 459/519/459
f 459/519/459 445/503/445 444/505/444
f 444/505/444 442/506/442 456/522/456
f 464/523/464 469/524/469 455/509/455
f 469/524/469 468/525/468 454/510/454
f 468/525/468 467/543/467 453/526/453
f 467/527/467 466/529/466 452/528/452
f 466/529/466 465/546/465 451/513/451
f 451/513/451 465/546/465 463/530/463
f 457/516/457 462/515/462 476/532/476
f 462/515/462 461/517/461 475/534/475
f 461/517/461 460/518/460 474/535/474
f 460/520/460 459/519/459 473/536/473
f 473/536/473 459/519/459 458/521/458
f 458/521/458 456/522/456 470/539/470
f 478/540/478 483/541/483 469/524/469
f 483/541/483 482/542/482 468/525/468
f 482/542/482 481/559/481 467/543/467
f 481/544/481 480/545/480 466/529/466
f 480/545/480 479/562/479 465/546/465
f 465/546/465 479/562/479 477/547/477
f 471/533/471 476/532/476 490/548/490
f 490/548/490 476/532/476 475/534/475
f 489/550/489 475/534/475 474/535/474
f 474/537/474 473/536/473 487/552/487
f 487/552/487 473/536/473 472/538/472
f 472/538/472 470/539/470 484/555/484
f 492/556/492 497/557/497 483/541/483
f 497/557/497 496/574/496 482/542/482
f 482/542/482 496/574/496 495/558/495
f 495/560/495 494/576/494 480/545/480
f 480/545/480 494/576/494 493/561/493
f 479/562/479 493/561/493 491/563/491
f 485/549/485 490/548/490 504/564/504
f 490/548/490 489/550/489 503/566/503
f 489/550/489 488/551/488 502/567/502
f 502/568/502 488/553/488 487/552/487
f 487/552/487 486/554/486 500/570/500
f 486/554/486 484/555/484 498/571/498
f 506/572/506 511/588/511 497/557/497
f 497/557/497 511/588/511 510/573/510
f 510/573/510 509/591/509 495/558/495
f 509/575/509 508/593/508 494/576/494
f 494/576/494 508/593/508 507/577/507
f 493/561/493 507/577/507 505/578/505
f 499/565/499 504/564/504 518/579/518
f 504/564/504 503/566/503 517/581/517
f 517/581/517 503/566/503 502/567/502
f 502/568/502 501/569/501 515/583/515
f 501/569/501 500/570/500 514/585/514
f 500/570/500 498/571/498 512/586/512
f 520/587/520 525/589/525 511/588/511
f 525/589/525 524/606/524 510/573/510
f 510/573/510 524/606/524 523/590/523
f 523/592/523 522/594/522 508/593/508
f 522/594/522 521/595/521 507/577/507
f 521/595/521 519/610/519 505/578/505
f 513/580/513 518/579/518 532/596/532
f 532/596/532 518/579/518 517/581/517
f 517/581/517 516/582/516 530/599/530
f 516/584/516 515/583/515 529/600/529
f 529/600/529 515/583/515 514/585/514
f 528/602/528 514/585/514 512/586/512
f 534/604/534 539/605/539 525/589/525
f 539/605/539 538/607/538 524/606/524
f 538/607/538 537/622/537 523/590/523
f 523/592/523 537/624/537 536/608/536
f 536/608/536 535/609/535 521/595/521
f 535/609/535 533/626/533 519/610/519
f 527/597/527 532/596/532 546/611/546
f 532/596/532 531/598/531 545/613/545
f 545/613/545 531/598/531 530/599/530
f 530/601/530 529/600/529 543/615/543
f 543/615/543 529/600/529 528/602/528
f 542/617/542 528/602/528 526/603/526
f 548/619/548 553/636/553 539/605/539
f 539/605/539 553/636/553 552/620/552
f 538/607/538 552/620/552 551/621/551
f 551/623/551 550/640/550 536/608/536
f 536/608/536 550/640/550 549/625/549
f 549/625/549 547/642/547 533/626/533
f 541/612/541 546/611/546 560/627/560
f 546/611/546 545/613/545 559/629/559
f 545/613/545 544/614/544 558/630/558
f 544/616/544 543/615/543 557/631/557
f 543/615/543 542/617/542 556/633/556
f 556/633/556 542/617/542 540/618/540
f 562/635/562 567/637/567 553/636/553
f 567/637/567 566/638/566 552/620/552
f 566/638/566 565/654/565 551/621/551
f 565/639/565 564/656/564 550/640/550
f 550/640/550 564/656/564 563/641/563
f 563/641/563 561/658/561 547/642/547
f 555/628/555 560/627/560 574/643/574
f 560/627/560 559/629/559 573/645/573
f 559/629/559 558/630/558 572/646/572
f 558/632/558 557/631/557 571/647/571
f 557/631/557 556/633/556 570/649/570
f 570/649/570 556/633/556 554/634/554
f 576/651/576 581/652/581 567/637/567
f 581/652/581 580/669/580 566/638/566
f 566/638/566 580/669/580 579/653/579
f 579/655/579 578/672/578 564/656/564
f 564/656/564 578/672/578 577/657/577
f 577/657/577 575/675/575 561/658/561
f 569/644/569 574/643/574 588/659/588
f 574/643/574 573/645/573 587/661/587
f 573/645/573 572/646/572 586/662/586
f 572/648/572 571/647/571 585/663/585
f 585/663/585 571/647/571 570/649/570
f 570/649/570 568/650/568 582/666/582
f 590/667/590 595/668/595 581/652/581
f 595/668/595 594/670/594 580/669/580
f 594/670/594 593/686/593 579/653/579
f 593/671/593 592/673/592 578/672/578
f 592/673/592 591/674/591 577/657/577
f 591/674/591 589/690/589 575/675/575
f 597/676/597 583/660/583 588/659/588
f 602/677/602 588/659/588 587/661/587
f 587/661/587 586/662/586 600/679/600
f 586/664/586 585/663/585 599/680/599
f 585/663/585 584/665/584 598/682/598
f 584/665/584 582/666/582 596/683/596
f 590/667/590 604/700/604 609/684/609
f 595/668/595 609/684/609 608/685/608
f 608/685/608 607/703/607 593/686/593
f 607/687/607 606/688/606 592/673/592
f 606/688/606 605/689/605 591/674/591
f 605/689/605 603/706/603 589/690/589
f 597/676/597 602/677/602 616/691/616
f 602/677/602 601/678/601 615/693/615
f 601/678/601 600/679/600 614/694/614
f 600/681/600 599/680/599 613/695/613
f 599/680/599 598/682/598 612/697/612
f 598/682/598 596/683/596 610/698/610
f 618/699/618 623/701/623 609/684/609
f 623/701/623 622/702/622 608/685/608
f 622/702/622 621/718/621 607/703/607
f 621/704/621 620/720/620 606/688/606
f 606/688/606 620/720/620 619/705/619
f 619/705/619 617/723/617 603/706/603
f 611/692/611 616/691/616 630/707/630
f 616/691/616 615/693/615 629/709/629
f 629/709/629 615/693/615 614/694/614
f 614/696/614 613/695/613 627/711/627
f 627/711/627 613/695/613 612/697/612
f 612/697/612 610/698/610 624/714/624
f 632/715/632 637/716/637 623/701/623
f 637/716/637 636/717/636 622/702/622
f 636/717/636 635/735/635 621/718/621
f 635/719/635 634/721/634 620/720/620
f 634/721/634 633/738/633 619/705/619
f 619/705/619 633/738/633 631/722/631
f 625/708/625 630/707/630 644/724/644
f 630/707/630 629/709/629 643/726/643
f 629/709/629 628/710/628 642/727/642
f 628/712/628 627/711/627 641/728/641
f 641/728/641 627/711/627 626/713/626
f 626/713/626 624/714/624 638/731/638
f 646/732/646 651/733/651 637/716/637
f 651/733/651 650/734/650 636/717/636
f 650/734/650 649/751/649 635/735/635
f 649/736/649 648/737/648 634/721/634
f 648/737/648 647/754/647 633/738/633
f 633/738/633 647/754/647 645/739/645
f 639/725/639 644/724/644 658/740/658
f 658/740/658 644/724/644 643/726/643
f 657/742/657 643/726/643 642/727/642
f 642/729/642 641/728/641 655/744/655
f 655/744/655 641/728/641 640/730/640
f 640/730/640 638/731/638 652/747/652
f 660/748/660 665/749/665 651/733/651
f 665/749/665 664/766/664 650/734/650
f 650/734/650 664/766/664 663/750/663
f 663/752/663 662/767/662 648/737/648
f 648/737/648 662/767/662 661/753/661
f 647/754/647 661/753/661 659/755/659
f 653/741/653 658/740/658 672/756/672
f 658/740/658 657/742/657 671/758/671
f 657/742/657 656/743/656 670/759/670
f 670/760/670 656/745/656 655/744/655
f 655/744/655 654/746/654 668/762/668
f 654/746/654 652/747/652 666/763/666
f 2/764/2 7/775/7 665/749/665
f 665/749/665 7/775/7 6/765/6
f 6/765/6 5/776/5 663/750/663
f 5/10/5 4/9/4 662/767/662
f 662/767/662 4/9/4 3/12/3
f 661/753/661 3/12/3 1/14/1
f 667/757/667 672/756/672 14/768/14
f 672/756/672 671/758/671 13/770/13
f 13/770/13 671/758/671 670/759/670
f 670/760/670 669/761/669 11/772/11
f 669/761/669 668/762/668 10/24/10
f 668/762/668 666/763/666 8/26/8
f 659/755/659 1/14/1 15/34/15
f 15/34/15 29/50/29 43/66/43
f 43/66/43 57/82/57 71/99/71
f 71/99/71 85/114/85 99/130/99
f 99/130/99 113/147/113 127/146/127
f 127/146/127 141/163/141 155/179/155
f 155/179/155 169/194/169 183/226/183
f 183/226/183 197/242/197 211/258/211
f 211/258/211 225/274/225 239/291/239
f 239/291/239 253/306/253 267/322/267
f 267/322/267 281/339/281 295/338/295
f 295/338/295 309/355/309 323/371/323
f 323/371/323 337/386/337 351/418/351
f 351/418/351 365/434/365 379/450/379
f 379/450/379 393/466/393 407/483/407
f 407/483/407 421/498/421 435/514/435
f 435/514/435 449/531/449 463/530/463
f 463/530/463 477/547/477 491/563/491
f 491/563/491 505/578/505 519/610/519
f 519/610/519 533/626/533 547/642/547
f 547/642/547 561/658/561 575/675/575
f 575/675/575 589/690/589 603/706/603
f 603/706/603 617/723/617 631/722/631
f 631/722/631 645/739/645 659/755/659
f 659/755/659 15/34/15 43/66/43
f 43/66/43 71/99/71 99/130/99
f 99/130/99 127/146/127 155/179/155
f 155/179/155 183/226/183 211/258/211
f 211/258/211 239/291/239 267/322/267
f 267/322/267 295/338/295 323/371/323
f 323/371/323 351/418/351 379/450/379
f 379/450/379 407/483/407 435/514/435
f 435/514/435 463/530/463 491/563/491
f 491/563/491 519/610/519 547/642/547
f 547/642/547 575/675/575 603/706/603
f 603/706/603 631/722/631 659/755/659
f 659/755/659 43/66/43 99/130/99
f 99/130/99 155/179/155 211/258/211
f 211/258/211 267/322/267 323/371/323
f 323/371/323 379/450/379 435/514/435
f 435/514/435 491/563/491 547/642/547
f 547/642/547 603/706/603 659/755/659
f 659/755/659 99/130/99 211/258/211
f 211/258/211 323/371/323 435/514/435
f 435/514/435 547/642/547 659/755/659
f 9/15/9 23/17/23 16/1/16
f 667/757/667 9/769/9 2/764/2
f 36/42/36 22/27/22 8/26/8
f 8/26/8 666/763/666 652/747/652
f 652/747/652 638/731/638 624/714/624
f 624/714/624 610/698/610 596/683/596
f 596/683/596 582/666/582 568/650/568
f 568/650/568 554/634/554 540/618/540
f 540/618/540 526/603/526 512/586/512
f 512/586/512 498/571/498 484/555/484
f 484/555/484 470/539/470 456/522/456
f 456/522/456 442/506/442 428/491/428
f 428/491/428 414/474/414 400/458/400
f 400/458/400 386/442/386 372/426/372
f 372/426/372 358/411/358 344/394/344
f 344/394/344 330/379/330 316/363/316
f 316/363/316 302/347/302 288/330/288
f 288/330/288 274/314/274 260/299/260
f 260/299/260 246/282/246 232/266/232
f 232/266/232 218/250/218 204/234/204
f 204/234/204 190/219/190 176/202/176
f 176/202/176 162/187/162 148/171/148
f 148/171/148 134/155/134 120/138/120
f 120/138/120 106/122/106 92/107/92
f 92/107/92 78/90/78 64/74/64
f 64/74/64 50/58/50 36/42/36
f 36/42/36 8/26/8 652/747/652
f 652/747/652 624/714/624 596/683/596
f 596/683/596 568/650/568 540/618/540
f 540/618/540 512/586/512 484/555/484
f 484/555/484 456/522/456 428/491/428
f 428/491/428 400/458/400 372/426/372
f 372/426/372 344/394/344 316/363/316
f 316/363/316 288/330/288 260/299/260
f 260/299/260 232/266/232 204/234/204
f 204/234/204 176/202/176 148/171/148
f 148/171/148 120/138/120 92/107/92
f 92/107/92 64/74/64 36/42/36
f 36/42/36 652/747/652 596/683/596
f 596/683/596 540/618/540 484/555/484
f 484/555/484 428/491/428 372/426/372
f 372/426/372 316/363/316 260/299/260
f 260/299/260 204/234/204 148/171/148
f 148/171/148 92/107/92 36/42/36
f 36/42/36 596/683/596 484/555/484
f 484/555/484 372/426/372 260/299/260
f 260/299/260 148/171/148 36/42/36
f 23/17/23 37/36/37 30/28/30
f 37/36/37 51/52/51 44/43/44
f 51/52/51 65/68/65 58/59/58
f 65/68/65 79/84/79 72/75/72
f 79/84/79 93/100/93 86/91/86
f 93/100/93 107/116/107 100/124/100
f 107/116/107 121/132/121 114/123/114
f 121/132/121 135/149/135 128/139/128
f 135/149/135 149/165/149 142/156/142
f 149/165/149 163/181/163 156/172/156
f 163/181/163 177/196/177 170/188/170
f 177/196/177 191/213/191 184/203/184
f 191/213/191 205/228/205 198/220/198
f 205/228/205 219/244/219 212/235/212
f 219/244/219 233/260/233 226/251/226
f 233/260/233 247/276/247 240/267/240
f 247/276/247 261/292/261 254/283/254
f 261/292/261 275/308/275 268/316/268
f 275/308/275 289/324/289 282/315/282
f 289/324/289 303/341/303 296/331/296
f 303/341/303 317/357/317 310/348/310
f 317/357/317 331/373/331 324/364/324
f 331/373/331 345/388/345 338/380/338
f 345/388/345 359/405/359 352/395/352
f 359/405/359 373/420/373 366/412/366
f 373/420/373 387/436/387 380/427/380
f 387/436/387 401/452/401 394/443/394
f 401/452/401 415/468/415 408/459/408
f 415/468/415 429/484/429 422/475/422
f 429/484/429 443/500/443 436/508/436
f 443/500/443 457/516/457 450/507/450
f 457/516/457 471/533/471 464/523/464
f 471/533/471 485/549/485 478/540/478
f 485/549/485 499/565/499 492/556/492
f 499/565/499 513/580/513 506/572/506
f 513/580/513 527/597/527 520/587/520
f 527/597/527 541/612/541 534/604/534
f 541/612/541 555/628/555 548/619/548
f 555/628/555 569/644/569 562/635/562
f 569/644/569 583/660/583 576/651/576
f 583/660/583 597/676/597 590/667/590
f 597/676/597 611/692/611 604/700/604
f 611/692/611 625/708/625 618/699/618
f 625/708/625 639/725/639 632/715/632
f 639/725/639 653/741/653 646/732/646
f 653/741/653 667/757/667 660/748/660
